name,address_street_address,address_locality,address_region,address_postcode,lat,lng,email_address,website_address,minicom,notes,provides_face_to_face,provides_telephone,provides_web,created_at,updated_at,telephone_en,telephone_cy,region_england,region_northern_ireland,region_scotland,region_wales,website_address_text,notes_cy,debt_advice_locator_organisation_standard_id,display_in_accredited_list,standard_ids
Citizens Advice Greater Manchester,Langworthy Centre451 Liverpool Street,SALFORD,,M6 5QQ,53.48378,-2.29684,,,,,TRUE,FALSE,FALSE,,24/8/2023,,,TRUE,FALSE,FALSE,FALSE,,,,,4
Citizens Advice West Somerset,"The Lane Centre,Market House Lane,",MINEHEAD,Somerset,TA24 5NW,51.206221953050985,-3.4779441722105964,,https://citizensadvicewestsomerset.org.uk/,,,TRUE,FALSE,FALSE,,11/11/2025,0800 802 1808,,TRUE,FALSE,FALSE,FALSE,,,,,4
Citizens Advice Liverpool (Walton),37/39 Walton Road,LIVERPOOL,Merseyside,L4 4AD,53.4311,-2.97601,,https://www.citizensadviceliverpool.org.uk,,,TRUE,FALSE,FALSE,,3/3/2026,0808 278 7840,,TRUE,FALSE,FALSE,FALSE,,,,,4
Citizens Advice Liverpool,"Liverpool Innovation Park, Digital Way, Edge Lane",Liverpool,Merseyside,L7 9NJ,53.40889,-2.93433,,https://www.citizensadviceliverpool.org.uk,,,TRUE,FALSE,FALSE,,2/3/2026,0808 278 7840,,TRUE,FALSE,FALSE,FALSE,,,,,4
Citizens Advice Northumberland (Hexham),"The Community Centre, Gilesgate,",HEXHAM,Northumberland,NE46 3NP,54.97257893770952,-2.1032163498686236,,https://www.citizensadvicenorthumberland.org.uk,,,TRUE,FALSE,FALSE,,9/7/2025,08082787944,,TRUE,FALSE,FALSE,FALSE,,,,,4
Citizens Advice Northumberland (Berwick),5 Tweed Street,BERWICK-UPON-TWEED,Northumberland,TD15 1NG,55.77249,-2.00941,,https://www.citizensadvicenorthumberland.org.uk,,,TRUE,FALSE,FALSE,,9/7/2025,08082787944,,TRUE,FALSE,FALSE,FALSE,,,,,4
Citizens Advice Northumberland (Ashington),Registry Office Post Office Chambers Station Road,ASHINGTON,Northumberland,NE63 8RH,55.18316,-1.57394,,https://www.citizensadvicenorthumberland.org.uk,,,TRUE,FALSE,FALSE,,9/7/2025,08082787944,,TRUE,FALSE,FALSE,FALSE,,,,,4
Citizens Advice Northumberland (Blyth),"Unit 9/10 Sextant HouseFreehold St ,",BLYTH,Northumberland,NE24 2BA,55.12747,-1.50418,,https://www.citizensadvicenorthumberland.org.uk,,,TRUE,FALSE,FALSE,,9/7/2025,08082787944,,TRUE,FALSE,FALSE,FALSE,,,,,4
Citizens Advice Northumberland (Amble),"The Fourways,Bridge Street,",AMBLE,Northumberland,NE65 0DR,55.3338,-1.58267,,https://www.citizensadvicenorthumberland.org.uk,,,TRUE,FALSE,FALSE,,9/7/2025,08082787944,,TRUE,FALSE,FALSE,FALSE,,,,,4
Citizens Advice Northumberland (Cramlington),Hub at Cramlington Forum Way Cramlington,CRAMLINGTON,Northumberland,NE23 6YB,55.08471,-1.5936008400781312,,https://www.citizensadvicenorthumberland.org.uk,,,TRUE,FALSE,FALSE,,9/7/2025,08082787944,,TRUE,FALSE,FALSE,FALSE,,,,,4
Citizens Advice Northumberland (Morpeth),Morpeth Comrades Club 4C Market Place,MORPETH,,NE61 1HG,55.16809,-1.69018,,https://www.citizensadvicenorthumberland.org.uk,,,TRUE,FALSE,FALSE,,10/9/2025,08082787944,,TRUE,FALSE,FALSE,FALSE,,,,,4
Citizens Advice Northumberland (Alnwick),Adult Learning Centre Lindisfarne Middle School Lindisfarne Road,ALNWICK,Northumberland,NE66 1AX,55.40582,-1.7015,,https://www.citizensadvicenorthumberland.org.uk,,,TRUE,FALSE,FALSE,,9/7/2025,08082787944,,TRUE,FALSE,FALSE,FALSE,,,,,4
Citizens Advice Northumberland (Prudhoe),"The Manors, Adderlane Road",Prudhoe,,NE42 5ET,54.96313,-1.83973,,https://www.citizensadvicenorthumberland.org.uk,,,TRUE,FALSE,FALSE,,9/7/2025,0808 278 7944,,TRUE,FALSE,FALSE,FALSE,,,,,4
Bedlington,East Bedlington Community Centre 16-17 Station Road,Bedlington,,NE22 7JN,55.13923750291638,-1.5702751524364005,,www.citizensadvicenorthumberland.org.uk,,,TRUE,FALSE,FALSE,,9/7/2025,0808 278 7944,,TRUE,FALSE,FALSE,FALSE,,,,,4
Haltwhistle,Haltwhistle Community Hub First Floor - Room 3 Mechanics Institute Westgate,Haltwhistle,,NE49 0AX,54.9697,-2.4618,,https://www.citizensadvicenorthumberland.org.uk/,,,TRUE,FALSE,FALSE,,9/7/2025,0808 278 7944,,TRUE,FALSE,FALSE,FALSE,,,,,4
Citizens Advice County Durham (Spennymoor),71 High Street,SPENNYMOOR,County Durham,DL16 6BB,54.69835,-1.60376,,https://www.citizensadvicecd.org.uk,,,TRUE,FALSE,FALSE,,8/12/2025,08082787821,,TRUE,FALSE,FALSE,FALSE,,,,,4
Citizens Advice County Durham (Seaham),"Shakespeare House,Shakespeare Street,",Seaham,,SR7 7JB,54.835745,-1.332755,,https://www.citizensadvicecd.org.uk,,,TRUE,FALSE,FALSE,,4/12/2025,0808 2787821,,TRUE,FALSE,FALSE,FALSE,,,,,4
Citizens Advice County Durham (Durham City),Durham City Methodist Church North Road,DURHAM,County Durham,DH1 4SF,54.77784,-1.58249,,https://www.citizensadvicecd.org.uk,,,TRUE,FALSE,FALSE,,4/12/2025,08082787821,,TRUE,FALSE,FALSE,FALSE,,,,,4
Citizens Advice County Durham (Stanley),"The Venue, Wear Road,",STANLEY,,DH9 6LU,54.867395,-1.6974550000000002,,https://www.citizensadvicecd.org.uk,,,TRUE,FALSE,FALSE,,4/12/2025,08082787821,,TRUE,FALSE,FALSE,FALSE,,,,,4
Citizens Advice Somerset,"Citizens Advice Somerset, St. Mary's House, Magdalene Street",Taunton,Somerset,TA1 1SB,51.015706000642965,-3.099660366008521,,https://www.citizensadvicesomerset.org.uk,,,TRUE,FALSE,FALSE,,28/7/2025,0808 278 7842,,TRUE,FALSE,FALSE,FALSE,,,,,4
Citizens Advice South Hams,"Follaton House,Plymouth Road,",Totnes,Devon,TQ9 5EZ,50.43237,-3.711545,,https://southhamscab.org.uk/,,,TRUE,FALSE,FALSE,,28/1/2026,0808 278 79 48,,TRUE,FALSE,FALSE,FALSE,,,,,4
Newton Abbot (Teignbridge) Citizens Advice,36-38 Market Walk,NEWTON ABBOT,Devon,TQ12 2RX,50.53051,-3.61105,,https://citizensadviceteignbridge.org.uk,,,TRUE,FALSE,FALSE,,11/12/2025,0808 278 7997,,TRUE,FALSE,FALSE,FALSE,,,,,4
Citizens Advice Torbay,29 Palace Avenue,PAIGNTON,Devon,TQ3 3EQ,50.43559443304511,-3.5695405016999926,,https://www.citizensadvicetorbay.org.uk,,,TRUE,FALSE,FALSE,,5/2/2026,0808 2787859,,TRUE,FALSE,FALSE,FALSE,,,,,4
Plymouth Citizens Advice,"3rd Floor Cobourg House, 32 Mayflower Street (Office address, See below for drop in address)",PLYMOUTH,Devon,PL1 1QX,50.37369,-4.14075,,https://www.citizensadviceplymouth.org.uk,,,TRUE,FALSE,FALSE,,18/2/2026,08082787910,,TRUE,FALSE,FALSE,FALSE,,,,,4
Citizens Advice Cornwall (Saltash),"Ground Floor,18 Belle Vue Road,",SALTASH,Cornwall,PL12 6ES,50.40961541021479,-4.213397732398198,,https://www.citizensadvicecornwall.org.uk,,,TRUE,FALSE,FALSE,,27/1/2026,0808 812 7156,,TRUE,FALSE,FALSE,FALSE,,,,,4
Citizens Advice Cornwall (Liskeard),"Duchy House,21 Dean Street,",LISKEARD,Cornwall,PL14 4AB,50.45396497222409,-4.466457419023762,,https://www.citizensadvicecornwall.org.uk,,,TRUE,FALSE,FALSE,,10/12/2025,0808 812 7156,,TRUE,FALSE,FALSE,FALSE,,,,,4
Citizens Advice Cornwall (Truro),"The Library,Union Place,",TRURO,Cornwall,TR1 1EP,50.26499128228624,-5.051386689453371,,https://www.citizensadvicecornwall.org.uk,,,TRUE,FALSE,FALSE,,27/1/2026,0808 812 7156,,TRUE,FALSE,FALSE,FALSE,,,,,4
Citizens Advice Cornwall (Penzance),YMCA Alverton Road,PENZANCE,Cornwall,TR18 4TE,50.11657,-5.54806,,https://www.citizensadvicecornwall.org.uk,,,TRUE,FALSE,FALSE,,27/1/2026,0808 812 7156,,TRUE,FALSE,FALSE,FALSE,,,,,4
Citizens Advice Cornwall (Camborne),"Camborne Community Centre,South Terrace,",CAMBORNE,Cornwall,TR14 8SU,50.21076,-5.29867,,https://www.citizensadvicecornwall.org.uk,,,TRUE,FALSE,FALSE,,27/1/2026,0808 812 7156,,TRUE,FALSE,FALSE,FALSE,,,,,4
Citizens Advice Cornwall (Falmouth),"Mulberry Passage,Market Strand,",FALMOUTH,Cornwall,TR11 3DB,50.15628,-5.07128,,https://www.citizensadvicecornwall.org.uk,,,TRUE,FALSE,FALSE,,27/1/2026,0808 812 7156,,TRUE,FALSE,FALSE,FALSE,,,,,4
Exeter Citizens Advice,Dix's Field,EXETER,Devon,EX1 1QA,50.724334999999996,-3.52596,,https://exetercab.org.uk,,,TRUE,FALSE,FALSE,,9/2/2026,0808 278 7845,,TRUE,FALSE,FALSE,FALSE,,,,,4
Citizens Advice East Devon,67 Exeter Road,Exmouth,Devon,EX8 1QD,50.6238,-3.41116,,https://www.citizensadviceeastdevon.org/contact,,,TRUE,FALSE,FALSE,,20/11/2025,0808 250 5703,,TRUE,FALSE,FALSE,FALSE,,,,,4
"Torridge, North, Mid and West Devon Citizens Advice (Tiverton)","Tiverton Town Hall, St Andrew Street,",TIVERTON,Devon,EX16 6PG,50.90237,-3.48892,,https://www.citizensadvicetnmwd.org.uk,,,TRUE,FALSE,FALSE,,10/12/2025,Adviceline 0808 27 87 999,,TRUE,FALSE,FALSE,FALSE,,,,,4
"Torridge, North, Mid and West Devon Citizens Advice (Barnstaple)","1 - 3 Bridge Buildings, The Strand",BARNSTAPLE,Devon,EX32 8LW,51.07804,-4.05939,,https://www.citizensadvicetnmwd.org.uk,,,TRUE,FALSE,FALSE,,26/8/2025,Adviceline 0808 27 87 999,,TRUE,FALSE,FALSE,FALSE,,,,,4
"Torridge, North, Mid and West Devon Citizens Advice (Bideford)","Bideford Medical Centre, Abbotsham Road,",BIDEFORD,Devon,EX39 3AF,51.01712,-4.21161,,https://www.citizensadvicetnmwd.org.uk,,,TRUE,FALSE,FALSE,,4/11/2025,Adviceline 0808 27 87 999,,TRUE,FALSE,FALSE,FALSE,,,,,4
"Torridge, North, Mid and West Devon Citizens Advice (Tavistock)","Abbey Surgery, 28 Plymouth Road,",TAVISTOCK,Devon,PL19 8BU,50.54652,-4.15037,,https://www.citizensadvicetnmwd.org.uk,,,TRUE,FALSE,FALSE,,4/11/2025,Adviceline 0808 27 87 999,,TRUE,FALSE,FALSE,FALSE,,,,,4
"Torridge, North, Mid and West Devon Citizens Advice (Crediton)","The Lady Mills Centre, Deep Lane",CREDITON,Devon,EX17 2BX,50.792289999999994,-3.6560550000000003,,https://www.citizensadvicetnmwd.org.uk,,,TRUE,FALSE,FALSE,,18/8/2025,Adviceline 0808 27 87 999,,TRUE,FALSE,FALSE,FALSE,,,,,4
"Torridge, North, Mid and West Devon Citizens Advice (Okehampton)","The Ockment Centre, North Street,",OKEHAMPTON,Devon,EX20 1AR,50.740005309123426,-4.001474247298741,,https://www.citizensadvicetnmwd.org.uk,,,TRUE,FALSE,FALSE,,4/11/2025,Adviceline 0808 27 87 999,,TRUE,FALSE,FALSE,FALSE,,,,,4
Citizens Advice Henley,32 Market Place,HENLEY-ON-THAMES,Oxfordshire,RG9 2AH,51.53766,-.9059,,https://caox.org.uk,,,TRUE,FALSE,FALSE,,11/9/2025,0808 169 6031,,TRUE,FALSE,FALSE,FALSE,,,,,4
Citizens Advice Didcot,King Alfred Community Centre 2 King Alfred Drive,Didcot,Oxfordshire,OX11 7NU,51.60777,-1.24238,,https://caox.org.uk,,,TRUE,FALSE,FALSE,,5/2/2026,0808 1696031,,TRUE,FALSE,FALSE,FALSE,,,,,4
Citizens Advice Thame,"Market House,North Street,",THAME,Oxfordshire,OX9 3HH,51.74674,-.97673,,https://caox.org.uk,,,TRUE,FALSE,FALSE,,26/1/2026,0808 169 6031,,TRUE,FALSE,FALSE,FALSE,,,,,4
Citizens Advice Abingdon,"Abbey House, Abbey Close,",Abingdon,Oxfordshire.,OX14 3JD,51.67014,-1.27932,,https://caox.org.uk,,,TRUE,FALSE,FALSE,,5/2/2026,0808 1696031,,TRUE,FALSE,FALSE,FALSE,,,,,4
Citizens Advice Oxfordshire,"The Old Print House,Marlborough Lane,",WITNEY,Oxfordshire,OX28 6DY,51.78426,-1.48691,,https://www.citizensadvicewestoxon.org,,,TRUE,FALSE,FALSE,,25/2/2026,0808 169 6031,,TRUE,FALSE,FALSE,FALSE,,,,,4
Oxford Citizens Advice Bureau,"ADMIN OFFICE (No drop in available at this address) - Wesley Memorial Hall, New Inn Hall Street. See outreach (left of this box) for outreach drop in locations.",OXFORD,Oxfordshire,OX1 2DH,51.75303,-1.26083,,https://www.caox.org.uk/,,,TRUE,FALSE,FALSE,,16/10/2025,0808 169 6031,,TRUE,FALSE,FALSE,FALSE,,,,,4
Swindon Citizens Advice,"Sanford House,College Street entrance,Sanford Street",SWINDON,Wiltshire,SN1 1HE,51.56121,-1.78283,,https://www.citizensadviceswindon.org.uk,,,TRUE,FALSE,FALSE,,19/2/2026,0808 278 7813,,TRUE,FALSE,FALSE,FALSE,,,,,4
Bath & North East Somerset (Keynsham) Citizens Advice,"Keynsham Library & Information Service, Civic Centre, Market Walk, ,",Keynsham,Bath & North East Somerset,BS31 1FS,51.41412,-2.49703,,https://www.citizensadvicebanes.org.uk,,,TRUE,FALSE,FALSE,,15/12/2025,0808 2787897,,TRUE,FALSE,FALSE,FALSE,,,,,4
Bath & North East Somerset (Bath City Centre) Citizens Advice Bureau,"3-4 Manvers Street,",BATH,Somerset,BA1 1JQ,51.37964864859793,-2.3572049012996934,,https://www.citizensadvicebanes.org.uk,,,TRUE,FALSE,FALSE,,10/12/2025,0808 2787897,,TRUE,FALSE,FALSE,FALSE,,,,,4
Bath & North East Somerset (Midsomer Norton) Citizens Advice,"The Hollies,High Street,",MIDSOMER NORTON,Somerset,BA3 2DP,51.28608,-2.4815050000000003,,https://www.citizensadvicebanes.org.uk,,,TRUE,FALSE,FALSE,,15/12/2025,0808 2787897,,TRUE,FALSE,FALSE,FALSE,,,,,4
Wiltshire Citizens Advice - Devizes,New Park Street,DEVIZES,Wiltshire,SN10 1DY,51.35423178575104,-1.9968496422323097,,https://www.citizensadvicewiltshire.org.uk,,,TRUE,FALSE,FALSE,,5/1/2026,0808 278 7995,,TRUE,FALSE,FALSE,FALSE,,,,,4
Wiltshire Citizens Advice - Trowbridge,"Trinity House, Bryer Ash Business Park",TROWBRIDGE,Wiltshire,BA14 8HE,51.32027,-2.21527,,https://www.citizensadvicewiltshire.org.uk,,,TRUE,FALSE,FALSE,,5/1/2026,0808 278 7995,,TRUE,FALSE,FALSE,FALSE,,,,,4
Wiltshire Citizens Advice - Salisbury,"Unit 6B, Ashfield Trading Estate, Ashfield Road",SALISBURY,Wiltshire,SP2 7HL,51.07289,-1.8131,,https://www.citizensadvicewiltshire.org.uk,,,TRUE,FALSE,FALSE,,5/1/2026,0808 278 7995,,TRUE,FALSE,FALSE,FALSE,,,,,4
Wiltshire Citizens Advice - Chippenham,"Jubilee Building, 32 Market Place",CHIPPENHAM,Wiltshire,SN15 3HP,51.45767,-2.11312,,https://www.citizensadvicewiltshire.org.uk,,,TRUE,FALSE,FALSE,,5/1/2026,0808 278 7995,,TRUE,FALSE,FALSE,FALSE,,,,,4
Citizens Advice Bristol,48 Fairfax Street,BRISTOL,Bristol,BS1 3BL,51.45596,-2.59109,,https://www.bristolcab.org.uk/,,,TRUE,FALSE,FALSE,,20/12/2024,0808 278 7957,,TRUE,FALSE,FALSE,FALSE,,,,,4
South Gloucestershire (Yate) Citizens Advice,"Unit 1 Badminton Court, Station Road",YATE,South Gloucestershire,BS37 5HZ,51.541,-2.43089,,https://www.southgloscab.org.uk,,,TRUE,FALSE,FALSE,,13/2/2026,0808 278 7947,,TRUE,FALSE,FALSE,FALSE,,,,,4
North and West Gloucestershire Citizens Advice,Messenger House 35 St Michaels Square,GLOUCESTER,Gloucestershire,GL1 1HX,51.86161,-2.24557,,https://www.gloscab.org.uk,,,TRUE,FALSE,FALSE,,3/3/2026,0808 189 6280,,TRUE,FALSE,FALSE,FALSE,,,,,4
Cheltenham,Municipal Offices Promenade,CHELTENHAM,,GL50 9SA,51.89913,-2.07811,,https://www.gloscab.org.uk,,,TRUE,FALSE,FALSE,,23/9/2025,0808 189 6280,,TRUE,FALSE,FALSE,FALSE,,,,,4
Forest of Dean Citizens Advice,"Ow Bist, Forest Community Space, Dockham Road",CINDERFORD,Gloucestershire,GL14 2AQ,51.823845000000006,-2.498035,,https://www.gloscab.org.uk,,,TRUE,FALSE,FALSE,,23/9/2025,0808 189 6280,,TRUE,FALSE,FALSE,FALSE,,,,,4
Tewkesbury Citizens Advice,"Tewkesbury Council Offices, Gloucester Road",TEWKESBURY,Glos.,GL20 5TT,51.98619017993263,-2.1625910282603487,,www.gloscab.org.uk,,,TRUE,FALSE,FALSE,,23/9/2025,0808 189 6280,,TRUE,FALSE,FALSE,FALSE,,,,,4
Citizens Advice North Somerset,"Unit 27, The Sovereign",WESTON-SUPER-MARE,North Somerset,BS23 1HL,51.34851,-2.98027,,https://www.nscab.org.uk,,,TRUE,FALSE,FALSE,,13/2/2026,0808 278 7973,,TRUE,FALSE,FALSE,FALSE,,,,,4
Citizens Advice Stroud and Cotswold Districts - Cotswold,"2-3 The Mews,Cricklade Street,",CIRENCESTER,Gloucestershire,GL7 1HY,51.716896491636064,-1.9684442030595701,,https://citizensadvice-stroudandcotswold.org.uk/,,,TRUE,FALSE,FALSE,,17/7/2025,0808 800 0511,,TRUE,FALSE,FALSE,FALSE,,,,,4
Citizens Advice Stroud and Cotswold Districts - Stroud,"Unit 8, 1st Floor, Brunel Mall, London Road",STROUD,Gloucestershire,GL5 2BP,51.74347,-2.21605,,https://www.citizensadvice-stroudandcotswold.org.uk,,,TRUE,FALSE,FALSE,,7/1/2026,0808 8000510,,TRUE,FALSE,FALSE,FALSE,,,,,4
New Forest Citizens Advice (Lymington),Town Hall Avenue Road,Lymington,Hampshire,SO41 9ZG,50.76051,-1.54657,,https://www.newforestcab.org.uk,,,TRUE,FALSE,FALSE,,2/3/2026,0808 278 7860,,TRUE,FALSE,FALSE,FALSE,,,,,4
New Forest Citizens Advice (Ringwood),"Ringwood Library ,Christchurch Road ,",RINGWOOD,Hampshire,BH24 1DW,50.84449,-1.78855,,https://www.newforestcab.org.uk,,,TRUE,FALSE,FALSE,,2/3/2026,0808 278 7860,,TRUE,FALSE,FALSE,FALSE,,,,,4
New Forest Citizens Advice (Hythe),"Hythe Library, 38 Pylewell Rd,",Hythe,Hampshire,SO45 6AQ,50.86923,-1.40009,,https://www.newforestcab.org.uk,,,TRUE,FALSE,FALSE,,2/3/2026,0808 278 7860,,TRUE,FALSE,FALSE,FALSE,,,,,4
New Forest Citizens Advice (Totton),"91 Junction Road,Totton,",SOUTHAMPTON,Hampshire,SO40 3BU,50.91789,-1.4874,,https://www.newforestcab.org.uk,,,TRUE,FALSE,FALSE,,2/3/2026,0808 278 7860,,TRUE,FALSE,FALSE,FALSE,,,,,4
New Forest Citizens Advice (New Milton),Town Hall 2 Ashley Road,New Milton,,BH25 6AS,50.75316,-1.65407,,https://www.newforestcab.org.uk,,,TRUE,FALSE,FALSE,,2/3/2026,0808 278 7860,,TRUE,FALSE,FALSE,FALSE,,,,,4
Citizens Advice in East Dorset and Purbeck (Wimborne),Hanham Road,Wimborne,Dorset,BH21 1AS,50.80074,-1.984901268261473,,https://www.edpcitizensadvice.org.uk,,,TRUE,FALSE,FALSE,,1/12/2025,0800 144 8848,,TRUE,FALSE,FALSE,FALSE,,,,,4
Citizens Advice in East Dorset and Purbeck (Wareham),Mill Lane,WAREHAM,Dorset,BH20 4RA,50.685845,-2.11091,,www.edpcitizensadvice.org.uk,,,TRUE,FALSE,FALSE,,1/12/2025,0800 144 8848,,TRUE,FALSE,FALSE,FALSE,,,,,4
Central Dorset Citizens Advice (Sherborne),"MANOR HOUSE, NEWLAND",SHERBORNE,Dorset,DT9 3JL,50.95033,-2.51431,,https://www.centraldorsetca.org.uk,,,TRUE,FALSE,FALSE,,21/1/2025,0800 144 8848,,TRUE,FALSE,FALSE,FALSE,,,,,4
Central Dorset Citizens Advice (Weymouth & Portland),"Weymouth Library and Learning Centre, Great George Street,",WEYMOUTH,Dorset,DT4 8NN,50.611720000000005,-2.454805,,https://www.centraldorsetca.org.uk,,,TRUE,FALSE,FALSE,,9/1/2025,0800 144 88 48,,TRUE,FALSE,FALSE,FALSE,,,,,4
Central Dorset Citizens Advice (North Dorset),"4 Newbury Court,",GILLINGHAM,Dorset,SP8 4QX,51.035228981359474,-2.2687834946050742,,https://www.centraldorsetca.org.uk,,,TRUE,FALSE,FALSE,,11/12/2025,0800 144 8848,,TRUE,FALSE,FALSE,FALSE,,,,,4
Central Dorset Citizens Advice (Dorchester),1 Acland Road,DORCHESTER,Dorset,DT1 1JW,50.714468741630576,-2.4352660098160825,,https://www.centraldorsetca.org.uk,,,TRUE,FALSE,FALSE,,11/12/2025,0800 1448848,,TRUE,FALSE,FALSE,FALSE,,,,,4
Bridport and District Citizens Advice,45 South Street,BRIDPORT,Dorset,DT6 3NY,50.73159234600924,-2.7579624731317756,,https://www.citizensadvice.org.uk/local/bridport-district/contact-us/,,,TRUE,FALSE,FALSE,,10/6/2025,0800 144 88 48,,TRUE,FALSE,FALSE,FALSE,,,,,4
"Citizens Advice Bournemouth, Christchurch and Poole (Poole Office)","Poole Library Dolphin Centre, Poole, Dorset",POOLE,Dorset,BH15 1QE,50.71801610180389,-1.9781988144311342,,https://citizensadvicebcp.org.uk/get-advice/,,,TRUE,FALSE,FALSE,,1/7/2025,0808 278 7939,,TRUE,FALSE,FALSE,FALSE,,,,,4
"Citizens Advice Bournemouth, Christchurch and Poole (Christchurch office)",Christchurch Central Library,CHRISTCHURCH,,BH23 1AW,50.73451,-1.77762,,https://citizensadvicebcp.org.uk/get-advice/,,,TRUE,FALSE,FALSE,,1/7/2025,0808 278 7939,,TRUE,FALSE,FALSE,FALSE,,,,,4
Citizens Advice Bournemouth Christchurch and Poole (Bournemouth),"BCP Civic Centre, Bourne Avenue",BOURNEMOUTH,Dorset,BH2 6DX,50.72156618482924,-1.881435823451174,,https://citizensadvicebcp.org.uk/get-advice/,,,TRUE,FALSE,FALSE,,28/1/2026,0808 278 7939,,TRUE,FALSE,FALSE,FALSE,,,,,4
Citizens Advice Arun & Chichester - Littlehampton Library,"Littlehampton Library, Maltravers Road",LITTLEHAMPTON,West Sussex,BN17 5NA,50.808,-.53804,,https://www.arunchichestercab.org.uk,,,TRUE,FALSE,FALSE,,9/1/2026,08082787969,,TRUE,FALSE,FALSE,FALSE,,,,,4
Citizens Advice Arun & Chichester - Bognor Regis,"10A The Arcade, Belmont Street,",BOGNOR REGIS,West Sussex,PO21 1LH,50.78305,-.671985,,https://www.arunchichestercab.org.uk,,,TRUE,FALSE,FALSE,,10/7/2025,08082787969,,TRUE,FALSE,FALSE,FALSE,,,,,4
Citizens Advice Arun & Chichester - Chichester,"East Pallant House,1 East Pallant,",CHICHESTER,West Sussex,PO19 1TY,50.83528569753544,-.7765587075096471,,https://www.arunchichestercab.org.uk,,,TRUE,FALSE,FALSE,,4/9/2025,08082787969,,TRUE,FALSE,FALSE,FALSE,,,,,4
"Citizens Advice Arun & Chichester - Littlehampton, Wick Surgery","66 Clun Road,",LITTLEHAMPTON,,BN17 7EB,50.81472,-.54871,,https://www.arunchichestercab.org.uk/,,,TRUE,FALSE,FALSE,,10/7/2025,08082787969,,TRUE,FALSE,FALSE,FALSE,,,,,4
Citizens Advice Shoreham-by-Sea,"The Shoreham Centre, Pond Road",SHOREHAM-BY-SEA,West Sussex,BN43 5WU,50.83407,-.27534,,https://www.advicewestsussex.org.uk,,,TRUE,FALSE,FALSE,,10/2/2026,0808 278 7969,,TRUE,FALSE,FALSE,FALSE,,,,,4
Citizens Advice Worthing,"Worthing Town Hall,Chapel Road,",WORTHING,West Sussex,BN11 1HA,50.81473,-.37183,,https://www.advicewestsussex.org.uk,,,TRUE,FALSE,FALSE,,10/2/2026,0808 278 7969,,TRUE,FALSE,FALSE,FALSE,,,,,4
Citizens Advice Haywards Heath,"Oaklands,Paddockhall Road,",Haywards Heath,West Sussex,RH16 1HG,51.00139,-.11006,,https://www.advicewestsussex.org.uk,,,TRUE,FALSE,FALSE,,10/2/2026,0808 278 7969,,TRUE,FALSE,FALSE,FALSE,,,,,4
Citizens Advice East Grinstead,"East Grinstead Library,32-40 West Street,",EAST GRINSTEAD,West Sussex,RH19 4SR,51.12395,-.01037,,https://www.advicewestsussex.org.uk,,,TRUE,FALSE,FALSE,,10/2/2026,0808 278 7969,,TRUE,FALSE,FALSE,FALSE,,,,,4
Citizens Advice Crawley,"The Orchard,1-2 Gleneagles Court,Brighton Road, Southgate",CRAWLEY,West Sussex,RH10 6AD,51.1109962953607,-.19063048832193344,,https://www.advicewestsussex.org.uk,,,TRUE,FALSE,FALSE,,10/2/2026,0808 278 7969,,TRUE,FALSE,FALSE,FALSE,,,,,4
Citizens Advice Burgess Hill (Help Point),"Burgess Hill Town Council Help Point,96 Church Walk,",BURGESS HILL,West Sussex,RH15 9BN,50.95665,-.13285,,https://www.advicewestsussex.org.uk,,,TRUE,FALSE,FALSE,,12/12/2023,0808 278 7969,,TRUE,FALSE,FALSE,FALSE,,,,,4
Citizens Advice Horsham,Lower Tanbridge Way,HORSHAM,West Sussex,RH12 1PJ,51.06236637430408,-.3324768004894965,,https://www.advicewestsussex.org.uk,,,TRUE,FALSE,FALSE,,10/2/2026,0808 278 7969,,TRUE,FALSE,FALSE,FALSE,,,,,4
Citizens Advice Burgess Hill (Library),"Burgess Hill Library,The Martlets,",BURGESS HILL,Sussex,RH15 9NN,50.95602,-.13213,,https://www.advicewestsussex.org.uk,,,TRUE,FALSE,FALSE,,10/11/2025,0808 278 7969,,TRUE,FALSE,FALSE,FALSE,,,,,4
Tadley Citizens Advice,Franklin Avenue,Tadley,Hampshire,RG26 4ET,51.35683,-1.143535,,https://www.catadley.org,,,TRUE,FALSE,FALSE,,28/11/2025,0808 2 78 79 87,,TRUE,FALSE,FALSE,FALSE,,,,,4
Guernsey Citizens Advice Bureau,"Grow Hub, Petites Quartiers Vinery, Coutanchez, St Sampsons,",GUERNSEY,Channel Islands,GY2 4GE,49.47894,-2.51655,,https://www.citizensadvice.org.gg,,,TRUE,FALSE,FALSE,,5/2/2025,01481 242266,,TRUE,FALSE,FALSE,FALSE,,,,,4
Jersey Citizens Advice Bureau,"St Pauls Centre,New Street,","St Helier, Jersey",Channel Islands,JE2 3WP,49.18546,-2.10861,,https://www.cab.org.je,,,TRUE,FALSE,FALSE,,4/10/2024,01534 724942,,TRUE,FALSE,FALSE,FALSE,,,,,4
Hart District (Fleet) Citizens Advice,"Civic Offices,Harlington Way,",FLEET,Hampshire,GU51 4AE,51.27946,-.84622,,https://citizensadvicehart.org.uk,,,TRUE,FALSE,FALSE,,12/1/2026,01252878435,,TRUE,FALSE,FALSE,FALSE,,,,,4
Farnborough Citizens Advice,"Civic Offices,Farnborough Road,",FARNBOROUGH,Hampshire,GU14 7JU,51.28796,-.75424,,https://citizensadvicerushmoor.org.uk/,,,TRUE,FALSE,FALSE,,13/8/2024,01252 513 051,,TRUE,FALSE,FALSE,FALSE,,,,,4
Aldershot Citizens Advice,39 High Street,ALDERSHOT,Hampshire,GU11 1BH,51.25008057523492,-.7655565623656105,,https://citizensadvicerushmoor.org.uk/,,,TRUE,FALSE,FALSE,,13/8/2024,01252 333 618,,TRUE,FALSE,FALSE,FALSE,,,,,4
Southampton Citizens Advice Bureau,14/15 Brunswick Place,SOUTHAMPTON,Hampshire,SO15 2AQ,50.91084087980048,-1.4022645912080838,,https://www.citizensadvicesouthampton.org.uk,,,TRUE,FALSE,FALSE,,19/12/2024,0808 27 87 863,,TRUE,FALSE,FALSE,FALSE,,,,,4
Newport Isle of Wight Citizens Advice,"Isle Help Centre,County Hall,High Street",NEWPORT,Isle Of Wight,PO30 1UD,50.70061,-1.29082,,https://www.citizensadviceiw.org.uk/,,,TRUE,FALSE,FALSE,,18/10/2023,0800 144 88 48,,TRUE,FALSE,FALSE,FALSE,,,,,4
Basingstoke Citizens Advice,"Grove House, Lutyens Close, Chineham",BASINGSTOKE,Hampshire,RG24 8AG,51.28196106345549,-1.0606694682722544,,https://www.cabasingstoke.org.uk/,,,TRUE,FALSE,FALSE,,23/7/2025,0808 2 78 78 29,,TRUE,FALSE,FALSE,FALSE,,,,,4
Fareham Citizens Advice,"1st Floor,County Library Building,Osborn Road",FAREHAM,Hampshire,PO16 7EN,50.85399,-1.1773,,https://public.citafareham.org/citizensadvicefareham,,,TRUE,FALSE,FALSE,,23/2/2026,01329 237121,,TRUE,FALSE,FALSE,FALSE,,,,,4
Citizens Advice East Hampshire - Whitehill & Bordon,"Forest Community Centre, Pinehill Road,",BORDON,Hampshire,GU35 0BS,51.10824,-.85888,,https://www.citizensadvice.org.uk,,,TRUE,FALSE,FALSE,,10/12/2025,0808 278 7901,,TRUE,FALSE,FALSE,FALSE,,,,,4
Citizens Advice East Hampshire - Petersfield,"Petersfield Library, 2nd Floor,27 The Square,",PETERSFIELD,Hampshire,GU32 3HH,51.00365840386358,-.9378342783194142,,https://www.citizensadvice.org.uk,,,TRUE,FALSE,FALSE,,10/12/2025,0808 278 7901,,TRUE,FALSE,FALSE,FALSE,,,,,4
Citizens Advice East Hampshire - Alton,17 Market Square,ALTON,Hampshire,GU34 1HD,51.14852,-.97851,,https://www.citizensadvice.org.uk,,,TRUE,FALSE,FALSE,,10/12/2025,0808 278 7901,,TRUE,FALSE,FALSE,FALSE,,,,,4
Eastleigh Citizens Advice Bureau,101 Leigh Road,EASTLEIGH,Hampshire,SO50 9DR,50.96961,-1.3581,,https://www.citizensadviceeastleigh.org.uk,,,TRUE,FALSE,FALSE,,4/2/2026,0808 278 7862,,TRUE,FALSE,FALSE,FALSE,,,,,4
Citizens Advice Reading,Minster Street,Reading,Berkshire,RG1 2JB,51.45478094310099,-.9708715120910507,,https://www.citizensadvicereading.org,,,TRUE,FALSE,FALSE,,2/1/2026,0808 278 7819,,TRUE,FALSE,FALSE,FALSE,,,,,4
West Berkshire Citizens Advice,"2nd Floor, Broadway House, 4-8 The Broadway, Northbrook Street",NEWBURY,Berkshire,RG14 1BA,51.4053,-1.32456,,https://www.citizensadvicewestberkshire.org.uk,,,TRUE,FALSE,FALSE,,19/2/2026,01635 516605,,TRUE,FALSE,FALSE,FALSE,,,,,4
Citizens Advice East Berkshire (Bracknell),"Lower Ground Floor,The Columbia Centre,Market Street",Bracknell,Berkshire,RG12 1JG,51.41489,-.75249,,https://www.caeb.org.uk,,,TRUE,FALSE,FALSE,,22/12/2025,0808 278 7914,,TRUE,FALSE,FALSE,FALSE,,,,,4
Citizens Advice East Berkshire (Maidenhead),4 Marlow Road,MAIDENHEAD,Berkshire,SL6 7YR,51.52374674137287,-.7252278412186943,,https://caeb.org.uk/,,,TRUE,FALSE,FALSE,,2/3/2026,0808 278 7914,,TRUE,FALSE,FALSE,FALSE,,,,,4
Wickham,"Wickham Community Centre, Mill Ln, Wickham",,Hampshire,PO17 5AL,50.90353,-1.18553,,https://www.citizensadvicewinchester.org.uk,,,TRUE,FALSE,FALSE,,1/12/2025,0808 278 7861,,TRUE,FALSE,FALSE,FALSE,,,,,4
Winchester,City Offices Colebrook Street,WINCHESTER,Hampshire,SO23 9LJ,51.061,-1.31137,,https://www.citizensadvicewinchester.org.uk,,,TRUE,FALSE,FALSE,,1/12/2025,0808 278 7861,,TRUE,FALSE,FALSE,FALSE,,,,,4
Citizens Advice Wokingham,"Second Floor, Waterford House, Erfstadt Court",Wokingham,Berkshire,RG40 2YF,51.40971,-.83502,,https://citizensadvicewokingham.org.uk/,,,TRUE,FALSE,FALSE,,1/3/2026,08082787958,,TRUE,FALSE,FALSE,FALSE,,,,,4
Citizens Advice Test Valley (Andover),"1st Floor, Chantry House, Chantry Way",ANDOVER,Hampshire,SP10 1LZ,51.2087,-1.48053,,https://www.testvalleycab.org.uk,,,TRUE,FALSE,FALSE,,27/3/2025,0808 812 6681,,TRUE,FALSE,FALSE,FALSE,,,,,4
Citizens Advice Test Valley (Romsey),"Former Magistrates Court, Church Street,",ROMSEY,Hampshire,SO51 8AQ,50.990190777943624,-1.5001799590555986,,https://www.testvalleycab.org.uk,,,TRUE,FALSE,FALSE,,27/3/2025,0808 812 6681,,TRUE,FALSE,FALSE,FALSE,,,,,4
Citizens Advice Gosport,"Martin Snape House, 96 Pavilion Way,",GOSPORT,Hampshire,PO12 1GE,50.79709537838118,-1.126151003810068,,http://citizensadvicegosport.org.uk/,,,TRUE,FALSE,FALSE,,11/7/2025,02392 520112,,TRUE,FALSE,FALSE,FALSE,,,,,4
Citizens Advice Havant,,HAVANT,Hampshire,PO9 1UW,50.85108,-.97866,,https://www.citizensadvicehavant.org,,,TRUE,FALSE,FALSE,,5/2/2026,08082787809,,TRUE,FALSE,FALSE,FALSE,,,,,4
Citizens Advice Portsmouth,"Unit 2-3, Ark Royal House, Winston Churchill Avenue, Portsmouth",PORTSMOUTH,Hampshire,PO1 2GF,50.795255,-1.089145,,https://www.caportsmouth.org.uk,,,TRUE,FALSE,FALSE,,11/7/2025,023 9400 6600,,TRUE,FALSE,FALSE,FALSE,,,,,4
Surrey Welfare Rights Unit,"Unit 14A,Monument Way Depot,Monument Way East",WOKING,Surrey,GU21 5LY,51.32705,-.54016,,https://www.swru.org,,,TRUE,FALSE,FALSE,,17/4/2025,,,TRUE,FALSE,FALSE,FALSE,,,,,4
Citizens Advice South West Surrey (Ash),"Ash Hill Road, Ash",NR. ALDERSHOT,Surrey,GU12 5DP,51.25579,-.718405,,https://casws.org.uk/,,,TRUE,FALSE,FALSE,,4/12/2025,0808 812 7087,,TRUE,FALSE,FALSE,FALSE,,,,,4
Citizens Advice Woking,Provincial House 26 Commercial Way,Woking,Surrey,GU21 6EN,51.3188,-.55857,,https://www.wokingcab.org,,,TRUE,FALSE,FALSE,,5/10/2025,0800 144 8848 (Adviceline),,TRUE,FALSE,FALSE,FALSE,,,,,4
Citizens Advice Elmbridge (West),Elmbridge Community Hub The Old School House 72 High Street,WALTON-ON-THAMES,Surrey,KT12 1BU,51.38385,-.41726,,https://www.caew.org.uk,,,TRUE,FALSE,FALSE,,3/3/2026,0808 812 7087,,TRUE,FALSE,FALSE,FALSE,,,,,4
Redhill Citizens Advice,72-74 Station Road,Redhill,,RH1 1PN,51.24036104786479,-.169483832822941,,https://www.carbs.org.uk,,,TRUE,FALSE,FALSE,,22/1/2026,0808 278 7945,,TRUE,FALSE,FALSE,FALSE,,,,,4
Banstead Citizens Advice,"Banstead Community Centre, The Horseshoe",BANSTEAD,Surrey,SM7 2BQ,51.32214,-.205535,,https://www.carbs.org.uk,,,TRUE,FALSE,FALSE,,13/1/2026,0808 278 7945,,TRUE,FALSE,FALSE,FALSE,,,,,4
Citizens Advice South West Surrey (Guildford),Millmead House,GUILDFORD,Surrey,GU2 4BB,51.234522909577535,-.5769284137687539,,https://casws.org.uk/,,,TRUE,FALSE,FALSE,,23/2/2026,0808 812 7087,,TRUE,FALSE,FALSE,FALSE,,,,,4
Citizens Advice South West Surrey (Farnham),"Farnham Memorial Hall, Babbs Mead,",FARNHAM,Surrey,GU9 7EE,51.211267563996934,-.8075695166109027,,www.casws.org.uk,,,TRUE,FALSE,FALSE,,4/12/2025,0808 812 7087,,TRUE,FALSE,FALSE,FALSE,,,,,4
Citizens Advice South West Surrey (Haslemere),"Well Lane House, Well Lane, Haslemere, Surrey, GU27 2LB",HASLEMERE,Surrey,GU27 2LB,51.088955,-.707395,,https://www.casws.org.uk,,,TRUE,FALSE,FALSE,,29/6/2025,0808 812 7087,,TRUE,FALSE,FALSE,FALSE,,,,,4
Citizens Advice South West Surrey (Godalming),"New Montrose House, 36 Bridge Street,",GODALMING,Surrey,GU7 1HP,51.18713947450174,-.6089650708084559,,https://casws.org.uk/,,,TRUE,FALSE,FALSE,,4/12/2025,0808 812 7087,,TRUE,FALSE,FALSE,FALSE,,,,,4
Citizens Advice South West Surrey (Cranleigh),Village Way,CRANLEIGH,Surrey,GU6 8AF,51.14036009475468,-.4880064363298894,,https://www.casws.org.uk,,,TRUE,FALSE,FALSE,,29/6/2025,0808 812 7087,,TRUE,FALSE,FALSE,FALSE,,,,,4
Wealden (Crowborough) Citizens Advice,"Basepoint, Pine Grove",CROWBOROUGH,East Sussex,TN6 1DH,51.057545,.157975,,http://www.wealdencitizensadvice.org.uk/,,,TRUE,FALSE,FALSE,,25/2/2025,0808 278 7811,,TRUE,FALSE,FALSE,FALSE,,,,,4
Wealden (Hailsham) Citizens Advice,"Southview,Western Road,",HAILSHAM,East Sussex,BN27 3DN,50.86251,.25504,,http://www.wealdencitizensadvice.org.uk/,,,TRUE,FALSE,FALSE,,25/2/2025,0808 278 7811,,TRUE,FALSE,FALSE,FALSE,,,,,4
Wealden (Uckfield) Citizens Advice,"Uckfield Library, Library Way, High Street",Uckfield,East Sussex,TN22 1AR,50.97249,.09598,,http://www.wealdencitizensadvice.org.uk/,,,TRUE,FALSE,FALSE,,25/2/2025,0808 278 7811,,TRUE,FALSE,FALSE,FALSE,,,,,4
Citizens Advice Esher & District,"Civic Centre, High Street,",ESHER,Surrey,KT10 9RP,51.37099499999999,-.36305,,https://www.eshercab.org.uk,,,TRUE,FALSE,FALSE,,10/2/2026,01372 464770,,TRUE,FALSE,FALSE,FALSE,,,,,4
Epsom & Ewell Citizens Advice,"The Old Town Hall, The Parade,",Epsom,Surrey,KT18 5AG,51.33313,-.26538,,https://www.caee.org.uk,,,TRUE,FALSE,FALSE,,16/12/2025,0808 278 7963,,TRUE,FALSE,FALSE,FALSE,,,,,4
Citizens Advice Mole Valley (Leatherhead),"The Georgian House, Swan Mews, High Street",LEATHERHEAD,Surrey,KT22 8AE,51.29555,-.32786,,https://www.citizensadvicemolevalley.org.uk,,,TRUE,FALSE,FALSE,,26/2/2026,0808 278 7930,,TRUE,FALSE,FALSE,FALSE,,,,,4
Citizens Advice Mole Valley (Dorking),Lyons Court,DORKING,Surrey,RH4 1AB,51.231875,-.330445,,https://www.citizensadvicemolevalley.org.uk,,,TRUE,FALSE,FALSE,,26/2/2026,0808 278 7930,,TRUE,FALSE,FALSE,FALSE,,,,,4
Tandridge Citizens Advice (Oxted),"1st Floor Library Building,14 Gresham Road,",OXTED,Surrey,RH8 0BQ,51.25783,.00028,,https://catd.org.uk/,,,TRUE,FALSE,FALSE,,2/2/2026,0808 812 7087,,TRUE,FALSE,FALSE,FALSE,,,,,4
Citizens Advice Tandridge District (Caterham),"First Floor, Caterham Valley Library, Stafford Road.",CATERHAM,Surrey,CR3 6JG,51.28226,-.079095,,https://catd.org.uk/,,,TRUE,FALSE,FALSE,,2/2/2026,0808 812 7087,,TRUE,FALSE,FALSE,FALSE,,,,,4
Citizens Advice Surrey Heath,"Surrey Heath House, Knoll Road,",CAMBERLEY,Surrey,GU15 3HD,51.339195000000004,-.74365,,https://www.citizensadvicesurreyheath.org.uk,,,TRUE,FALSE,FALSE,,25/2/2026,0808 278 7936,,TRUE,FALSE,FALSE,FALSE,,,,,4
Citizens Advice 1066,"The Magnet Centre, Alfred Street",St. Leonards-on-Sea,East Sussex,TN38 0HD,50.853155,.55827,,https://www.citizensadvice1066.co.uk,,,TRUE,FALSE,FALSE,,3/11/2025,01424 869352,,TRUE,FALSE,FALSE,FALSE,,,,,4
Citizens Advice 1066 (Bexhill),"40 Saint Leonards Road, Bexhill",BEXHILL-ON-SEA,East Sussex,TN40 1JB,50.83965865797308,.47610007010719607,,https://www.citizensadvice1066.co.uk,,,TRUE,FALSE,FALSE,,3/11/2025,01424 869352,,TRUE,FALSE,FALSE,FALSE,,,,,4
"Dover, Deal and District (Deal) Citizens Advice","The Deal Centre, 3 Park Street",Deal,Kent,CT14 6AG,51.22427990403891,1.4025268847526606,,https://www.doverdealadvice.co.uk,,,TRUE,FALSE,FALSE,,9/2/2026,01304 272499,,TRUE,FALSE,FALSE,FALSE,,,,,4
"Dover, Deal and District (Dover) Citizens Advice Bureau",Maison Dieu Gardens,Dover,Kent,CT16 1TG,51.12805,1.31062,,https://www.doverdealadvice.co.uk,,,TRUE,FALSE,FALSE,,9/2/2026,01304 272499,,TRUE,FALSE,FALSE,FALSE,,,,,4
"Dover, Deal and District (Sandwich) Citizens Advice","Age Concern Sandwich, Sneller House, 19/21 Cattle Market",Sandwich,Kent,CT13 9AP,51.27450452212271,1.3383728494402165,,https://www.doverdealadvice.co.uk,,,TRUE,FALSE,FALSE,,9/2/2026,01304 272499,,TRUE,FALSE,FALSE,FALSE,,,,,4
"Dover, Deal and District (Folkestone) Citizens Advice","Rainbow Centre, 1st Floor, 69 Sandgate Road",Folkestone,,CT20 2AF,51.07819,1.17826,,www.doverdealadvice.co.uk,,,TRUE,FALSE,FALSE,,9/2/2026,01304 272499,,TRUE,FALSE,FALSE,FALSE,,,,,4
Edenbridge & Westerham Citizens Advice,"The Eden Centre, Four Elms Road,",EDENBRIDGE,Kent,TN8 6BY,51.20318,.06336,,https://www.citizensadvice.org.uk/edenbridge-and-westerham,,,TRUE,FALSE,FALSE,,3/2/2026,0808 278 7962 (option 4),,TRUE,FALSE,FALSE,FALSE,,,,,4
Citizens Advice in North & West Kent - Dartford,Dartford Borough Council Civic Centre,DARTFORD,Kent,DA1 1DR,51.44366,.21993,,https://www.citizensadvicenwk.org.uk,,,TRUE,FALSE,FALSE,,24/2/2026,0808 278 7810,,TRUE,FALSE,FALSE,FALSE,,,,,4
Cranbrook Citizens Advice Bureau,"Cranbrook Library,Carriers Road,",CRANBROOK,Kent,TN17 3JT,51.09944,.53546,,https://www.citizensadvicenwk.org.uk,,,TRUE,FALSE,FALSE,,29/7/2024,0808 278 7810,,TRUE,FALSE,FALSE,FALSE,,,,,4
Citizens Advice in North & West Kent - Swanley,"Swanley Link, London Road, Swanley",SWANLEY,Kent,BR8 7AE,51.39634,.17478,,https://www.citizensadvicenwk.org.uk,,,TRUE,FALSE,FALSE,,24/2/2026,0808 278 7810,,TRUE,FALSE,FALSE,FALSE,,,,,4
Citizens Advice in North & West Kent - Gravesham,"Ground Floor, Civic Centre, Windmill Street",GRAVESEND,Kent,DA12 1AU,51.44004,.36852,,https://www.citizensadvicenwk.org.uk,,,TRUE,FALSE,FALSE,,18/2/2025,0808 278 7810,,TRUE,FALSE,FALSE,FALSE,,,,,4
Citizens Advice in North & West Kent - Sevenoaks,"5A Bligh's Court, Bligh's Meadow Shopping Centre",Sevenoaks,Kent,TN13 1DD,51.2715,.19164,,https://www.citizensadvicenwk.org.uk,,,TRUE,FALSE,FALSE,,8/8/2024,0808 278 7810,,TRUE,FALSE,FALSE,FALSE,,,,,4
Citizens Advice in North & West Kent ? Tunbridge Wells,"8th Floor, Royal Victoria Place, Calverley Road",Tunbridge Wells,Kent,TN1 2SS,51.13535,.26495,,https://www.citizensadvicenwk.org.uk,,,TRUE,FALSE,FALSE,,11/2/2026,0808 278 7810,,TRUE,FALSE,FALSE,FALSE,,,,,4
Citizens Advice in North & West Kent - Tonbridge & Malling,"Tonbridge Castle,Castle Street,",TONBRIDGE,Kent,TN9 1BG,51.19652,.27387,,https://www.citizensadvicenwk.org.uk,,,TRUE,FALSE,FALSE,,23/7/2025,0808 2787810,,TRUE,FALSE,FALSE,FALSE,,,,,4
Runnymede and Spelthorne Citizens Advice (Sunbury),"Sunbury Library,The Parade,Staines Road West",SUNBURY-ON-THAMES,Middlesex,TW16 7AB,51.41976,-.42032,,https://www.citizensadvice.org.uk/local/runnymede-spelthorne/,,,TRUE,FALSE,FALSE,,23/2/2026,Surrey Adviceline 0808 250 5706,,TRUE,FALSE,FALSE,FALSE,,,,,4
Runnymede and Spelthorne Citizens Advice (Addlestone),"The Old Library,Church Road,",ADDLESTONE,Surrey,KT15 1RW,51.3703,-.4938,,https://www.citizensadvice.org.uk/local/runnymede-spelthorne/,,,TRUE,FALSE,FALSE,,23/2/2026,Surrey Adviceline 0808 250 5706,,TRUE,FALSE,FALSE,FALSE,,,,,4
Citizens Advice Thanet,"2nd Floor,Mill Lane House,Mill Lane",MARGATE,Kent,CT9 1LB,51.38581,1.38271,,https://thanetcitizensadvice.org/,,,TRUE,FALSE,FALSE,,13/2/2026,08082787998,,TRUE,FALSE,FALSE,FALSE,,,,,4
Ramsgate,38 Plains of Waterloo,RAMSGATE,KENT,CT11 8HX,51.33504037622551,1.4229845167388895,,https://thanetcitizensadvice.org/,,,TRUE,FALSE,FALSE,,13/2/2026,08082787998,,TRUE,FALSE,FALSE,FALSE,,,,,4
Citizens Advice Swale - Faversham,43 Stone Street,Faversham,Kent,ME13 8PH,51.314,.88975,,https://www.citizensadviceswale.uk,,,TRUE,FALSE,FALSE,,5/1/2026,0808 278 7979,,TRUE,FALSE,FALSE,FALSE,,,,,4
Citizens Advice Swale - Sittingbourne,Swale House East Street,SITTINGBOURNE,Kent,ME10 3HT,51.3395,.741,,https://www.citizensadviceswale.uk,,,TRUE,FALSE,FALSE,,5/1/2026,0808 278 7979,,TRUE,FALSE,FALSE,FALSE,,,,,4
Eastbourne Citizens Advice,"Unit 6,Highlight House,8 St Leonards Road",EASTBOURNE,East Sussex,BN21 3UH,50.77052993586667,.2803385557029459,,https://www.eastbournecab.co.uk,,,TRUE,FALSE,FALSE,,5/6/2025,0800 144 8848,,TRUE,FALSE,FALSE,FALSE,,,,,4
Brighton and Hove Citizens Advice,"Tisbury Road Offices, Hove Town Hall, Tisbury Road,",Hove,East Sussex,BN3 3BQ,50.82964,-.16902,,https://www.cabrightonhove.org,,,TRUE,FALSE,FALSE,,3/3/2026,08082 787815,,TRUE,FALSE,FALSE,FALSE,,,,,4
Seaford Citizens Advice,"37 Church Street - now open on Mondays 10 to 3.30pm for pre-booked appointments only. Please refer to Newhaven CA which is open Tuesdays, Wednesdays and Thursdays 10 to 3.30pm. Existing clients can call 01273 007557 and leave a message to request a call.",SEAFORD,East Sussex,BN25 1HG,50.771120451435856,.10123483757568164,,https://www.lewesdistrictca.org.uk,,,TRUE,FALSE,FALSE,,9/7/2025,0808 2787892,,TRUE,FALSE,FALSE,FALSE,,,,,4
Lewes Citizens Advice Bureau,6 High Street,LEWES,East Sussex,BN7 2AD,50.87387,.013135,,https://www.lewesdistrictca.org.uk,,,TRUE,FALSE,FALSE,,9/7/2025,0808 2787892,,TRUE,FALSE,FALSE,FALSE,,,,,4
Newhaven,15 - 19 Chapel Street,NEWHAVEN,East Sussex,BN9 9PN,50.79438,.05004,,https://www.lewesdistrictca.org.uk/,,,TRUE,FALSE,FALSE,,9/7/2025,0808 2787892,,TRUE,FALSE,FALSE,FALSE,,,,,4
Citizens Advice Medway,,,Kent,ME4 4BT,51.38156,.52574,,https://www.medwayadvice.org.uk,,,TRUE,FALSE,FALSE,,3/3/2026,01634 383 760,,TRUE,FALSE,FALSE,FALSE,,,,,4
Maidstone Citizens Advice,"2 Bower Terrace,Tonbridge Road,",MAIDSTONE,Kent,ME16 8RY,51.27007171641096,.5118630422046933,,https://www.maidstonecab.org.uk,,,TRUE,FALSE,FALSE,,9/2/2026,0808 250 5704,,TRUE,FALSE,FALSE,FALSE,,,,,4
Herne Bay Citizens Advice,185/187 High Street,"HERNE BAY, Kent",Kent,CT6 5AF,51.371490410350454,1.1312232417813382,,https://www.citizensadvice.org.uk/local/canterbury-district/,,,TRUE,FALSE,FALSE,,14/10/2024,08082787846 / 01227 740647,,TRUE,FALSE,FALSE,FALSE,,,,,4
Canterbury Citizens Advice,"3 Westgate Hall Road,(Off St Peters Lane),","CANTERBURY, Kent",Kent,CT1 2BT,51.281259187620336,1.0776670333356928,,https://citizensadvicecanterbury.org.uk/,,,TRUE,FALSE,FALSE,,14/10/2024,08082787846 or 01227452762,,TRUE,FALSE,FALSE,FALSE,,,,,4
No Ashford Citizens Advice Office - See Notes,"Ashford Advice, Seabrooke House, Church Road",Ashford,,TN23 1RD,51.14644,.872575,,https://ashfordadvice.org/,,,TRUE,FALSE,FALSE,,30/4/2025,,,TRUE,FALSE,FALSE,FALSE,,,,,4
Luton Citizens Advice,"Community House,15 New Bedford Road,",LUTON,Bedfordshire,LU1 1SA,51.88144812614984,-.41857179099025005,,https://www.citizensadviceluton.org.uk,,,TRUE,FALSE,FALSE,,23/2/2026,0808 278 7847,,TRUE,FALSE,FALSE,FALSE,,,,,4
Citizens Advice East Herts (Bishop's Stortford),Methodist Church 34B South Street,Bishop's Stortford,Hertfordshire,CM23 3AZ,51.86839,.16053,,https://www.citizensadviceeastherts.org.uk,,,TRUE,FALSE,FALSE,,4/2/2026,01920 459944,,TRUE,FALSE,FALSE,FALSE,,,,,4
Citizens Advice East Herts (Hertford),Hertford Library Dolphin Yard Maidenhead Street,HERTFORD,,SG14 1DR,51.79664,-.07786,,https://www.citizensadviceeastherts.org.uk,,,TRUE,FALSE,FALSE,,4/2/2026,01920 459944,,TRUE,FALSE,FALSE,FALSE,,,,,4
Citizens Advice East Herts (Buntingford),"The Manor House, 21 High Street",BUNTINGFORD,Hertfordshire,SG9 9AB,51.94619,-.01913,,https://www.citizensadviceeastherts.org.uk,,,TRUE,FALSE,FALSE,,4/2/2026,01920 459944,,TRUE,FALSE,FALSE,FALSE,,,,,4
Citizens Advice East Herts (Ware),"Ware Priory, High Street",Ware,,SG12 9AL,51.81152,-.033575,,www.citizensadviceeastherts.org.uk,,,TRUE,FALSE,FALSE,,4/2/2026,01920 459944,,TRUE,FALSE,FALSE,FALSE,,,,,4
Welwyn Hatfield Citizens Advice,"1st Floor,Queensway House,Queensway",HATFIELD,Hertfordshire,AL10 0LW,51.76231,-.22701,,https://www.cawelhat.org.uk,,,TRUE,FALSE,FALSE,,18/2/2026,0800 144 8848,,TRUE,FALSE,FALSE,FALSE,,,,,4
Broxbourne (Cheshunt) Citizens Advice,** Registered office address only (no client service operating here) CVSBEH Nigel Copping Community Building Sanville Gardens,Stanstead Abbotts,Hertfordshire,SG12 8GA,51.78559080743125,.000790869358323777,,https://www.citizensadvice.org.uk/local/broxbourne/,,,TRUE,FALSE,FALSE,,20/2/2026,0800 144 8848,,TRUE,FALSE,FALSE,FALSE,,,,,4
Citizens Advice St Albans District,"Civic Centre, St Peters Street",ST ALBANS,Hertfordshire.,AL1 3JE,51.75336,-.33612,,https://www.citizensadvicestalbans.org.uk,,,TRUE,FALSE,FALSE,,5/1/2026,01727 811118,,TRUE,FALSE,FALSE,FALSE,,,,,4
Three Rivers Citizens Advice (Oxhey),"Oxhey Drive (The Old Police Station),South Oxhey,",WATFORD,Hertfordshire,WD19 7SD,51.62581,-.3894,,https://threeriverscab.org.uk,,,TRUE,FALSE,FALSE,,18/2/2026,0208 515 8321,,TRUE,FALSE,FALSE,FALSE,,,,,4
Three Rivers Citizens Advice (Rickmansworth),"Three Rivers House, Northway,",RICKMANSWORTH,Hertfordshire,WD3 1RL,51.63953,-.46861,,https://threeriverscab.org.uk,,,TRUE,FALSE,FALSE,,18/2/2026,01923 293 136,,TRUE,FALSE,FALSE,FALSE,,,,,4
Three Rivers Citizens Advice (Abbots Langley),"The Old Stables,St Lawrences Vicarage,High Street",ABBOTS LANGLEY,Hertfordshire,WD5 0AS,51.70803,-.41746,,https://threeriverscab.org.uk,,,TRUE,FALSE,FALSE,,18/2/2026,01923271707,,TRUE,FALSE,FALSE,FALSE,,,,,4
Citizens Advice Bucks (South Bucks),,,Buckinghamshire,N/A,0,0,,https://citizensadvicebucks.org.uk/,,,TRUE,FALSE,FALSE,,5/3/2025,0808 278 7938,,TRUE,FALSE,FALSE,FALSE,,,,,4
Elstree (Hertsmere) Citizens Advice,"Elstree office -The Vanstone Suite, 2 Allum Lane,",Borehamwood,Hertfordshire,WD6 3PJ,51.652262971869106,-.2836503569474098,,https://www.citizensadvice.org.uk/hertsmere/,,,TRUE,FALSE,FALSE,,17/2/2026,0800 144 8848,,TRUE,FALSE,FALSE,FALSE,,,,,4
Bushey (Hertsmere) Citizens Advice,8 Rudolph Road,BUSHEY,Hertfordshire,WD23 3DU,51.64602,-.36482,,https://www.citizensadvice.org.uk/local/hertsmere/,,,TRUE,FALSE,FALSE,,11/11/2025,0800 144 8848,,TRUE,FALSE,FALSE,FALSE,,,,,4
Potters Bar (Hertsmere) Citizens Advice,"Wyllyotts Centre,1 Wyllyotts Place,Darkes Lane 0800 144 8848",POTTERS BAR,Hertfordshire,EN6 2HN,51.69639,-.19435,,https://www.citizensadvice.org.uk/hertsmere/,,,TRUE,FALSE,FALSE,,11/11/2025,0800 144 8848,,TRUE,FALSE,FALSE,FALSE,,,,,4
Citizens Advice Leighton Linslade,"Bossard House, West Street,",LEIGHTON BUZZARD,Bedfordshire,LU7 1DA,51.91761,-.66207,,https://www.leightonlinsladecab.org.uk,,,TRUE,FALSE,FALSE,,15/4/2024,01525 373878,,TRUE,FALSE,FALSE,FALSE,,,,,4
Dunstable and District Citizens Advice,"The Dunstable Centre, Court Drive,",DUNSTABLE,Bedfordshire,LU5 4JD,51.89005,-.520205,,https://www.dunstablecab.org.uk,,,TRUE,FALSE,FALSE,,19/2/2026,01582 670003,,TRUE,FALSE,FALSE,FALSE,,,,,4
Citizens Advice Dacorum,"The Forum, Marlowes",Hemel Hempstead,Hertfordshire,HP1 1DN,51.75409,-.47311,,https://dacorumcab.org.uk,,,TRUE,FALSE,FALSE,,4/2/2026,0800 144 88 48 (Adviceline),,TRUE,FALSE,FALSE,FALSE,,,,,4
Citizens Advice Watford,"St Mary's Churchyard, High St,",WATFORD,Hertfordshire,WD17 2BE,51.656695,-.39798,,https://www.cawatford.org.uk/,,,TRUE,FALSE,FALSE,,4/12/2025,0800 144 8848,,TRUE,FALSE,FALSE,FALSE,,,,,4
Citizens Advice Stevenage,Sixth Floor Daneshill House Danestrete,STEVENAGE,Hertfordshire,SG1 1BY,51.9006712338181,-.20273624306490196,,https://www.castevenage.org.uk/,,,TRUE,FALSE,FALSE,,17/2/2026,0800 144 8848,,TRUE,FALSE,FALSE,FALSE,,,,,4
Citizens Advice Bucks (Buckingham),"Wheeldon House, Citizens Advice Market Hill,",BUCKINGHAM,Buckinghamshire,MK18 1JX,52.00077,-.986845,,https://citizensadvicebucks.org.uk/,,,TRUE,FALSE,FALSE,,5/3/2025,0808 2787938,,TRUE,FALSE,FALSE,FALSE,,,,,4
Citizens Advice Bucks (Chesham),"Townsend House,Townsend Road,",CHESHAM,Buckinghamshire,HP5 2AA,51.70967,-.61199,,https://citizensadvicebucks.org.uk/,,,TRUE,FALSE,FALSE,,5/3/2025,0808 2787938,,TRUE,FALSE,FALSE,FALSE,,,,,4
Citizens Advice Bucks (High Wycombe),"Council Offices, Citizens Advice 15 Queen Victoria Road,",HIGH WYCOMBE,Buckinghamshire,HP11 1BB,51.62787,-.74811,,https://citizensadvicebucks.org.uk/,,,TRUE,FALSE,FALSE,,5/3/2025,0808 2787938,,TRUE,FALSE,FALSE,FALSE,,,,,4
Citizens Advice Bucks (Aylesbury),"2 Pebble Lane, Citizens Advice",AYLESBURY,Buckinghamshire,HP20 2JH,51.81769,-.81452,,https://citizensadvicebucks.org.uk/,,,TRUE,FALSE,FALSE,,5/3/2025,0808 2787938,,TRUE,FALSE,FALSE,FALSE,,,,,4
Citizens Advice Bedford and Mid Bedfordshire,8 The Harpur Centre,Bedford,,MK40 1TP,52.13629,-.46818,,https://www.bedfordcab.org.uk,,,TRUE,FALSE,FALSE,,13/1/2026,01234 867944,,TRUE,FALSE,FALSE,FALSE,,,,,4
Citizens Advice Bedford and Mid Bedfordshire (Biggleswade),"Century House,Market Square,",BIGGLESWADE,Bedfordshire,SG18 8UU,52.08659,-.265,,https://www.midbedscab.org.uk,,,TRUE,FALSE,FALSE,,13/1/2026,01767 601368,,TRUE,FALSE,FALSE,FALSE,,,,,4
Citizens Advice Bedford and Mid Bedfordshire (Ampthill),10 Bedford Street,AMPTHILL,Bedfordshire,MK45 2NB,52.03315,-.49462,,https://www.midbedscab.org.uk,,,TRUE,FALSE,FALSE,,13/1/2026,01525 402742,,TRUE,FALSE,FALSE,FALSE,,,,,4
Milton Keynes Central Citizens Advice,8b Clarendon Drive Wymbush,MILTON KEYNES,Buckinghamshire,MK8 8ED,52.04123,-.79376,,https://www.miltonkeynescab.org.uk,,,TRUE,FALSE,FALSE,,13/1/2026,0808 278 7991,,TRUE,FALSE,FALSE,FALSE,,,,,4
North Hertfordshire Citizens Advice Letchworth office,49 Station Road,LETCHWORTH GARDEN CITY,Hertfordshire,SG6 3BQ,51.980214211811976,-.22631411151096173,,https://www.northhertscab.org.uk,,,TRUE,FALSE,FALSE,,6/8/2024,03444 111 444,,TRUE,FALSE,FALSE,FALSE,,,,,4
Uttlesford Citizens Advice,"Barnard's Yard,Uttlesford,",SAFFRON WALDEN,Essex,CB11 4EB,52.02007740194702,.23928779415893253,,https://www.uttlesfordca.org.uk,,,TRUE,FALSE,FALSE,,15/1/2025,01799 618840,,TRUE,FALSE,FALSE,FALSE,,,,,4
Uttlesford Citizens Advice - secure video link from Stansted Library,"The Mountfitchet Exchange, Crafton Green House, 72 Chapel Hill,",STANSTED MOUNTFITCHET,Essex,CM24 8AQ,51.90346645176233,.1940329642891355,,https://www.uttlesfordca.org.uk,,,TRUE,FALSE,FALSE,,15/1/2025,01799 618840,,TRUE,FALSE,FALSE,FALSE,,,,,4
"Uttlesford Citizens Advice - secure video link from The Old School, Takeley","The Old School Community Building, Brewers End",Takeley,,CM22 6SB,51.86813,.2654,,https://www.uttlesfordca.org.uk,,,TRUE,FALSE,FALSE,,15/1/2025,01799 618840,,TRUE,FALSE,FALSE,FALSE,,,,,4
Uttlesford Citizens Advice - Secure video link from Great Dunmow Library,"47 White Hart Way,","Great Dunmow,",,CM6 1FS,51.87154,.3644,,https://www.uttlesfordca.org.uk,,,TRUE,FALSE,FALSE,,15/1/2025,01799 618840,,TRUE,FALSE,FALSE,FALSE,,,,,4
Uttlesford Citizens Advice - Secure video-link service from Thaxted Library,Thaxted Information Centre and Library 7 Town Street,Thaxted,,CM6 2LD,51.95327,.34431,,https://www.uttlesfordca.org.uk,,,TRUE,FALSE,FALSE,,15/1/2025,01799 618840,,TRUE,FALSE,FALSE,FALSE,,,,,4
Citizens Advice Southend,1 Church Road,SOUTHEND-ON-SEA,Essex,SS1 2AL,51.53544906073845,.7162034464135967,,https://www.citizensadvicesouthend.org.uk,,,TRUE,FALSE,FALSE,,7/5/2024,08082 78 79 78,,TRUE,FALSE,FALSE,FALSE,,,,,4
"Diss, Thetford & District Citizens Advice",12a Market Street,DISS,Norfolk,IP22 4WP,52.37643,1.10874,,https://www.cadat.org.uk,,,TRUE,FALSE,FALSE,,19/9/2025,08088127138,,TRUE,FALSE,FALSE,FALSE,,,,,4
Thetford Citizens Advice,"Abbey Neighbourhood Centre, Exeter Way",THETFORD,Norfolk,IP24 1EE,52.418035,.73333,,https://www.cadat.org.uk,,,TRUE,FALSE,FALSE,,19/9/2025,08088127138,,TRUE,FALSE,FALSE,FALSE,,,,,4
Mid Suffolk Citizens Advice,5 Milton Road South,STOWMARKET,Suffolk,IP14 1EZ,52.18686,.99844,,https://www.midsuffolkcab.org.uk,,,TRUE,FALSE,FALSE,,25/2/2026,01449 676060,,TRUE,FALSE,FALSE,FALSE,,,,,4
Ipswich & District Citizens Advice,17 Tower Street,Ipswich,Suffolk,IP1 3BE,52.05883,1.15452,,https://www.citizensadviceipswich.org.uk,,,TRUE,FALSE,FALSE,,5/1/2026,0808 278 7867,,TRUE,FALSE,FALSE,FALSE,,,,,4
Cambridge and District Citizens Advice Bureau,66 Devonshire Road,Cambridge,Cambridgeshire,CB1 2BL,52.19668,.13587,,https://www.cambridgecab.org.uk,,,TRUE,FALSE,FALSE,,28/1/2026,0808 278 78 08,,TRUE,FALSE,FALSE,FALSE,,,,,4
Maldon Citizens Advice,"Council Offices,Princes Road,",MALDON,Essex,CM9 5DL,51.72804,.6798850000000001,,https://www.maldoncitizensadvice.org.uk,,,TRUE,FALSE,FALSE,,22/4/2025,01621 875774,,TRUE,FALSE,FALSE,FALSE,,,,,4
Epping Forest District Citizens Advice (Epping),"Regus Epping The Civic Building, 2nd Floor 323 High Street",EPPING,Essex,CM16 4BZ,51.70141059437947,.11477234527625667,,https://www.citizensadviceefd.org.uk/,,,TRUE,FALSE,FALSE,,20/11/2025,0808 278 7855,,TRUE,FALSE,FALSE,FALSE,,,,,4
Citizens Advice Harlow,"Citizens Advice Harlow, Floor 2, Westgate House, Harlow",HARLOW,Essex,CM20 1YS,51.77084,.09217,,https://www.harlowcitizensadvice.org.uk,,,TRUE,FALSE,FALSE,,2/1/2026,0800 144 8848,,TRUE,FALSE,FALSE,FALSE,,,,,4
Citizens Advice Colchester,28 Middleborough,Colchester,Essex,CO1 1TG,51.89283,.89519,,https://colchestercitizensadvice.org.uk/,,,TRUE,FALSE,FALSE,,12/2/2026,0808 278 7853,,TRUE,FALSE,FALSE,FALSE,,,,,4
Citizens Advice Tendring (Clacton-on-Sea),22-24 High Street,CLACTON-ON-SEA,Essex,CO15 1NR,51.79032,1.15518,,https://cabtendring.org/,,,TRUE,FALSE,FALSE,,22/1/2026,01255 377080,,TRUE,FALSE,FALSE,FALSE,,,,,4
Citizens Advice Tendring (Harwich),"Harwich Jobcentre Plus, 164 - 168 High Street",DOVERCOURT,Essex,CO12 3AT,51.93796,1.28255,,https://cabtendring.org/,,,TRUE,FALSE,FALSE,,21/1/2026,01255 377080,,TRUE,FALSE,FALSE,FALSE,,,,,4
Citizens Advice Tendring (Mental Health Hub),22-24 High Street,CLACTON-ON-SEA,Essex,CO15 1NR,51.79032,1.15518,,https://cabtendring.org/mental-health-support-hub,,,TRUE,FALSE,FALSE,,21/1/2026,01255 225027,,TRUE,FALSE,FALSE,FALSE,,,,,4
Citizens Advice Chelmsford,"Burgess Well House, Coval Lane,",CHELMSFORD,Essex,CM1 1FW,51.735647075527154,.46352096374258406,,https://www.chelmsfordcab.org,,,TRUE,FALSE,FALSE,,16/5/2025,0808 278 7952,,TRUE,FALSE,FALSE,FALSE,,,,,4
Citizens Advice Rural Cambs - Wisbech,"Queen Mary Centre, Queens Road",WISBECH,Cambridgeshire,PE13 2PE,52.66214,.15821,,https://www.citizensadviceruralcambs.org.uk,,,TRUE,FALSE,FALSE,,23/1/2026,0808 278 7807,,TRUE,FALSE,FALSE,FALSE,,,,,4
Citizens Advice Rural Cambs - Digital Contact Centre,"Pathfinder House, St Mary's Street",HUNTINGDON,Cambridgeshire,PE29 3TN,52.328535041717366,-.18113363527722806,,https://citizensadviceruralcambs.org.uk,,,TRUE,FALSE,FALSE,,23/1/2026,0808 278 7807,,TRUE,FALSE,FALSE,FALSE,,,,,4
Sudbury & South Suffolk Citizens Advice,"Keyse House, Acton Lane,",SUDBURY,Suffolk,CO10 1QN,52.04260560741307,.7354166938706084,,https://www.sudburycab.org.uk,,,TRUE,FALSE,FALSE,,23/2/2026,01787 321400,,TRUE,FALSE,FALSE,FALSE,,,,,4
Norfolk Citizens Advice (Kings Lynn),"Hanse House,South Quay,",KINGS LYNN,Norfolk,PE30 5GN,52.75124,.39423,,https://www.ncab.org.uk,,,TRUE,FALSE,FALSE,,6/1/2026,0800 144 8848,,TRUE,FALSE,FALSE,FALSE,,,,,4
Norfolk Citizens Advice (Dereham),"The Link, Breckland Business Centre, Saint Withburga Lane",DEREHAM,Norfolk,NR19 1FD,52.679590000000005,.93855,,https://www.ncab.org.uk,,,TRUE,FALSE,FALSE,,16/12/2025,0800 144 8848,,TRUE,FALSE,FALSE,FALSE,,,,,4
Norfolk Citizens Advice (Great Yarmouth),37-39 Market Pl,GREAT YARMOUTH,Norfolk,NR30 1LX,52.6083,1.72703,,https://www.ncab.org.uk/,,,TRUE,FALSE,FALSE,,26/1/2026,0800 144 8848,,TRUE,FALSE,FALSE,FALSE,,,,,4
Norfolk Citizens Advice (North Walsham),3 St Nicholas Court,NORTH WALSHAM,Norfolk,NR28 9BY,52.8221,1.38654,,https://www.ncab.org.uk/,,,TRUE,FALSE,FALSE,,6/1/2026,0800 144 8848,,TRUE,FALSE,FALSE,FALSE,,,,,4
Norfolk Citizens Advice (Holt),Kerridge Way,Holt,Norfolk,NR25 6DN,52.90428227644316,1.0923198448449734,,https://www.ncab.org.uk,,,TRUE,FALSE,FALSE,,6/1/2026,0800 144 8848,,TRUE,FALSE,FALSE,FALSE,,,,,4
Norfolk Citizens Advice (Attleborough),2 Exchange Street,ATTLEBOROUGH,Norfolk,NR17 2AB,52.51689541316567,1.0149333572279224,,https://www.ncab.org.uk/,,,TRUE,FALSE,FALSE,,6/1/2026,0800 144 8848,,TRUE,FALSE,FALSE,FALSE,,,,,4
Norfolk Citizens Advice Bureau (Norwich),"83-87 Pottergate, Norwich",NORWICH,Norfolk,NR2 1DZ,52.63055,1.28826,,https://www.ncab.org.uk,,,TRUE,FALSE,FALSE,,10/2/2026,0800 144 8848,,TRUE,FALSE,FALSE,FALSE,,,,,4
Norfolk Citizens Advice (Fakenham),"Fakenham Community Centre, Oak Street,",FAKENHAM,Norfolk,NR21 9DY,52.83147,.84635,,https://www.ncab.org.uk,,,TRUE,FALSE,FALSE,,19/3/2025,0800 144 8848,,TRUE,FALSE,FALSE,FALSE,,,,,4
Citizens Advice West Suffolk (Mildenhall),"Mildenhall Hub, Sheldrick Way",MILDENHALL,Suffolk,IP28 7JX,52.34301,.50178,,https://www.suffolkwestcab.org.uk,,,TRUE,FALSE,FALSE,,24/12/2025,0808 278 7868,,TRUE,FALSE,FALSE,FALSE,,,,,4
Citizens Advice West Suffolk (Haverhill),"Haverhill House,Lower Downs Slade,",HAVERHILL,Suffolk,CB9 9HB,52.08394,.43657,,https://www.suffolkwestcab.org.uk,,,TRUE,FALSE,FALSE,,5/1/2026,0808 278 7868,,TRUE,FALSE,FALSE,FALSE,,,,,4
Citizens Advice West Suffolk (Newmarket),"Foley House, Wellington Street,",NEWMARKET,Suffolk,CB8 0HY,52.2447300516661,.40404665805564915,,https://www.suffolkwestcab.org.uk,,,TRUE,FALSE,FALSE,,5/1/2026,0808 278 7868,,TRUE,FALSE,FALSE,FALSE,,,,,4
Citizens Advice West Suffolk (Brandon),Brandon Town Council Office Old School House Market Hill,BRANDON,Suffolk,IP27 0AA,52.44733,.62416,,https://www.suffolkwestcab.org.uk,,,TRUE,FALSE,FALSE,,5/1/2026,0808 278 7868,,TRUE,FALSE,FALSE,FALSE,,,,,4
Citizens Advice West Suffolk (Bury St Edmunds),"The Risbygate Centre,90 Risbygate Street,",BURY ST EDMUNDS,Suffolk,IP33 3AA,52.2473,.70966,,https://www.suffolkwestcab.org.uk,,,TRUE,FALSE,FALSE,,5/1/2026,0808 278 7868,,TRUE,FALSE,FALSE,FALSE,,,,,4
Peterborough Citizens Advice,"No public access address, telephone/ digital provision only",Peterborough,Cambridgeshire,PE1,52.56915,-.28657,,https://citizensadvicepeterborough.org.uk/,,,TRUE,FALSE,FALSE,,25/2/2026,0808 278 7850,,TRUE,FALSE,FALSE,FALSE,,,,,4
Citizens Advice Braintree and South Essex - Witham,Collingwood Road (by Public Hall),WITHAM,Essex,CM8 2DY,51.801235,.6392450000000001,,www.cabse.org.uk,,,TRUE,FALSE,FALSE,,15/1/2026,0808 278 7852,,TRUE,FALSE,FALSE,FALSE,,,,,4
Citizens Advice Braintree and South Essex - Brentwood,"Suite 4, Town Hall Ingrave Road",BRENTWOOD,Essex,CM14 9PJ,51.61844,.30767,,https://cabse.org.uk,,,TRUE,FALSE,FALSE,,22/12/2025,0808 278 7877,,TRUE,FALSE,FALSE,FALSE,,,,,4
Citizens Advice Braintree and South Essex - Rayleigh,The Mill Hall Bellingham Lane,Rayleigh,Essex,SS6 7ED,51.587514999999996,.60667,,www.cabse.org.uk,,,TRUE,FALSE,FALSE,,31/12/2025,0808 278 7877,,TRUE,FALSE,FALSE,FALSE,,,,,4
Citizens Advice Braintree and South Essex - Rochford,Back Lane,ROCHFORD,Essex,SS4 1AY,51.582149999948946,.7045100001106236,,https://cabse.org.uk,,,TRUE,FALSE,FALSE,,31/12/2025,0808 278 7877,,TRUE,FALSE,FALSE,FALSE,,,,,4
Citizens Advice Braintree and South Essex - Thurrock,"Ground Floor, Voluntary & Community Resource Centre, High Street,",GRAYS,Essex,RM17 6XP,51.47483,.32231,,https://cabse.org.uk,,,TRUE,FALSE,FALSE,,8/1/2026,0808 278 7877,,TRUE,FALSE,FALSE,FALSE,,,,,4
Citizens Advice Braintree and South Essex - Basildon,"The Basildon Centre, St Martins Square,",Basildon,Essex,SS14 1DL,51.57114,.45507,,https://cabse.org.uk/,,,TRUE,FALSE,FALSE,,26/1/2026,0808 278 7877,,TRUE,FALSE,FALSE,FALSE,,,,,4
Citizens Advice East Suffolk (Felixstowe),2-6 Orwell Road,FELIXSTOWE,Suffolk,IP11 7HD,51.9616,1.3524,,https://www.citizensadviceeastsuffolk.org.uk,,,TRUE,FALSE,FALSE,,26/8/2025,08082787866,,TRUE,FALSE,FALSE,FALSE,,,,,4
Citizens Advice East Suffolk (Leiston),"14 Colonial House,Station Road,",LEISTON,Suffolk,IP16 4JD,52.20922953991225,1.5747417609406504,,https://www.citizensadviceeastsuffolk.org.uk,,,TRUE,FALSE,FALSE,,29/5/2025,08082787866,,TRUE,FALSE,FALSE,FALSE,,,,,4
Citizens Advice East Suffolk (Beccles),12 New Market,BECCLES,Suffolk,NR34 9HB,52.458057895886775,1.5624317343943785,,https://citizensadviceeastsuffolk.org.uk/,,,TRUE,FALSE,FALSE,,29/5/2025,08082787866,,TRUE,FALSE,FALSE,FALSE,,,,,4
Citizens Advice East Suffolk (Lowestoft),"St. Margaret's House, Gordon Road,",LOWESTOFT,Suffolk,NR32 1JQ,52.47674767425064,1.7548299217527437,,https://www.citizensadviceeastsuffolk.org.uk,,,TRUE,FALSE,FALSE,,29/5/2025,08082787866,,TRUE,FALSE,FALSE,FALSE,,,,,4
Citizens Advice East Suffolk (Woodbridge),7 Cumberland Street,,,IP12 4AH,52.09201,1.31577,,www.caes.org.uk,,,TRUE,FALSE,FALSE,,29/5/2025,08082787866,,TRUE,FALSE,FALSE,FALSE,,,,,4
Citizens Advice Cardiff & Vale ? Vale of Glamorgan Office,119 Broad Street,BARRY,,CF62 7TZ,51.40335,-3.27362,,https://cacv.org.uk,,,TRUE,FALSE,FALSE,,13/10/2025,0800 7022 020,,FALSE,FALSE,FALSE,TRUE,,,,,4
Citizens Advice Cardiff & Vale ? Cardiff Office,119 Broad Street Barry,CARDIFF,,CF62 7TZ,51.40335,-3.27362,,https://cacv.org.uk,,,TRUE,FALSE,FALSE,,13/10/2025,0800 7022 020,,FALSE,FALSE,FALSE,TRUE,,,,,4
Carmarthen Citizens Advice,PO Box 247,Llanelli,Carmarthenshire,SA15 9FQ,51.74003,-4.13934,,https://www.carmarthenshire-ca.org.uk,,,TRUE,FALSE,FALSE,,20/2/2025,01267 234 488,,FALSE,FALSE,FALSE,TRUE,,,,,4
Swansea Office,"(Postal enquiries should go to Citizens Advice, PO Box 826, Swansea, SA1 9WR). For our location go to : Y Storfa, 227-278 Oxford Street,",Swansea,,SA1 3EL,51.61908486788834,-3.948114124652027,,citizensadvicesnpt.org.uk,,,TRUE,FALSE,FALSE,,18/12/2025,03030 033 577,,FALSE,FALSE,FALSE,TRUE,,,,,4
Rhondda Cynon Taf Citizens Advice (Mountain Ash),Citizens Advice RCT Knight Street,Mountain Ash,Rhondda Cynon Taff,CF45 3EY,51.682375,-3.37926,,https://carct.org.uk,,,TRUE,FALSE,FALSE,,21/1/2026,01443 409284,,FALSE,FALSE,FALSE,TRUE,,,,,4
Rhondda Cynon Taf Citizens Advice (Pontypridd),Citizens Advice RCT 54-55 Taff Street,Pontypridd,,CF37 4TD,51.603931463406504,-3.340250664399582,,https://carct.org.uk/contact/our-locations/pontypridd-office/,,,TRUE,FALSE,FALSE,,28/11/2025,01443 409284,,FALSE,FALSE,FALSE,TRUE,,,,,4
Cyngor Ar Bopeth Ceredigion Citizens Advice,,Lampeter,Ceredigion,SA48 9BY,52.15497,-4.11486,,https://www.cabceredigion.org,,,TRUE,FALSE,FALSE,,4/2/2026,01239 621974,,FALSE,FALSE,FALSE,TRUE,,,,,4
Newport Citizens Advice Ltd,8 Corn Street,NEWPORT,,NP20 1DJ,51.588022986782114,-2.9949697092337844,,https://newportca.org.uk,,,TRUE,FALSE,FALSE,,9/1/2026,01633 222622,,FALSE,FALSE,FALSE,TRUE,,,,,4
Bridgend County Borough Citizens Advice Bureau,"Ground Floor, 26 Dunraven Place,",BRIDGEND,,CF31 1JD,51.506626031079406,-3.5796218202711065,,,,,TRUE,FALSE,FALSE,,5/8/2025,01656 762800,,FALSE,FALSE,FALSE,TRUE,,,,,4
Citizens Advice Caerphilly Blaenau Gwent (Risca),Park Road,RISCA,Caerphilly,NP11 6BJ,51.60632137573355,-3.0939218596578844,,https://www.citizensadvicecbg.org.uk,,,TRUE,FALSE,FALSE,,2/5/2025,0800 702 2020,,FALSE,FALSE,FALSE,TRUE,,,,,4
Citizens Advice Caerphilly Blaenau Gwent (Caerphilly),"Suite 1 De Clare House,5 Alfred Owen Way,Pontygwindy Industrial Estate",CAERPHILLY,Caerphilly,CF83 3HU,51.58942,-3.22566,,,,,TRUE,FALSE,FALSE,,13/8/2025,,,FALSE,FALSE,FALSE,TRUE,,,,,4
Citizens Advice Caerphilly Blaenau Gwent (Bargoed),1-2 Church Place,BARGOED,Caerphilly,CF81 8RP,51.69202,-3.23112,,https://www.citizensadvicecbg.org.uk/,,,TRUE,FALSE,FALSE,,2/3/2026,0800 702 2020,,FALSE,FALSE,FALSE,TRUE,,,,,4
Pembrokeshire (Pembroke Dock) CAB,38 Meyrick Street,PEMBROKE DOCK,Pembrokeshire,SA72 6UT,51.69199583441605,-4.943145562669925,,https://www.pembscab.org,,,TRUE,FALSE,FALSE,,16/9/2025,01437 806070,,FALSE,FALSE,FALSE,TRUE,,,,,4
Pembrokeshire (Haverfordwest) Citizens Advice,36-38 High Street,Haverfordwest,Pembrokeshire,SA61 2DA,51.801747841341204,-4.969344926459165,,https://www.pembscab.org,,,TRUE,FALSE,FALSE,,16/9/2025,01437 806070,,FALSE,FALSE,FALSE,TRUE,,,,,4
Merthyr Tydfil Citizens Advice,Citizens Advice Merthyr Tydfil Post Office Lane,MERTHYR TYDFIL,Merthyr Tydfil,CF47 8BE,51.746745000000004,-3.37866,,,,,TRUE,FALSE,FALSE,,4/3/2026,01685 382188,,FALSE,FALSE,FALSE,TRUE,,,,,4
Pontypool,"Portland Buildings, Commercial Street,",PONTYPOOL,Torfaen,NP4 6JS,51.70225,-3.04061,,,,,TRUE,FALSE,FALSE,,9/10/2025,01633876121,,FALSE,FALSE,FALSE,TRUE,,,,,4
Monmouthshire County (Abergavenny) Citizens Advice,19 a&b Cross Street,ABERGAVENNY,Monmouthshire,NP7 5EW,51.82088204854716,-3.016950684691918,,https://monca.org.uk/,,,TRUE,FALSE,FALSE,,25/2/2026,01873 856466,,FALSE,FALSE,FALSE,TRUE,,,,,4
Monmouthshire County (Caldicot) Citizens Advice,5A Church Road,CALDICOT,Monmouthshire,NP26 4BP,51.59198,-2.75031,,monca.org.uk,,,TRUE,FALSE,FALSE,,25/2/2026,01291 422119,,FALSE,FALSE,FALSE,TRUE,,,,,4
Monmouthshire County (Chepstow) Citizens Advice,"The Gate House, High Street,",CHEPSTOW,Monmouthshire,NP16 5LH,51.640995000000004,-2.676545,,https://monca.org.uk/,,,TRUE,FALSE,FALSE,,25/2/2026,01291 622660,,FALSE,FALSE,FALSE,TRUE,,,,,4
Monmouthshire County (Monmouth) Citizens Advice,23a Whitecross Street,MONMOUTH,,NP25 3BY,51.81304350542832,-2.7131346846038977,,https://monca.org.uk/,,,TRUE,FALSE,FALSE,,25/2/2026,01600 773297,,FALSE,FALSE,FALSE,TRUE,,,,,4
Conwy Gwynedd Citizens Advice (Dwyfor),"Llys Cynan, 12 Penlan Street",PWLLHELI,Gwynedd,LL53 5DH,52.888794828778174,-4.417292869442701,,https://www.cabconwygwynedd.wales,,,TRUE,FALSE,FALSE,,13/10/2025,0808 27 87 922 / 01758 383922,,FALSE,FALSE,FALSE,TRUE,,,,,4
Conwy Gwynedd Citizens Advice (Caernarfon),Siambr Buddug / Victoria Chambers Glan M�r Ucha / Crown Street,CAERNARFON,Gwynedd,LL55 1SY,53.14187,-4.27461,,https://www.cabconwygwynedd.cymru,,,TRUE,FALSE,FALSE,,13/10/2025,0808 27 87 922 / 01286 424922,,FALSE,FALSE,FALSE,TRUE,,,,,4
Conwy Gwynedd Citizens Advice (Meirionnydd Advice Centre),Doldir,DOLGELLAU,Gwynedd,LL40 1HA,52.742954999999995,-3.880635,,https://www.cabconwygwynedd.wales,,,TRUE,FALSE,FALSE,,13/10/2025,0808 27 87 922 / 01341 707922,,FALSE,FALSE,FALSE,TRUE,,,,,4
Conwy Gwynedd Citizens Advice (Bangor Advice Centre),"Canolfan Lafan, 2 Glanrafon",BANGOR,Gwynedd,LL57 1LH,53.22617687825936,-4.128099703584925,,https://www.cabconwygwynedd.wales,,,TRUE,FALSE,FALSE,,23/10/2025,01248 510922,,FALSE,FALSE,FALSE,TRUE,,,,,4
Conwy Gwynedd Citizens Advice (Conwy),"Llandudno Town Hall, Lloyd Street,","Llandudno,",Conwy,LL30 2UP,53.323859999999996,-3.830755,,https://caconwygwynedd.wales/,,,TRUE,FALSE,FALSE,,16/1/2026,01745 828705,,FALSE,FALSE,FALSE,TRUE,,,,,4
Mold Citizens Advice,"Terrig House,Chester Street,",MOLD,Flintshire,CH7 1EG,53.16715,-3.14011,,https://www.flintshirecab.org.uk,,,TRUE,FALSE,FALSE,,22/1/2026,01352 706840,,FALSE,FALSE,FALSE,TRUE,,,,,4
Holywell Citizens Advice,"The Old Library,Post Office Lane,",HOLYWELL,Flintshire,CH8 7LH,53.27355,-3.22226,,https://www.flintshirecab.org.uk,,,TRUE,FALSE,FALSE,,12/7/2024,0808 278 7923,,FALSE,FALSE,FALSE,TRUE,,,,,4
Deeside Citizens Advice,"Cable Street,Off Tuscan Way,Connah's Quay",DEESIDE,Flintshire,CH5 4DZ,53.21986601845926,-3.059912916933354,,https://www.flintshirecab.org.uk,,,TRUE,FALSE,FALSE,,27/6/2025,01352 706840,,FALSE,FALSE,FALSE,TRUE,,,,,4
Denbigh Citizens Advice,23 High Street,DENBIGH,Denbighshire,LL16 3HY,53.18353740164197,-3.419536022022095,,https://www.cadenbighshire.co.uk/home,,,TRUE,FALSE,FALSE,,17/10/2025,01745 346789,,FALSE,FALSE,FALSE,TRUE,,,,,4
Rhyl Citizens Advice,11 Water Street,RHYL,Denbighshire,LL18 1SP,53.32009691357736,-3.492562523055683,,https://www.cadenbighshire.co.uk/home,,,TRUE,FALSE,FALSE,,24/10/2025,01745 346789,,FALSE,FALSE,FALSE,TRUE,,,,,4
Ruthin Citizens Advice,Ruthin Library Record Street,RUTHIN,Denbighshire,LL15 1DS,53.113622884614664,-3.3095966632041085,,https://www.cadenbighshire.co.uk/home,,,TRUE,FALSE,FALSE,,25/2/2026,01745 346789,,FALSE,FALSE,FALSE,TRUE,,,,,4
Powys CAB - Newtown Advice Centre,Ladywell House,NEWTOWN,Powys,SY16 1QS,52.5132,-3.31593,,https://www.powyscitizensadvice.org.uk,,,TRUE,FALSE,FALSE,,2/3/2026,0345 601 8421,,FALSE,FALSE,FALSE,TRUE,,,,,4
Powys - Ystradgynlais Citizens Advice,"Welfare Hall,Brecon Road,",YSTRADGYNLAIS,Powys,SA9 1JJ,51.77753,-3.758027083796078,,https://www.powyscitizensadvice.org.uk,,,TRUE,FALSE,FALSE,,16/12/2025,0345 601 8421,,FALSE,FALSE,FALSE,TRUE,,,,,4
Powys CAB - Brecon,"St Davids House, 48 Free Street",BRECON,Powys,LD3 7BN,51.9462374801987,-3.388304790315318,,https://www.powyscitizensadvice.org.uk,,,TRUE,FALSE,FALSE,,2/3/2026,0345 601 8421,,FALSE,FALSE,FALSE,TRUE,,,,,4
Amlwch Citizens Advice Bureau,"Town Council Offices, Llawr y Llan, Lon Goch",Amlwch,Anglesey,LL68 9EN,53.409665,-4.344110000000001,,https://www.facebook.com/p/Canolfan-Cynghori-Ynys-Mon-100072297926883/?locale=en_GB,,,TRUE,FALSE,FALSE,,12/12/2025,01407 762278,,FALSE,FALSE,FALSE,TRUE,,,,,4
Llangefni Citizens Advice,"Canolfan Ebeneser, Bridge Street",LLANGEFNI,Anglesey,LL77 7PN,53.25574,-4.309615000000001,,https://www.facebook.com/p/Canolfan-Cynghori-Ynys-Mon-100072297926883/?locale=en_GB,,,TRUE,FALSE,FALSE,,12/12/2025,01407 762278,,FALSE,FALSE,FALSE,TRUE,,,,,4
Holyhead Citizens Advice Bureau,44 Market Street,HOLYHEAD,Anglesey,LL65 1UN,53.31009321485684,-4.633423545549418,,https://www.facebook.com/p/Canolfan-Cynghori-Ynys-Mon-100072297926883/?locale=en_GB,,,TRUE,FALSE,FALSE,,12/12/2025,01407 762278,,FALSE,FALSE,FALSE,TRUE,,,,,4
Wrexham Citizens Advice,35 Grosvenor Road,WREXHAM,,LL11 1BT,53.050404326141255,-2.9955717777955617,,https://www.wrexhamcitizensadvice.com,,,TRUE,FALSE,FALSE,,19/12/2025,01978 800548,,FALSE,FALSE,FALSE,TRUE,,,,,4
Citizens Advice South East Staffordshire (Lichfield),"based in District Council House, 20 Frog Lane, Lichfield",LICHFIELD,Staffordshire,WS13 6YU,52.681707620318846,-1.8265423995531986,,https://www.casestaffs.org.uk,,,TRUE,FALSE,FALSE,,9/2/2026,0808 278 7977,,TRUE,FALSE,FALSE,FALSE,,,,,4
Citizens Advice South East Staffordshire (Burntwood),"Wade House,7 Cannock Road,",BURNTWOOD,Staffordshire,WS7 1JS,52.68162,-1.93478,,https://www.casestaffs.org.uk,,,TRUE,FALSE,FALSE,,9/2/2026,0808 278 7977,,TRUE,FALSE,FALSE,FALSE,,,,,4
Citizens Advice Sandwell & Walsall (Oldbury),"Municipal Buildings,Halesowen Street,",OLDBURY,West Midlands,B69 2AB,52.50408,-2.01678,,https://www.citizensadvicesandwell-walsall.org,,,TRUE,FALSE,FALSE,,5/1/2026,0808 278 7812,,TRUE,FALSE,FALSE,FALSE,,,,,4
Citizens Advice Sandwell & Walsall (Cradley Heath),"Cradley Heath Community Centre,Reddal Hill Road,",CRADLEY HEATH,West Midlands,B64 5JG,52.47668,-2.0736,,https://www.citizensadvicesandwell-walsall.org,,,TRUE,FALSE,FALSE,,22/10/2025,0808 278 7812,,TRUE,FALSE,FALSE,FALSE,,,,,4
Citizens Advice Sandwell & Walsall (Tipton),"St Paul's Community Centre,Brick Kiln Street,",TIPTON,West Midlands,DY4 9BP,52.53026,-2.06695,,https://citizensadvicesandwell-walsall.org/,,,TRUE,FALSE,FALSE,,27/11/2025,03444 111 444,,TRUE,FALSE,FALSE,FALSE,,,,,4
Citizens Advice Sandwell & Walsall (Smethwick),Unit 6 Tollgate Shopping Precinct,SMETHWICK,West Midlands,B67 7RA,52.49609,-1.97241,,https://citizensadvicesandwell-walsall.org/,,,TRUE,FALSE,FALSE,,5/1/2026,0808 278 7812,,TRUE,FALSE,FALSE,FALSE,,,,,4
Citizens Advice Sandwell & Walsall (Walsall),E-Act Academy (Caretakers Cottage) Furzebank Way,Willenhall,West Midlands,WV12 4BD,52.59718793710869,-2.026817937108697,,https://citizensadvicesandwell-walsall.org/,,,TRUE,FALSE,FALSE,,29/10/2025,0808 278 7812,,TRUE,FALSE,FALSE,FALSE,,,,,4
Citizens Advice Sandwell & Walsall (Wednesbury),"Wednesbury Library, Walsall Street",Wednesbury,,WS10 9EH,52.554070282613814,-2.0147509844640097,,https://citizensadvicesandwell-walsall.org/,,,TRUE,FALSE,FALSE,,27/11/2025,,,TRUE,FALSE,FALSE,FALSE,,,,,4
Coventry Citizens Advice,1-7 Station Street,COVENTRY,West Midlands,CV6 5FL,52.4288,-1.49568,,https://www.coventrycitizensadvice.org.uk,,,TRUE,FALSE,FALSE,,13/2/2026,02476 22 3284,,TRUE,FALSE,FALSE,FALSE,,,,,4
Citizens Advice Solihull Borough,"176 Bosworth Drive, Chelmsley Wood,",SOLIHULL,West Midlands,B37 5DZ,52.47885,-1.74479,,casb.org.uk,,,TRUE,FALSE,FALSE,,26/6/2025,08082787976,,TRUE,FALSE,FALSE,FALSE,,,,,4
Citizens Advice Shropshire Shrewsbury Office,"Fletcher House,15 College Hill,",SHREWSBURY,Shropshire,SY1 1LY,52.70686563234817,-2.7550028503333825,,https://www.cabshropshire.org.uk,,,TRUE,FALSE,FALSE,,24/2/2026,0808 278 7894,,TRUE,FALSE,FALSE,FALSE,,,,,4
North Warwickshire Citizens Advice,"The Parish Rooms, Welcome Street,",ATHERSTONE,Warwickshire,CV9 1DU,52.57560536865887,-1.5427973997740705,,https://nwcab.org.uk/,,,TRUE,FALSE,FALSE,,14/4/2025,0808 250 5715,,TRUE,FALSE,FALSE,FALSE,,,,,4
Citizens Advice Bromsgrove & Redditch,50-52 Birmingham Road,BROMSGROVE,Worcestershire,B61 0DD,52.33897,-2.05544,,https://www.cabr.org.uk,,,TRUE,FALSE,FALSE,,12/2/2026,0808 278 7890,,TRUE,FALSE,FALSE,FALSE,,,,,4
Rugby Citizens Advice,"1st Floor, Chestnut House,32 North Street,",RUGBY,Warwickshire,CV21 2AG,52.37366697383125,-1.2623543420237142,,https://www.brancab.org.uk,,,TRUE,FALSE,FALSE,,18/12/2025,0808 250 5715,,TRUE,FALSE,FALSE,FALSE,,,,,4
Bedworth Citizens Advice,25 Congreve Walk,BEDWORTH,Warwickshire,CV12 8LX,52.47959,-1.47375,,https://www.brancab.org.uk,,,TRUE,FALSE,FALSE,,18/12/2025,0808 250 5715,,TRUE,FALSE,FALSE,FALSE,,,,,4
Nuneaton Citizens Advice Bureau,Town Hall,NUNEATON,Warwickshire,CV11 5AA,52.52178,-1.46734,,https://www.brancab.org.uk,,,TRUE,FALSE,FALSE,,18/12/2025,0808 250 5715,,TRUE,FALSE,FALSE,FALSE,,,,,4
Telford & The Wrekin Citizens Advice,"Suite 4, Syer House, Stafford Court, Stafford Park 1",Telford,Shropshire,TF3 3BD,52.679057688424166,-2.435785498518776,,https://citizensadvicetelfordandthewrekin.org.uk,,,TRUE,FALSE,FALSE,,5/11/2025,0808 278 7988,,TRUE,FALSE,FALSE,FALSE,,,,,4
Citizens Advice Dudley and Wolverhampton (Wolverhampton City Centre),"68 Victoria Street, WV1 3NX",Wolverhampton,West Midlands,WV1 3NX,52.58474138923272,-2.129591979037731,,https://www.citizensadvicedudley.org/,,,TRUE,FALSE,FALSE,,5/1/2026,08082787919,,TRUE,FALSE,FALSE,FALSE,,,,,4
Citizens Advice Dudley and Wolverhampton (Dudley),"Dudley House,Stone Street,",DUDLEY,West Midlands,DY1 1NS,52.51065,-2.08373,,https://www.citizensadvicedudley.org/,,,TRUE,FALSE,FALSE,,5/1/2026,08082787919,,TRUE,FALSE,FALSE,FALSE,,,,,4
Newcastle-under-Lyme & Kidsgrove (Liverpool Road) Citizens Advice Bureau,Kidsgrove Town Hall Liverpool Road,Kidsgrove,Staffordshire,ST7 4EH,53.08696178402462,-2.240598779293563,,http://www.casns.org.uk/,,,TRUE,FALSE,FALSE,,31/3/2025,0808 278 78 76,,TRUE,FALSE,FALSE,FALSE,,,,,4
Biddulph Citizens Advice,Biddulph Town Hall High St,Biddulph,Staffordshire,ST8 6AR,53.11712,-2.17565,,http://www.casns.org.uk/,,,TRUE,FALSE,FALSE,,21/1/2025,0808 278 78 76,,TRUE,FALSE,FALSE,FALSE,,,,,4
Leek Citizens Advice,"Leek Citizens Advice, Desk 10, One Stop Shop, Staffordshire Moorlands District Council Offices, Moorlands House, Stockwell Street",LEEK,Staffordshire,ST13 6HQ,53.10673295254206,-2.02534,,http://www.casns.org.uk/,,,TRUE,FALSE,FALSE,,21/2/2025,01538 3730 68,,TRUE,FALSE,FALSE,FALSE,,,,,4
Citizens Advice Cheadle,None,Cheadle,Staffordshire,ST10 1AA,52.98794,-1.98792,,http://www.casns.org.uk/,,,TRUE,FALSE,FALSE,,21/2/2025,0808 278 79 51,,TRUE,FALSE,FALSE,FALSE,,,,,4
Newcastle-under-Lyme & Kidsgrove (Well Street) Citizens Advice,25-27 Well Street,NEWCASTLE-UNDER-LYME,Staffordshire,ST5 1BP,53.00934,-2.22357,,http://www.casns.org.uk/,,,TRUE,FALSE,FALSE,,31/3/2025,0808 278 78 76 Local Adviceline,,TRUE,FALSE,FALSE,FALSE,,,,,4
Citizens Advice Staffordshire North and Stoke on Trent,"Advice House, Cheapside, Hanley",STOKE-ON-TRENT,Staffordshire,ST1 1HL,53.025195,-2.176735,,http://www.casns.org.uk/,,,TRUE,FALSE,FALSE,,6/1/2026,0808 278 78 76 Local Adviceline,,TRUE,FALSE,FALSE,FALSE,,,,,4
Wyre Forest Citizens Advice,21-23 New Road,KIDDERMINSTER,Worcestershire,DY10 1AF,52.38461,-2.24774,,https://www.wyreforestcab.org.uk,,,TRUE,FALSE,FALSE,,12/3/2025,0808 278 7891,,TRUE,FALSE,FALSE,FALSE,,,,,4
Citizens Advice West Northamptonshire and Cherwell (Wellingborough),"We are based in the community at various locations offering support from our Community Help and Information Points (CHIPs). For details on how to access CHIPs and our other services, please visit our website below:",https://www.cawnac.org.uk,Northamptonshire,NN8 4HR,52.30212,-.69629,,https://www.cawnac.org.uk,,,TRUE,FALSE,FALSE,,3/12/2025,03330383221,,TRUE,FALSE,FALSE,FALSE,,,,,4
Citizens Advice West Northamptonshire and Cherwell (Banbury and Bicester),"We are based in the community at various locations offering support from our Community Help and Information Points (CHIPs). For details on how to access CHIPs and our other services, please visit our website below:",https://www.cawnac.org.uk,Oxfordshire,OX26 6PS,51.89797,-1.14758,,https://www.cawnac.org.uk,,,TRUE,FALSE,FALSE,,7/1/2026,03330383221,,TRUE,FALSE,FALSE,FALSE,,,,,4
Citizens Advice West Northamptonshire and Cherwell (Northampton & Daventry),"We are based in the community at various locations offering support from our Community Help and Information Points (CHIPs). For details on how to access CHIPs and our other services, please visit our website below:",https://www.cawnac.org.uk,Oxfordshire,NN1 1ED,52.23585,-.89594,,https://www.cawnac.org.uk,,,TRUE,FALSE,FALSE,,21/1/2026,03330383221,,TRUE,FALSE,FALSE,FALSE,,,,,4
South Worcestershire (Wychavon) Citizens Advice,13 Port Street,Evesham,Worcestershire,WR11 3LD,52.09111,-1.94094,,http://www.citizensadvicesw.org.uk/,,,TRUE,FALSE,FALSE,,16/10/2024,0808 278 7891,,TRUE,FALSE,FALSE,FALSE,,,,,4
South Worcestershire (Malvern Hills) Citizens Advice Bureau,52 Prospect Close,Malvern,Worcestershire,WR14 2FD,52.11325,-2.30961,,http://www.citizensadvicesw.org.uk/,,,TRUE,FALSE,FALSE,,14/7/2025,0808 278 7891,,TRUE,FALSE,FALSE,FALSE,,,,,4
South Worcestershire (Droitwich) Citizens Advice,"The Library, Victoria Square",Droitwich,,WR9 8DQ,52.26711,-2.15097,,,,,TRUE,FALSE,FALSE,,22/9/2023,0808 278 7891,,TRUE,FALSE,FALSE,FALSE,,,,,4
Citizens Advice Worcester and Herefordshire (Hopmarket),"The Hopmarket,The Foregate,",WORCESTER,Worcestershire,WR1 1DL,52.19423,-2.2209,,https://www.citizensadviceworcester.org.uk,,,TRUE,FALSE,FALSE,,23/12/2025,0808 278 7891,,TRUE,FALSE,FALSE,FALSE,,,,,4
Citizens Advice Worcester and Herefordshire (Lowesmoor),"The Old Glove Factory,13a Lowesmoor,",WORCESTER,Worcestershire,WR1 2RS,52.19446211431795,-2.218296225248404,,https://www.citizensadviceworcester.org.uk,,,TRUE,FALSE,FALSE,,23/12/2025,0808 278 7891,,TRUE,FALSE,FALSE,FALSE,,,,,4
Citizens Advice Herefordshire,8 St Owen Street,HEREFORD,,HR1 2PJ,52.05564198888879,-2.713152766064199,,https://www.herefordshirecab.org.uk,,,TRUE,FALSE,FALSE,,23/12/2025,0344 826 9685,,TRUE,FALSE,FALSE,FALSE,,,,,4
Staffordshire South West (Cannock Office) Citizens Advice,"Civic Centre, 28 Beecroft Road",CANNOCK,Staffordshire,WS11 1BG,52.69226,-2.02907,,https://citizensadvicessw.org.uk/,,,TRUE,FALSE,FALSE,,22/12/2025,0808 278 7874,,TRUE,FALSE,FALSE,FALSE,,,,,4
Staffordshire South West (Stone) Citizens Advice,"Stone Town Council Offices,15 Station Road,",STONE,Staffordshire,ST15 8JP,52.90415255052847,-2.149558968510909,,https://citizensadvicessw.org.uk/,,,TRUE,FALSE,FALSE,,3/3/2026,0808 278 7874,,TRUE,FALSE,FALSE,FALSE,,,,,4
Staffordshire South West (Stafford) Citizens Advice,"1a and 1b St Mary's Place, Stafford",Stafford,Staffordshire,ST16 2AR,52.80591,-2.11854,,https://citizensadvicessw.org.uk/,,,TRUE,FALSE,FALSE,,3/3/2026,0808 278 7874,,TRUE,FALSE,FALSE,FALSE,,,,,4
Staffordshire South West (Rugeley Office) Citizens Advice,"7 Brook Square, Rugeley",RUGELEY,Staffordshire,WS15 2HX,52.759471484324166,-1.9353283702678266,,https://citizensadvicessw.org.uk/,,,TRUE,FALSE,FALSE,,22/12/2025,0808 278 7874,,TRUE,FALSE,FALSE,FALSE,,,,,4
Citizens Advice Staffordshire South West (Codsall),"The Council Offices, Wolverhampton Road, WV8 1PX",CODSALL,Staffordshire,WV8 1PX,52.62567,-2.19196,,https://citizensadvicessw.org.uk/,,,TRUE,FALSE,FALSE,,22/12/2025,0808 278 7874,,TRUE,FALSE,FALSE,FALSE,,,,,4
Citizens Advice South Warwickshire (Stratford upon Avon),"Elizabeth House, Church Street",STRATFORD UPON AVON,Warwickshire,CV37 6HX,52.190635,-1.707995,,https://www.casouthwarwickshire.org.uk,,,TRUE,FALSE,FALSE,,16/6/2025,0808 250 5715,,TRUE,FALSE,FALSE,FALSE,,,,,4
Citizens Advice South Warwickshire (Warwick District),10 Hamilton Terrace,LEAMINGTON SPA,Warwickshire,CV32 4LY,52.28899335856726,-1.5337359213249355,,https://www.casouthwarwickshire.org.uk,,,TRUE,FALSE,FALSE,,16/6/2025,0808 250 5715,,TRUE,FALSE,FALSE,FALSE,,,,,4
Citizens Advice Birmingham,"First floor, Wellington House 31 ? 34 Waterloo Street",BIRMINGHAM,West Midlands,B2 5TJ,52.48018,-1.90133,,https://www.bcabs.org.uk,,,TRUE,FALSE,FALSE,,4/3/2026,08082787990,,TRUE,FALSE,FALSE,FALSE,,,,,4
Citizens Advice Services Kettering,"Municipal Offices, Bowling Green Road,",KETTERING,Northamptonshire,NN15 7QX,52.39551,-.7261949999999999,,www.nnca.uk,,,TRUE,FALSE,FALSE,,19/11/2025,01536 482281,,TRUE,FALSE,FALSE,FALSE,,,,,4
Citizens Advice Services Corby,"The Corby Cube, Parkland Gateway, George Street",CORBY,Northamptonshire,NN17 1QG,52.48741,-.70442,,www.nnca.uk,,,TRUE,FALSE,FALSE,,19/11/2025,01536 265501,,TRUE,FALSE,FALSE,FALSE,,,,,4
Citizens Advice Mid Mercia (Derby city office),Marble Hall 80 Nightingale Road,Derby,Derbyshire,DE24 8BF,52.8982,-1.46046,,https://www.citizensadvicemidmercia.org.uk,,,TRUE,FALSE,FALSE,,9/10/2024,0808 2787972,,TRUE,FALSE,FALSE,FALSE,,,,,4
Citizens Advice Mid Mercia (Tamworth Advice Centre),"114 Church Street, Church Gresley",SWADLINCOTE,,DE11 9NR,52.76039739681328,-1.5648520380627082,,https://www.citizensadvicemidmercia.org.uk,,,TRUE,FALSE,FALSE,,14/8/2024,08082 787972,,TRUE,FALSE,FALSE,FALSE,,,,,4
Citizens Advice Mid Mercia (South Derbyshire),"114 Church Street,Church Gresley,",SWADLINCOTE,Derbyshire,DE11 9NR,52.76039739681328,-1.5648520380627082,,https://www.citizensadvicemidmercia.org.uk,,,TRUE,FALSE,FALSE,,14/8/2024,08082 787972,,TRUE,FALSE,FALSE,FALSE,,,,,4
Citizens Advice Mid Lincolnshire (Sleaford),"North Kesteven District Council, Kesteven Street,",SLEAFORD,Lincolnshire,NG34 7EF,52.999398067501005,-.4062174564872474,,https://camidlincs.org.uk,,,TRUE,FALSE,FALSE,,14/4/2025,08082787942,,TRUE,FALSE,FALSE,FALSE,,,,,4
Citizens Advice Mid Lincolnshire (Boston),"Municipal Buildings, West Street",BOSTON,Lincolnshire,PE21 8QR,52.97612,-.02718,,https://camidlincs.org.uk,,,TRUE,FALSE,FALSE,,3/2/2026,08082787942,,TRUE,FALSE,FALSE,FALSE,,,,,4
Citizens Advice South Lincolnshire (Grantham),70a Castlegate,GRANTHAM,Lincolnshire,NG31 6SH,52.91202,-.64014,,https://www.citizensadvicesouthlincs.org.uk,,,TRUE,FALSE,FALSE,,24/2/2026,0808 278 7996,,TRUE,FALSE,FALSE,FALSE,,,,,4
Citizens Advice South Lincolnshire (Spalding),"Council Offices, Priory Road,",SPALDING,Lincolnshire,PE11 2XE,52.78508,-.1524,,https://www.citizensadvicesouthlincs.org.uk,,,TRUE,FALSE,FALSE,,2/2/2026,0808 278 7996,,TRUE,FALSE,FALSE,FALSE,,,,,4
Citizens Advice South Lincolnshire (Stamford),"Stamford Day Centre, 33 Ryhall Road,",Stamford,Lincolnshire,PE9 1UF,52.6569,-.46802,,https://www.citizensadvicesouthlincs.org.uk,,,TRUE,FALSE,FALSE,,3/2/2025,0808 278 7996,,TRUE,FALSE,FALSE,FALSE,,,,,4
Citizens Advice LeicesterShire (Lutterworth),"The Symington Building, Adam and Eve St",Market Harborough,Leicestershire,LE16 7LT,52.478494999999995,-.920755,,https://citizensadviceleicestershire.org/get-advice/harborough/,,,TRUE,FALSE,FALSE,,30/1/2025,0808 2787854,,TRUE,FALSE,FALSE,FALSE,,,,,4
Citizens Advice LeicesterShire (Hinckley),"Hinckley Hub, Rugby Road",HINCKLEY,Leicestershire,LE10 0FR,52.535658779991,-1.3771242759922016,,https://citizensadviceleicestershire.org/get-advice/hinckley-bosworth/,,,TRUE,FALSE,FALSE,,6/2/2026,0808 278 7854,,TRUE,FALSE,FALSE,FALSE,,,,,4
Citizens Advice LeicesterShire (Market Harborough),"Harborough District Council,The Symington Building,Adam and Eve Street",Market Harborough,Leicestershire,LE16 7AG,52.4782125910634,-.9198962449223838,,https://citizensadviceleicestershire.org/get-advice/harborough/,,,TRUE,FALSE,FALSE,,2/1/2026,0808 278 7854,,TRUE,FALSE,FALSE,FALSE,,,,,4
Citizens Advice LeicesterShire (Coalville),"Stenson House, London Road",Coalville,Leicestershire,LE67 3FN,52.72364,-1.36843,,https://citizensadviceleicestershire.org/get-advice/north-west-leicestershire/,,,TRUE,FALSE,FALSE,,6/2/2026,0808 278 7854,,TRUE,FALSE,FALSE,FALSE,,,,,4
Citizens Advice LeicesterShire (Leicester),"1st Floor,Leicester City Council Customer Service Centre,91 Granby Street",LEICESTER,,LE1 6FB,52.63308,-1.12972,,https://citizensadviceleicestershire.org/get-advice/leicester/,,,TRUE,FALSE,FALSE,,6/2/2026,0808 2787970,,TRUE,FALSE,FALSE,FALSE,,,,,4
Citizens Advice LeicesterShire (Blaby),"Council Offices,Desford Road,Narborough",Narborough,Leicestershire,LE19 2EP,52.57312,-1.20504,,https://citizensadviceleicestershire.org/get-advice/blaby/,,,TRUE,FALSE,FALSE,,6/2/2026,0808 278 7854,,TRUE,FALSE,FALSE,FALSE,,,,,4
Leicestershire Citizens Advice Bureau (South Wigston),,,Leicestershire,,0,0,,https://citizensadviceleicestershire.org/,,,TRUE,FALSE,FALSE,,30/1/2025,0808 278 7854,,TRUE,FALSE,FALSE,FALSE,,,,,4
Citizens Advice Leicestershire (Oadby & Wigston),,,Leicestershire,,0,0,,https://citizensadviceleicestershire.org/,,,TRUE,FALSE,FALSE,,3/10/2023,0808 278 7854,,TRUE,FALSE,FALSE,FALSE,,,,,4
Citizens Advice LeicesterShire (Melton),Remotely for,Melton Mowbray,,LE13 1GH,52.76147,-.88441,,https://citizensadviceleicestershire.org/get-advice/melton/,,,TRUE,FALSE,FALSE,,30/1/2025,0808 278 7854,,TRUE,FALSE,FALSE,FALSE,,,,,4
Charnwood Citizens Advice,"Woodgate Chambers, 70 Woodgate,",LOUGHBOROUGH,Leicestershire,LE11 2TZ,52.76948,-1.20609,,https://www.charnwoodcab.org.uk,,,TRUE,FALSE,FALSE,,10/1/2024,01509 649605 or 0800 144 8848,,TRUE,FALSE,FALSE,FALSE,,,,,4
Charnwood (Shepshed) Citizens Advice,Shepshed Community Centre and Town Council 47a Charnwood Street Shepshed,LOUGHBOROUGH,Leicestershire,LE12 9QE,52.813099526290216,-1.2407553300073015,,https://www.charnwoodcab.org.uk,,,TRUE,FALSE,FALSE,,13/12/2023,01509 649605,,TRUE,FALSE,FALSE,FALSE,,,,,4
North East Derbyshire Citizens Advice,Clay Cross Active Market Street,CLAY CROSS,Derbyshire,S45 9LX,53.1692439469768,-1.4057377267108064,,https://www.citizensadvicened.org.uk,,,TRUE,FALSE,FALSE,,26/11/2025,0808 250 5702 Option 4,,TRUE,FALSE,FALSE,FALSE,,,,,4
Citizens Advice Lincoln & Lindsey (Gainsborough),"Guildhall,Marshall's Yard,",GAINSBOROUGH,Lincolnshire,DN21 2NA,53.39886,-.77265,,www.citizensadvicelincolnandlindsey.org.uk,,,TRUE,FALSE,FALSE,,20/1/2026,0808 278 7904,,TRUE,FALSE,FALSE,FALSE,,,,,4
Citizens Advice Lincoln & Lindsey (Lincoln),"1st Floor, City Hall, Beaumont Fee",LINCOLN,Lincolnshire,LN1 1DD,53.23104,-.54372,,www.citizensadvicelincolnandlindsey.org.uk/,,,TRUE,FALSE,FALSE,,6/3/2026,0808 2787904,,TRUE,FALSE,FALSE,FALSE,,,,,4
Citizens Advice Lincoln & Lindsey (Louth),"Unit 1,Meridian House,41 Eastgate",LOUTH,Lincolnshire,LN11 9NH,53.36714295254206,-.004545,,www.citizensadvicelincolnandlindsey.org.uk/,,,TRUE,FALSE,FALSE,,7/5/2025,0808 278 7904,,TRUE,FALSE,FALSE,FALSE,,,,,4
Citizens Advice Lincoln & Lindsey (Mablethorpe),"Inter Agency Centre,Stanley Avenue,",MABLETHORPE,Lincolnshire,LN12 1DP,53.33868,.25775,,www.citizensadvicelincolnandlindsey.org.uk/,,,TRUE,FALSE,FALSE,,10/12/2025,0808 278 7904,,TRUE,FALSE,FALSE,FALSE,,,,,4
Citizens Advice Lincoln & Lindsey (Skegness),20 Algitha Road,SKEGNESS,Lincolnshire,PE25 2AG,53.14430193166113,.3385355966577764,,www.citizensadvicelincolnandlindsey.org.uk,,,TRUE,FALSE,FALSE,,11/4/2025,0808 278 7904,,TRUE,FALSE,FALSE,FALSE,,,,,4
Citizens Advice (Chesterfield) Derbyshire Districts,6-8 Broad Pavement,CHESTERFIELD,Derbyshire,S40 1RP,53.23654675608993,-1.4261803175545693,,https://www.citizensadvicederbyshiredistricts.org.uk/,,,TRUE,FALSE,FALSE,,2/3/2026,Freephone 0808 278 7954,,TRUE,FALSE,FALSE,FALSE,,,,,4
Citizens Advice (Buxton) Derbyshire Districts,26 Spring Gardens,BUXTON,Derbyshire,SK17 6DE,53.25907625469795,-1.9117750533448563,,https://www.citizensadvicederbyshiredistricts.org.uk/,,,TRUE,FALSE,FALSE,,26/2/2026,Freephone 0808 278 7954,,TRUE,FALSE,FALSE,FALSE,,,,,4
Citizens Advice (Ilkeston) Derbyshire Districts,"Castledine House, 5 Heanor Road",ILKESTON,Derbyshire,DE7 8DY,52.98074,-1.31249,,https://www.citizensadvicederbyshiredistricts.org.uk/,,,TRUE,FALSE,FALSE,,26/2/2026,Freephone 0808 278 7954,,TRUE,FALSE,FALSE,FALSE,,,,,4
Citizens Advice (Heanor) Derbyshire Districts,"Town Hall, Market Place",HEANOR,Derbyshire,DE75 7AA,53.01377,-1.35309,,https://www.citizensadvicederbyshiredistricts.org.uk/,,,TRUE,FALSE,FALSE,,26/2/2026,Freephone 0808 278 7954,,TRUE,FALSE,FALSE,FALSE,,,,,4
Citizens Advice (Glossop) Derbyshire Districts,"1st Floor, Bradbury Community House",GLOSSOP,Derbyshire,SK13 8AR,53.44298,-1.95073,,https://www.citizensadvicederbyshiredistricts.org.uk/,,,TRUE,FALSE,FALSE,,26/2/2026,Freephone 0808 278 7954,,TRUE,FALSE,FALSE,FALSE,,,,,4
Citizens Advice (Matlock) Derbyshire Districts,"Town Hall, Bank Road",MATLOCK,Derbyshire,DE4 3NN,53.13968,-1.55426,,https://www.citizensadvicederbyshiredistricts.org.uk/,,,TRUE,FALSE,FALSE,,26/2/2026,Freephone 0808 278 7954,,TRUE,FALSE,FALSE,FALSE,,,,,4
Rutland Citizens Advice,56 High Street,OAKHAM,Rutland,LE15 6AL,52.6695,-.72864,,https://www.citizensadvicerutland.org.uk,,,TRUE,FALSE,FALSE,,21/1/2026,01572 723494,,TRUE,FALSE,FALSE,FALSE,,,,,4
Citizens Advice Nottingham & District,"Office 208, St Nicholas House, 31 Park Row",Nottingham,Nottinghamshire,NG1 6FQ,52.9531,-1.15539,,https://www.citizensadvicenottingham.org.uk,,,TRUE,FALSE,FALSE,,11/2/2026,0808 278 7974,,TRUE,FALSE,FALSE,FALSE,,,,,4
Citizens Advice North East Lincolnshire,"Melbourne House,16 Town Hall Street,",GRIMSBY,North East Lincolnshire,DN31 1HN,53.5653,-.08251,,https://www.advicenel.org.uk,,,TRUE,FALSE,FALSE,,5/1/2026,0808 2505 701,,TRUE,FALSE,FALSE,FALSE,,,,,4
Citizens Advice Central Nottinghamshire (Beeston Council office),"Ground Floor,Council Offices,Foster Avenue",NOTTINGHAM,Nottinghamshire,NG9 1AB,52.9271,-1.21856,,www.ca-centralnotts.org.uk,,,TRUE,FALSE,FALSE,,28/1/2026,0300 561 0330,,TRUE,FALSE,FALSE,FALSE,,,,,4
Citizens Advice Central Nottinghamshire (Ashfield),"Ashfield Health and Wellbeing Centre,Portland Street,",KIRKBY IN ASHFIELD,Nottinghamshire,NG17 7AE,53.100345000000004,-1.247965,,www.ca-centralnotts.org.uk,,,TRUE,FALSE,FALSE,,27/1/2026,03005610330,,TRUE,FALSE,FALSE,FALSE,,,,,4
Citizens Advice Central Nottinghamshire (Eastwood),"Library & Information Centre,Wellington Place,Nottingham Road",Nottingham,Nottinghamshire,NG16 3GB,53.0173478178115,-1.3011972535690262,,www.ca-centralnotts.org.uk,,,TRUE,FALSE,FALSE,,12/2/2026,0300 561 0330,,TRUE,FALSE,FALSE,FALSE,,,,,4
Citizens Advice Central Nottinghamshire (Castle House),"Castle House,Great North Road,",Newark,Nottinghamshire,NG24 1BY,53.07958,-.81459,,www.ca-centralnotts.org.uk,,,TRUE,FALSE,FALSE,,13/1/2026,01623 861769,,TRUE,FALSE,FALSE,FALSE,,,,,4
Citizens Advice Central Nottinghamshire (New Ollerton),"5 Forest Court, New Ollerton,",Newark,Nottinghamshire,NG22 9PL,53.20430863456775,-1.0024266498676468,,www.ca-centralnotts.org.uk,,,TRUE,FALSE,FALSE,,11/2/2026,0300 561 0330,,TRUE,FALSE,FALSE,FALSE,,,,,4
Bassetlaw Citizens Advice,100 - 102 Bridge Street,Worksop,,S80 1HZ,53.30236344109222,-1.1247815737278053,,https://canns.org.uk,,,TRUE,FALSE,FALSE,,25/4/2025,0300 561 2800,,TRUE,FALSE,FALSE,FALSE,,,,,4
Citizens Advice SORT Group (Oldham),Customer Service Centre Spindles Shopping Centre West Street,OLDHAM,Greater Manchester,OL1 1HD,53.54115,-2.11516,,https://www.casort.org,,,TRUE,FALSE,FALSE,,30/9/2025,0808 278 7803,,TRUE,FALSE,FALSE,FALSE,,,,,4
Citizens Advice SORT Group (Stockport),"Stopford House, Piccadilly",STOCKPORT,Greater Manchester,SK1 3UR,53.40709,-2.157425,,https://www.casort.org,,,TRUE,FALSE,FALSE,,30/9/2025,0808 278 7803,,TRUE,FALSE,FALSE,FALSE,,,,,4
Citizens Advice SORT Group (Rochdale),Number One Riverside Smith Street,ROCHDALE,Greater Manchester,OL16 1XU,53.61756,-2.15583,,https://casort.org,,,TRUE,FALSE,FALSE,,2/10/2025,0808 278 7803,,TRUE,FALSE,FALSE,FALSE,,,,,4
Citizens Advice SORT Group (Trafford),,,Trafford,M41 0NA,53.44915,-2.35549,,https://www.casort.org,,,TRUE,FALSE,FALSE,,17/9/2025,0808 278 7803,,TRUE,FALSE,FALSE,FALSE,,,,,4
Kirkby Citizens Advice Bureau,"142 Cherryfield Drive, Kirkby",Liverpool,Merseyside,L32 8RX,53.48132792302575,-2.888637307889564,,https://www.citizensadviceknowsley.org.uk,,,TRUE,FALSE,FALSE,,8/1/2026,0808 278 7839,,TRUE,FALSE,FALSE,FALSE,,,,,4
Huyton Citizens Advice,"27 Cavandish Walk, Huyton",Liverpool,Merseyside,L36 9YG,53.41131,-2.83896,,https://www.citizensadviceknowsley.org.uk,,,TRUE,FALSE,FALSE,,8/1/2026,0808 278 7839,,TRUE,FALSE,FALSE,FALSE,,,,,4
Halewood Citizens Advice,"142 Cherryfield Drive, Kirkby",Kirkby,Merseyside,L32 8RX,53.48137,-2.88793,,https://www.citizensadviceknowsley.org.uk,,,TRUE,FALSE,FALSE,,8/1/2026,0808 278 7839,,TRUE,FALSE,FALSE,FALSE,,,,,4
Cheshire East - Nantwich Citizens Advice Bureau,This office is not used for F2F delivery of general advice-please see access information on Crewe page,NANTWICH,Cheshire,CW5 5LY,53.07059,-2.51991,,https://www.citizensadvicece.org.uk,,,TRUE,FALSE,FALSE,,18/12/2025,0808 812 6186,,TRUE,FALSE,FALSE,FALSE,,,,,4
Cheshire East - Crewe Citizens Advice Bureau,"NOT OPEN TO THE PUBLIC FOR F2F DROP IN Citizens Advice Cheshire East Unit B, (Changing Lives Together) Victoria Centre, Crewe.",CREWE,Cheshire,CW1 2PU,53.09931315327022,-2.4426311285980282,,https://www.citizensadvicece.org.uk,,,TRUE,FALSE,FALSE,,18/12/2025,0808 812 6186,,TRUE,FALSE,FALSE,FALSE,,,,,4
Citizens Advice Cheshire West,"Wyvern House, The Drumber,",Winsford,Cheshire,CW7 1AD,53.18939,-2.5259,,https://www.citizensadvicecw.org.uk,,,TRUE,FALSE,FALSE,,5/1/2026,0808 278 7806,,TRUE,FALSE,FALSE,FALSE,,,,,4
Cheshire West - Ellesmere Port & Neston Citizens Advice,"The Portal, Wellington Road",ELLESMERE PORT,Cheshire,CH65 0BA,53.276375,-2.900935,,www.citizensadvicecw.org.uk,,,TRUE,FALSE,FALSE,,5/1/2026,0808 2787 806,,TRUE,FALSE,FALSE,FALSE,,,,,4
Cheshire West - Chester Citizens Advice,"The Bluecoat, Upper Northgate Street,",CHESTER,Cheshire,CH1 4EE,53.19448,-2.89384,,https://www.citizensadvicecw.org.uk,,,TRUE,FALSE,FALSE,,5/1/2026,0808 278 7806,,TRUE,FALSE,FALSE,FALSE,,,,,4
Citizens Advice Northwich,"Barons Quay, 10 Weaver Point , Cheshire",Northwich,,CW9 5FT,53.22029,-2.51766,,www.citizensadvicecw.org.uk,,,TRUE,FALSE,FALSE,,7/1/2026,0808 2787 806,,TRUE,FALSE,FALSE,FALSE,,,,,4
St Helens Citizens Advice,"2nd Floor, Millennium Centre, Corporation Street,",ST HELENS,Merseyside,WA10 1HJ,53.45314,-2.73177,,http://sthelenscab.org.uk/,,,TRUE,FALSE,FALSE,,14/5/2024,08082787985,,TRUE,FALSE,FALSE,FALSE,,,,,4
Citizens Advice Wirral,"Haymarket Court, Hinson Street,",Birkenhead,,CH41 5BX,53.39116,-3.01755,,https://www.citizensadvicewirral.org.uk,,,TRUE,FALSE,FALSE,,25/10/2024,0808 2787848,,TRUE,FALSE,FALSE,FALSE,,,,,4
Runcorn Citizens Advice,Unit 1-2 Orchard Walk Halton Lea Shopping Centre,Runcorn,Cheshire,WA7 2BS,53.32832,-2.69753,,https://www.haltoncab.org.uk,,,TRUE,FALSE,FALSE,,20/10/2025,0151 257 2440,,TRUE,FALSE,FALSE,FALSE,,,,,4
Widnes Citizens Advice,"Unit 3,Victoria Buildings ,Lugsdale Road",WIDNES,Cheshire,WA8 6DJ,53.362229211203235,-2.72991069843795,,https://www.haltoncab.org.uk,,,TRUE,FALSE,FALSE,,20/10/2025,01512572440,,TRUE,FALSE,FALSE,FALSE,,,,,4
Citizens Advice Sefton - Bootle,"Goddard Hall,297 Knowsley Road,",BOOTLE,Merseyside,L20 5DF,53.4589,-2.99635,,https://www.seftoncab.org.uk,,,TRUE,FALSE,FALSE,,9/10/2025,0808 278 7841,,TRUE,FALSE,FALSE,FALSE,,,,,4
Citizens Advice Sefton - Southport,23 Princes Street,SOUTHPORT,Merseyside,PR8 1EG,53.64509165167167,-3.005973768901167,,https://www.seftoncab.org.uk,,,TRUE,FALSE,FALSE,,9/10/2025,0808 278 7841,,TRUE,FALSE,FALSE,FALSE,,,,,4
Citizens Advice Bury and Bolton (Bury),"1st Floor, 5-10 Market PL",BURY,Greater Manchester,BL9 0LD,53.59370729245817,-2.2980735670215457,,https://www.cabb.org.uk/get-help,,,TRUE,FALSE,FALSE,,4/3/2026,0808 278 7804,,TRUE,FALSE,FALSE,FALSE,,,,,4
Citizens Advice Bury and Bolton (Bolton),"1 Victoria Plaza, Oxford Street",BOLTON,Greater Manchester,BL1 1RD,53.57880107969537,-2.429848892016115,,https://www.cabb.org.uk/get-help,,,TRUE,FALSE,FALSE,,4/3/2026,0808 278 7804,,TRUE,FALSE,FALSE,FALSE,,,,,4
Warrington Citizens Advice,"The Gateway, 89 Sankey Street,",WARRINGTON,Cheshire,WA1 1SR,53.3885,-2.5988,,https://cawarrington.org.uk/,,,TRUE,FALSE,FALSE,,24/9/2025,,,TRUE,FALSE,FALSE,FALSE,,,,,4
Leigh Citizens Advice,"Magnum House, Suite 2.1, 33 Lord St",LEIGH,Greater Manchester,WN7 1BY,53.49697783315828,-2.5153622613127444,,https://www.cawb.org.uk,,,TRUE,FALSE,FALSE,,2/12/2025,0808 2787 801,,TRUE,FALSE,FALSE,FALSE,,,,,4
Wigan Citizens Advice,Wigan Life Centre The Wiend,Wigan,Greater Manchester,WN1 1NH,53.54591,-2.630616587067159,,https://www.cawb.org.uk,,,TRUE,FALSE,FALSE,,6/6/2025,0808 2787 801,,TRUE,FALSE,FALSE,FALSE,,,,,4
Tameside District Citizens Advice,"Tameside One,Market Place,",ASHTON-UNDER-LYNE,Greater Manchester,OL6 6BH,53.49008,-2.09432,,https://www.tamesidecab.org.uk,,,TRUE,FALSE,FALSE,,3/3/2026,0808 278 7805,,TRUE,FALSE,FALSE,FALSE,,,,,4
Cheshire North - Macclesfield Citizens Advice Bureau,"Sunderland House,Sunderland Street,",MACCLESFIELD,Cheshire,SK11 6JF,53.25868,-2.12199,,https://www.citizensadvicecn.org.uk,,,TRUE,FALSE,FALSE,,10/2/2026,0808 812 6186,,TRUE,FALSE,FALSE,FALSE,,,,,4
Citizens Advice Manchester,Call Us on 0808 278 7800 or we have a number of locations in the community where people can drop in for support or video advice. Full listings of locations can be found on our website: https://www.citizensadvicemanchester.org.uk/face-to-face,MANCHESTER,Greater Manchester,M2 5DB,53.47927,-2.24456,,https://www.citizensadvicemanchester.org.uk,,,TRUE,FALSE,FALSE,,16/9/2024,0808 278 7800,,TRUE,FALSE,FALSE,FALSE,,,,,4
Cadishead Citizens Advice Bureau,"Cadishead Library,126, Liverpool Road.,Cadishead",SALFORD,Greater Manchester,M44 5AN,53.42789364212163,-2.4359980861959922,,https://www.salfordcab.org.uk,,,TRUE,FALSE,FALSE,,7/10/2024,08082787802,,TRUE,FALSE,FALSE,FALSE,,,,,4
Walkden Citizens Advice,"Walkden Gateway, 2 Smith Street, Walkden",Salford,Greater Manchester,M28 3EZ,53.524701535064644,-2.3979805962633547,,https://www.salfordcab.org.uk,,,TRUE,FALSE,FALSE,,9/2/2026,08082787802,,TRUE,FALSE,FALSE,FALSE,,,,,4
Eccles Citizens Advice,"Eccles Gateway Centre, 28, Barton Lane Eccles",Salford,Greater Manchester,M30 0TU,53.482459734500495,-2.339242261361009,,https://www.salfordcab.org.uk,,,TRUE,FALSE,FALSE,,9/2/2026,08082787802,,TRUE,FALSE,FALSE,FALSE,,,,,4
Salford City Citizens Advice,"Salford Shopping Centre, 25a Hankinson Way,",SALFORD,Greater Manchester,M6 5JA,53.48888,-2.28663,,https://www.salfordcab.org.uk,,,TRUE,FALSE,FALSE,,9/2/2026,0808 2787802,,TRUE,FALSE,FALSE,FALSE,,,,,4
Salford Royal Citizens Advice Bureau,"Salford Royal NHS Foundation TrustStott Lane,",SALFORD,,M6 8HD,53.48754,-2.32342,,https://www.salfordcab.org.uk,,,TRUE,FALSE,FALSE,,24/8/2023,,,TRUE,FALSE,FALSE,FALSE,,,,,4
Salford Citizens Advice Telephone and Email Service,Hankinson Way Salford,SALFORD,,M6 5JA,53.48846,-2.28667,,https://www.salfordcab.org.uk,,,TRUE,FALSE,FALSE,,9/2/2026,08082787802,,TRUE,FALSE,FALSE,FALSE,,,,,4
South Lakes Citizens Advice,1 Wainwright's Yard,KENDAL,Cumbria,LA9 4DP,54.32831,-2.74876,,https://www.southlakescab.org.uk,,,TRUE,FALSE,FALSE,,17/10/2025,08082787984,,TRUE,FALSE,FALSE,FALSE,,,,,4
South Lakes Citizens Advice Bureau (Ulverston),"Ulverston Business Centre,25 New Market Street,",Ulverston,Cumbria,LA12 7LR,54.19602975363481,-3.094916098033641,,https://www.southlakescab.org.uk,,,TRUE,FALSE,FALSE,,24/8/2023,03444 111 444,,TRUE,FALSE,FALSE,FALSE,,,,,4
Copeland (Whitehaven) Citizens Advice,"Phoenix House, 3-5 Jacktrees Road",Cleator Moor,Cumbria,CA25 5BD,54.51982070362893,-3.515124923141151,,https://citizensadvicecopeland.org.uk,,,TRUE,FALSE,FALSE,,18/12/2024,01946 693321,,TRUE,FALSE,FALSE,FALSE,,,,,4
Copeland (Millom) Citizens Advice,31 Wellington Street,Millom,Cumbria,LA18 4DG,54.20955385449269,-3.266454493524865,,https://citizensadvicecopeland.org.uk,,,TRUE,FALSE,FALSE,,18/12/2024,01229 772395,,TRUE,FALSE,FALSE,FALSE,,,,,4
Citizens Advice Carlisle & Eden (Penrith Office),2 Sandgate,Penrith,Cumbria,CA11 7TP,54.66526,-2.75064,,https://www.cac-e.org.uk/,,,TRUE,FALSE,FALSE,,3/7/2025,08082787844,,TRUE,FALSE,FALSE,FALSE,,,,,4
Citizens Advice Carlisle & Eden (Carlisle Office),4th Floor Broadacre House 16 - 20 Lowther Street,Carlisle,Cumbria,CA3 8DA,54.89332,-2.93275,,https://www.cac-e.org.uk/,,,TRUE,FALSE,FALSE,,3/7/2025,08082787844,,TRUE,FALSE,FALSE,FALSE,,,,,4
Barrow-In-Furness Citizens Advice,"Ramsden Hall, Abbey Road,",Barrow in Furness,Cumbria,LA14 5QW,54.11504,-3.2301,,https://www.barrowcitizensadvice.org.uk,,,TRUE,FALSE,FALSE,,22/7/2025,0808 2787 817,,TRUE,FALSE,FALSE,FALSE,,,,,4
Citizens Advice Allerdale,"Town Hall,Oxford Street,",WORKINGTON,Cumbria,CA14 2RS,54.64344,-3.55259,,https://citizensadviceallerdale.org.uk,,,TRUE,FALSE,FALSE,,22/12/2025,01900 604735,,TRUE,FALSE,FALSE,FALSE,,,,,4
Citizens Advice East Lancashire (Rossendale),Business Centre. Futures Park.,BACUP,Lancashire,OL13 0BB,53.69323,-2.2085749999999997,,https://www.cael.org.uk/,,,TRUE,FALSE,FALSE,,5/3/2026,0808 2787 975,,TRUE,FALSE,FALSE,FALSE,,,,,4
Citizens Advice East Lancashire (Burnley),"Calico, Centenary Court, Croft Street, Burnley, BB11 23D. We are situated next to Burnley Bus Station.",BURNLEY,Lancashire,BB11 2ED,53.78855,-2.24029,,https://www.cael.org.uk,,,TRUE,FALSE,FALSE,,5/3/2026,0808 278 7975,,TRUE,FALSE,FALSE,FALSE,,,,,4
Citizens Advice East Lancashire (Barnoldswick),"Civic Hall, Station Road",BARNOLDSWICK,Lancashire,BB18 5NA,53.91676973445217,-2.187594831171953,,www.cael.org.uk,,,TRUE,FALSE,FALSE,,5/3/2026,0808 278 7975,,TRUE,FALSE,FALSE,FALSE,,,,,4
Citizens Advice East Lancashire (Colne),,,Lancashire,BB8 0EL,53.85534,-2.16933,,https://www.cael.org.uk/,,,TRUE,FALSE,FALSE,,5/3/2026,0808 278 7975,,TRUE,FALSE,FALSE,FALSE,,,,,4
Citizens Advice East Lancashire (Nelson),"Nelson Business Centre, Cross Street",Nelson,Lancashire,BB9 7NN,53.837725,-2.215735,,https://www.cael.org.uk,,,TRUE,FALSE,FALSE,,5/3/2026,0808 278 7975,,TRUE,FALSE,FALSE,FALSE,,,,,4
Citizens Advice East Lancashire (Ribble Valley),"19/21 Wesleyan Row,Parson Lane,",CLITHEROE,Lancashire,BB7 2JY,53.87107,-2.39503,,https://www.cael.org.uk/,,,TRUE,FALSE,FALSE,,14/2/2026,0808 278 7975,,TRUE,FALSE,FALSE,FALSE,,,,,4
Citizens Advice East Lancashire (Hyndburn),"New Era Centre,Paradise Street ,",ACCRINGTON,Lancashire,BB5 1PB,53.75124,-2.36554,,www.cael.org.uk,,,TRUE,FALSE,FALSE,,5/3/2026,0808 2787 975,,TRUE,FALSE,FALSE,FALSE,,,,,4
North Lancashire (Lancaster) Citizens Advice,5 George Street,Lancaster,,LA1 1XQ,54.046788164779834,-2.7989415410659113,,https://www.northlancashirecab.org.uk,,,TRUE,FALSE,FALSE,,26/6/2024,01524 481508,,TRUE,FALSE,FALSE,FALSE,,,,,4
North Lancashire (Morecambe) Citizens Advice Bureau,"Oban House,87-89 Queen Street,",MORECAMBE,Lancashire,LA4 5EN,54.07205,-2.86291,,https://www.northlancashirecab.org.uk,,,TRUE,FALSE,FALSE,,3/4/2025,01524 481508,,TRUE,FALSE,FALSE,FALSE,,,,,4
Blackpool Citizens Advice,"6 - 10 Whitegate Drive,Devonshire Square,",BLACKPOOL,Lancashire,FY3 9AQ,53.81815,-3.03773,,https://www.blackpoolcab.org.uk,,,TRUE,FALSE,FALSE,,18/10/2023,0808 278 7818,,TRUE,FALSE,FALSE,FALSE,,,,,4
Preston Citizens Advice,"Town Hall Annexe, Birley Street,",PRESTON,Lancashire,PR1 2QE,53.759885,-2.6993150000000004,,https://www.facebook.com/CABPreston/,,,TRUE,FALSE,FALSE,,9/2/2026,See below Information about our service,,TRUE,FALSE,FALSE,FALSE,,,,,4
Citizens Advice Fylde,"Council Offices,Moor Street,Kirkham",Preston,Lancashire,PR4 2AU,53.78165709507364,-2.87804174612867,,www.citizensadvicefylde.org.uk,,,TRUE,FALSE,FALSE,,5/11/2025,0808 175 5550,,TRUE,FALSE,FALSE,FALSE,,,,,4
Blackburn with Darwen,"South Ribble Office Civic Centre, West Paddock",Leyland,,PR25 1DH,53.69036,-2.70391,,https://www.citizensadvicelancashirewest.org.uk,,,TRUE,FALSE,FALSE,,20/11/2025,0808 278 7880,,TRUE,FALSE,FALSE,FALSE,,,,,4
Lancashire West Citizens Advice (South Ribble),"Civic Centre, West Paddock",LEYLAND,Lancashire,PR25 1DH,53.68969182584273,-2.7097514949086685,,https://www.citizensadvicelancashirewest.org.uk,,,TRUE,FALSE,FALSE,,28/11/2025,0808 278 7880,,TRUE,FALSE,FALSE,FALSE,,,,,4
Lancashire West Citizens Advice (West Lancashire),"Unit 137, The Concourse Shopping Centre,",SKELMERSDALE,Lancashire,WN8 6HB,53.55079818505988,-2.772498362988023,,https://www.citizensadvicelancashirewest.org.uk,,,TRUE,FALSE,FALSE,,19/12/2025,0808 278 7880,,TRUE,FALSE,FALSE,FALSE,,,,,4
Lancashire West Citizens Advice (Wyre),"Fleetwood Market, Adelaide Street",FLEETWOOD,Lancashire,FY7 6AD,53.923545000000004,-3.0058499999999997,,https://www.citizensadvicelancashirewest.org.uk,,,TRUE,FALSE,FALSE,,28/1/2026,0808 278 7880,,TRUE,FALSE,FALSE,FALSE,,,,,4
Lancashire West Citizens Advice (Chorley),35-39 Market Street,CHORLEY,Lancashire,PR7 2SW,53.65291,-2.63222,,https://www.citizensadvicelancashirewest.org.uk,,,TRUE,FALSE,FALSE,,2/12/2025,0808 278 7880,,TRUE,FALSE,FALSE,FALSE,,,,,4
Citizens Advice Sheffield,PO BOX 6222,SHEFFIELD,,S1 9HL,53.37832,-1.47101,,https://citizensadvicesheffield.org.uk,,,TRUE,FALSE,FALSE,,20/1/2026,0808 278 7820,,TRUE,FALSE,FALSE,FALSE,,,,,4
Wakefield Citizens Advice,27 King Street (Disability Access at rear of building),WAKEFIELD,West Yorkshire,WF1 2SR,53.68337,-1.50153,,https://www.wakefielddistrictcab.co.uk,,,TRUE,FALSE,FALSE,,23/1/2026,0808 812 7134,,TRUE,FALSE,FALSE,FALSE,,,,,4
Citizens Advice Doncaster Borough (Mexborough),"Adwick Road,Behind New Surgery,",MEXBOROUGH,South Yorkshire,S64 0DB,53.49462,-1.28108,,https://www.cadoncasterborough.org/,,,TRUE,FALSE,FALSE,,20/8/2025,01302 243057,,TRUE,FALSE,FALSE,FALSE,,,,,4
Citizens Advice Doncaster Borough - Stainforth Methodist Church,"The Hope Centre,Stainforth Methodist Church,Church Road",DONCASTER,South Yorkshire,DN7 5NS,53.59232,-1.02904,,https://www.cadoncasterborough.org/,,,TRUE,FALSE,FALSE,,20/8/2025,01302 243057,,TRUE,FALSE,FALSE,FALSE,,,,,4
Citizens Advice Doncaster Borough (Thorne),The Bridge Centre Bridgestreet Thorne,Doncaster,South Yorkshire,DN8 5QH,53.61019,-.95983,,https://www.cadoncasterborough.org,,,TRUE,FALSE,FALSE,,12/8/2025,01302 243057,,TRUE,FALSE,FALSE,FALSE,,,,,4
Citizens Advice Doncaster Borough (Doncaster),Civic Office Waterdale,Doncaster,,DN1 3BU,53.51961,-1.13251,,https://www.cadoncasterborough.org,,,TRUE,FALSE,FALSE,,20/8/2025,01302 243057,,TRUE,FALSE,FALSE,FALSE,,,,,4
Hull and East Riding (Goole) Citizens Advice,80 Pasture Road,GOOLE,East Yorkshire,DN14 6HD,53.70765382512893,-.8742192236200563,,https://www.hullandeastridingcab.org.uk/,,,TRUE,FALSE,FALSE,,25/11/2025,0808 278 7981,,TRUE,FALSE,FALSE,FALSE,,,,,4
Hull and East Riding (Hull) Citizens Advice,"The Wilson Centre, Alfred Gelder Street,",HULL,East Yorkshire,HU1 2AG,53.74414,-.33520641956246083,,https://www.hullandeastridingcab.org.uk/,,,TRUE,FALSE,FALSE,,8/10/2025,0808 278 7981,,TRUE,FALSE,FALSE,FALSE,,,,,4
Hull and East Riding (Bridlington) Citizens Advice,6 Manor Street,BRIDLINGTON,East Yorkshire,YO15 2RU,54.08262,-.19223,,https://www.hullandeastridingcab.org.uk/,,,TRUE,FALSE,FALSE,,12/11/2025,0808 278 7981,,TRUE,FALSE,FALSE,FALSE,,,,,4
Hull and East Riding (Beverley) Citizens Advice Bureau,33 Lairgate,BEVERLEY,East Yorkshire,HU17 8ET,53.84228,-.43269,,https://www.hullandeastridingcab.org.uk/,,,TRUE,FALSE,FALSE,,24/2/2026,0808 278 7981,,TRUE,FALSE,FALSE,FALSE,,,,,4
Rotherham & District Citizens Advice,2 Upper Millgate,ROTHERHAM,South Yorkshire,S60 1PF,53.43149,-1.35727,,https://www.citizensadvicerotherham.org.uk,,,TRUE,FALSE,FALSE,,7/11/2025,0808 278 7911,,TRUE,FALSE,FALSE,FALSE,,,,,4
York & District Citizens Advice,"West Offices, Station Rise,",York,North Yorkshire,YO1 6GA,53.95845,-1.08929,,https://www.citizensadviceyork.org.uk,,,TRUE,FALSE,FALSE,,4/3/2026,0808 278 7895,,TRUE,FALSE,FALSE,FALSE,,,,,4
Kirklees Citizens Advice and Law Centre,"Units 5/6 Empire House,Wakefield Old Road,",DEWSBURY,West Yorkshire,WF12 8DJ,53.69192,-1.62679,,www.kcalc.org.uk,,,TRUE,FALSE,FALSE,,26/11/2025,0808 278 7896,,TRUE,FALSE,FALSE,FALSE,,,,,4
Bradford and Airedale Citizens Advice,31 Manor Row,BRADFORD,West Yorkshire,BD1 4PS,53.79721,-1.75588,,https://www.bradfordcab.com,,,TRUE,FALSE,FALSE,,10/12/2025,08082 787828,,TRUE,FALSE,FALSE,FALSE,,,,,4
Citizens Advice Ryedale,"Harrison House, Norton Road,",MALTON,North Yorkshire,YO17 9RD,54.132404726283795,-.7929333713005754,,https://www.cany.org.uk/,,,TRUE,FALSE,FALSE,,7/2/2025,0808 278 7900,,TRUE,FALSE,FALSE,FALSE,,,,,4
Citizens Advice Richmondshire,23 Newbiggin,RICHMOND,North Yorkshire,DL10 4DX,54.40368704745794,-1.7404781529179032,,https://www.cany.org.uk/,,,TRUE,FALSE,FALSE,,9/5/2025,0808 278 7900,,TRUE,FALSE,FALSE,FALSE,,,,,4
Citizens Advice Selby,38 Ousegate,SELBY,North Yorkshire,YO8 4NH,53.78482,-1.06564,,https://www.cany.org.uk/,,,TRUE,FALSE,FALSE,,21/2/2025,0808 278 7900,,TRUE,FALSE,FALSE,FALSE,,,,,4
Citizens Advice Craven,49 High Street,SKIPTON,North Yorkshire,BD23 1DT,53.96129,-2.01629,,https://www.cany.org.uk/,,,TRUE,FALSE,FALSE,,5/11/2025,0808 278 7900,,TRUE,FALSE,FALSE,FALSE,,,,,4
Citizens Advice Whitby,"Whitby Library, Windsor Terrace, Whitby, YO21 1EY",WHITBY,North Yorkshire,YO21 1EY,54.484529025321436,-.6149913260405466,,https://www.cany.org.uk/,,,TRUE,FALSE,FALSE,,9/5/2025,0808 2787900,,TRUE,FALSE,FALSE,FALSE,,,,,4
Citizens Advice Scarborough,13-15 Northway,SCARBOROUGH,North Yorkshire,YO11 1JH,54.28085,-.40578000000000003,,https://www.cany.org.uk,,,TRUE,FALSE,FALSE,,9/5/2025,0808 2787900,,TRUE,FALSE,FALSE,FALSE,,,,,4
Citizens Advice Hambleton,277 High Street,NORTHALLERTON,North Yorkshire,DL7 8DW,54.34260122283094,-1.4375980762220173,,https://www.cany.org.uk/,,,TRUE,FALSE,FALSE,,13/1/2026,0808 278 7900,,TRUE,FALSE,FALSE,FALSE,,,,,4
Citizens Advice Harrogate,"Audrey Burton House, Queensway,",HARROGATE,North Yorkshire,HG1 5LX,53.99271246292135,-1.5356462314606734,,https://www.cany.org.uk/,,,TRUE,FALSE,FALSE,,28/10/2025,0808 278 7900,,TRUE,FALSE,FALSE,FALSE,,,,,4
Barnsley Citizens Advice,"1st Floor,Wellington House,36 Wellington Street",BARNSLEY,South Yorkshire,S70 1WA,53.55085,-1.48083,,https://www.barnsleycab.org.uk,,,TRUE,FALSE,FALSE,,12/1/2026,0800 144 8848,,TRUE,FALSE,FALSE,FALSE,,,,,4
Citizens Advice Calderdale,"37 Harrison Road,",HALIFAX,West Yorkshire,HX1 2AF,53.72019,-1.86261,,https://www.calderdalecab.org.uk,,,TRUE,FALSE,FALSE,,5/12/2025,0808 278 7879,,TRUE,FALSE,FALSE,FALSE,,,,,4
Citizens Advice North Lincolnshire,"Scunthorpe Central, Carlton Street,",SCUNTHORPE,North Lincolnshire,DN15 6TX,53.589793409383255,-.6421620896219923,,https://www.citizensadvicenlincs.org.uk,,,TRUE,FALSE,FALSE,,24/2/2026,01724 870941,,TRUE,FALSE,FALSE,FALSE,,,,,4
Leeds Citizens Advice & Law Centre,"Oxford House, Oxford Row",LEEDS,West Yorkshire,LS1 3BE,53.80075,-1.55095,,https://www.citizensadviceleeds.org.uk,,,TRUE,FALSE,FALSE,,12/11/2025,0808 2 78 78 78,,TRUE,FALSE,FALSE,FALSE,,,,,4
Chapeltown Citizens Advice,"Chapeltown Citizens Advice, Willow House, New Roscoe Buildings, Cross Francis Street",LEEDS,West Yorkshire,LS7 4BZ,53.813765000000004,-1.53224,,https://www.citizensadvice.org.uk/local/chapeltown/,,,TRUE,FALSE,FALSE,,3/11/2025,0808 278 78 78,,TRUE,FALSE,FALSE,FALSE,,,,,4
"Citizens Advice Darlington, Redcar and Cleveland (Darlington Office)","The CORE, Church Row,",DARLINGTON,County Durham,DL1 5QD,54.524384999999995,-1.5537,,https://www.citizensadvicedrc.org.uk/,,,TRUE,FALSE,FALSE,,8/10/2025,01325 266888,,TRUE,FALSE,FALSE,FALSE,,,,,4
"Citizens Advice Darlington, Redcar and Cleveland (Redcar & Cleveland Office)",17 Queen Street,Redcar,Cleveland,TS10 1AB,54.61842844459601,-1.070757945518568,,https://www.citizensadvicedrc.org.uk/,,,TRUE,FALSE,FALSE,,22/1/2026,01642 030000,,TRUE,FALSE,FALSE,FALSE,,,,,4
North Shields Citizens Advice,"Camden House,Camden Street,",NORTH SHIELDS,Tyne & Wear,NE30 1ND,55.00819,-1.444255,,https://www.ntcab.org.uk,,,TRUE,FALSE,FALSE,,21/11/2025,0808 278 7822,,TRUE,FALSE,FALSE,FALSE,,,,,4
Wallsend Citizens Advice,"Wallsend Customer First Centre,16 The Forum,",WALLSEND,Tyne & Wear,NE28 8JR,54.99141,-1.53496,,https://www.ntcab.org.uk,,,TRUE,FALSE,FALSE,,21/11/2025,0300 3309 047,,TRUE,FALSE,FALSE,FALSE,,,,,4
Stockton & District Citizens Advice & Information Service,Unit 5 Wellington Square,STOCKTON-ON-TEES,TEESSIDE,TS18 1RG,54.56623,-1.31367,,https://www.stockton-cab.co.uk,,,TRUE,FALSE,FALSE,,7/5/2025,01642 633877,,TRUE,FALSE,FALSE,FALSE,,,,,4
Citizens Advice Sunderland,5A Waterloo Place,Sunderland,Tyne & Wear,SR1 3HT,54.90506,-1.3827,,,,,TRUE,FALSE,FALSE,,29/8/2024,0808 278 7950,,TRUE,FALSE,FALSE,FALSE,,,,,4
South Tyneside Citizens Advice,"Edinburgh Buildings,2 Station Approach,",SOUTH SHIELDS,Tyne & Wear,NE33 1HR,54.99864991978743,-1.4334286819652329,,https://www.southtynelca.net/,,,TRUE,FALSE,FALSE,,2/3/2026,0191 455 7958,,TRUE,FALSE,FALSE,FALSE,,,,,4
Citizens Advice Newcastle,"4th Floor,City Library,Charles Avison Building, 33 New Bridge Street West",NEWCASTLE-UPON-TYNE,,NE1 8AX,54.97499,-1.61044,,https://citizensadvice-newcastle.org.uk/,,,TRUE,FALSE,FALSE,,8/10/2025,08082787823,,TRUE,FALSE,FALSE,FALSE,,,,,4
Middlesbrough Citizens Advice,9 Linthorpe Road,MIDDLESBROUGH,Cleveland,TS1 1RE,54.577966164981355,-1.236576485677374,,www.mcab.org.uk,,,TRUE,FALSE,FALSE,,2/2/2026,,,TRUE,FALSE,FALSE,FALSE,,,,,4
Hartlepool Citizens Advice,87 Park Road,HARTLEPOOL,,TS26 9HP,54.68239704745794,-1.2183788941907188,,https://www.citizensadvice-hartlepool.org.uk,,,TRUE,FALSE,FALSE,,11/2/2026,01429 408401,,TRUE,FALSE,FALSE,FALSE,,,,,4
Citizens Advice Gateshead,"Davidson Building,Swan Street,",GATESHEAD,Tyne & Wear,NE8 1BG,54.96243,-1.60469,,https://citizensadvicegateshead.org.uk/,,,TRUE,FALSE,FALSE,,25/4/2024,08082787902,,TRUE,FALSE,FALSE,FALSE,,,,,4
RCJ Advice (Islington),"222 Upper Street,Islington,",LONDON,,N1 1XR,51.54433,-.10364,,https://islingtoncab.org,,,TRUE,FALSE,FALSE,,17/1/2024,0808 278 7836,,TRUE,FALSE,FALSE,FALSE,,,,,4
Westminster CAB,The Stowe Centre 258 Harrow Road,LONDON,,W2 5ES,51.52007360970508,-.19013423307958838,,https://www.westminstercab.org.uk,,,TRUE,FALSE,FALSE,,16/2/2026,0808 278 7834,,TRUE,FALSE,FALSE,FALSE,,,,,4
Citizens Advice Lewisham,"Leemore Community Hub, Bonfield Road, Lewisham",LONDON,,SE13 5EU,51.459845,-.00724,,https://www.citizensadvicelewisham.org.uk,,,TRUE,FALSE,FALSE,,9/10/2025,0800 231 5453,,TRUE,FALSE,FALSE,FALSE,,,,,4
Peckham Citizens Advice,97 Peckham High Street,LONDON,,SE15 5RS,51.4738108257518,-.06902550132988639,,https://www.citizensadvicesouthwark.org.uk,,,TRUE,FALSE,FALSE,,18/1/2026,080 8278 7849,,TRUE,FALSE,FALSE,FALSE,,,,,4
Walworth Citizens Advice,6-8 Westmoreland Road,LONDON,,SE17 2AY,51.48421084746274,-.09305271318425545,,https://www.citizensadvicesouthwark.org.uk,,,TRUE,FALSE,FALSE,,18/1/2026,080 8278 7849,,TRUE,FALSE,FALSE,FALSE,,,,,4
Citizens Advice Croydon,"Southbridge House, Southbridge Place",Croydon,,CR0 4HA,51.36753,-.105115,,https://www.citizensadvicecroydon.org,,,TRUE,FALSE,FALSE,,13/1/2026,08001448848,,TRUE,FALSE,FALSE,FALSE,,,,,4
Citizens Advice Sutton (Sutton Office),"Civic Offices, St Nicholas Way,","Sutton, Surrey",,SM1 1EA,51.36163,-.19492,,https://www.citizensadvicesutton.org.uk,,,TRUE,FALSE,FALSE,,24/8/2023,0208 405 3552,,TRUE,FALSE,FALSE,FALSE,,,,,4
Citizens Advice Sutton (Carshalton Office),68 Parkgate Road,WALLINGTON,Surrey,SM6 0AH,51.36445,-.15468,,https://www.citizensadvicesutton.org.uk,,,TRUE,FALSE,FALSE,,18/10/2023,0208 405 3552,,TRUE,FALSE,FALSE,FALSE,,,,,4
Citizens Advice Kensington & Chelsea,Citizens Advice Kensington and Chelsea 37 Pembroke Road,LONDON,,W8 6PW,51.49424,-.20104,,https://www.citizensadvicekc.org.uk,,,TRUE,FALSE,FALSE,,29/1/2026,0808 278 7982,,TRUE,FALSE,FALSE,FALSE,,,,,4
Kingston Citizens Advice,"Neville House ,55 Eden Street,",Kingston,Surrey,KT1 1BW,51.41018554998263,-.3024872004538867,,https://www.citizensadvicekingston.org.uk,,,TRUE,FALSE,FALSE,,30/9/2025,0203 166 0953,,TRUE,FALSE,FALSE,FALSE,,,,,4
Citizens Advice Hammersmith and Fulham,"Avonmore Library & Neighbourhood Centre, 7 North End Crescent, (Public Entrance in North End Road)",LONDON,,W14 8TG,51.49258,-.20714,,http://cahf.org.uk/,,,TRUE,FALSE,FALSE,,2/3/2026,0808 278 7832,,TRUE,FALSE,FALSE,FALSE,,,,,4
Greenwich (Woolwich) Citizens Advice,"North Wing, The Gatehouse Frances Street SE18 5EF",LONDON,,SE18 5EF,51.48764839038757,.05618701201554441,,https://www.greenwichcab.org.uk,,,TRUE,FALSE,FALSE,,26/1/2026,080 8278 7965,,TRUE,FALSE,FALSE,FALSE,,,,,4
Greenwich Money Advice Service,"North Wing, The Gatehouse, Frances Street",LONDON,,SE18 5EF,51.48764839038757,.05618701201554441,,https://www.greenwichcab.org.uk,,,TRUE,FALSE,FALSE,,29/4/2025,020 8309 8646,,TRUE,FALSE,FALSE,FALSE,,,,,4
Citizens Advice Wandsworth (Roehampton Centre),Picasso Building Mount Clare Minstead Gardens,Roehampton,London,SW15 4EE,51.45191,-.25101,,https://www.cawandsworth.org,,,TRUE,FALSE,FALSE,,5/1/2026,0808 278 7833 (Adviceline),,TRUE,FALSE,FALSE,FALSE,,,,,4
Citizens Advice Wandsworth (Battersea Library Centre),"Battersea Library, 265 Lavender Hill",London,,SW11 1JB,51.46403,-.16417,,https://www.cawandsworth.org,,,TRUE,FALSE,FALSE,,5/1/2026,0808 278 7833,,TRUE,FALSE,FALSE,FALSE,,,,,4
Bromley Town Citizens Advice,"Community House, South Street,",BROMLEY,Kent,BR1 1RH,51.40673,.01656,,https://www.bromleycab.org.uk/,,,TRUE,FALSE,FALSE,,9/9/2024,0808 278 7898,,TRUE,FALSE,FALSE,FALSE,,,,,4
Citizens Advice Merton & Lambeth,326 London Road,Mitcham,London,CR4 3ND,51.40134,-.16872,,https://www.caml.org.uk,,,TRUE,FALSE,FALSE,,1/12/2025,0808 278 7831,,TRUE,FALSE,FALSE,FALSE,,,,,4
Citizens Advice Merton & Lambeth,"7 Crown Parade, Crown Lane",Morden,London,SM4 5DA,51.40158,-.19673,,https://www.caml.org.uk,,,TRUE,FALSE,FALSE,,1/12/2025,0808 278 7831,,TRUE,FALSE,FALSE,FALSE,,,,,4
Citizens Advice Merton & Lambeth,91 Kennington Lane,London,,SE11 4HQ,51.490293177080964,-.10689714161145202,,https://www.caml.org.uk,,,TRUE,FALSE,FALSE,,1/12/2025,0800 254 0298,,TRUE,FALSE,FALSE,FALSE,,,,,4
Sheen Citizens Advice,,LONDON,,SW14 8LP,51.46596,-.25878,,https://www.citizensadvicerichmond.org,,,TRUE,FALSE,FALSE,,27/2/2026,080 82 78 78 73,,TRUE,FALSE,FALSE,FALSE,,,,,4
Hampton Hill Citizens Advice,"1st Floor, 94-102 High Street, Hampton Hill",HAMPTON,Middlesex,TW12 1NY,51.42751,-.35489,,https://www.citizensadvicerichmond.org,,,TRUE,FALSE,FALSE,,27/2/2026,080 82 78 78 73,,TRUE,FALSE,FALSE,FALSE,,,,,4
Hampton Citizens Advice,"White House,Community Centre,45 The Avenue",HAMPTON,Middlesex,TW12 3RN,51.42398508580562,-.3770374502316347,,https://www.citizensadvicerichmond.org,,,TRUE,FALSE,FALSE,,15/7/2025,080 82 78 78 73,,TRUE,FALSE,FALSE,FALSE,,,,,4
North Barnes Ext,"Castelnau Youth Centre,Stillingfleet Road,",LONDON,,SW13 9AQ,51.48366,-.24092,,https://www.citizensadvicerichmond.org,,,TRUE,FALSE,FALSE,,18/1/2024,080 82 78 78 73,,TRUE,FALSE,FALSE,FALSE,,,,,4
Citizens Advice Haringey,20e Waltheof Gardens,LONDON,,N17 7DN,51.60153944844194,-.08675024509607185,,https://www.citizensadviceharingey.org.uk,,,TRUE,FALSE,FALSE,,2/1/2026,0808 278 7966,,TRUE,FALSE,FALSE,FALSE,,,,,4
Feltham Citizens Advice,"2nd Floor, The Centre,High Street,",FELTHAM,Middlesex,TW13 4GU,51.44637,-.41109,,https://www.hounslowcabs.org.uk,,,TRUE,FALSE,FALSE,,4/3/2026,0808 278 7830,,TRUE,FALSE,FALSE,FALSE,,,,,4
Brentford & Chiswick Citizens Advice,"Town Hall,Heathfield Terrace,",CHISWICK,London,W4 4JN,51.49151,-.26454,,https://www.hounslowcabs.org.uk,,,TRUE,FALSE,FALSE,,4/3/2026,0808 278 7830,,TRUE,FALSE,FALSE,FALSE,,,,,4
Uxbridge Citizens Advice,"Postal address: CAH, PO Box 81983",Uxbridge,Middlesex,Ub8 9rj,51.53733,-.48733,,https://www.hillingdoncab.org.uk,,,TRUE,FALSE,FALSE,,5/3/2026,0808 278 7893,,TRUE,FALSE,FALSE,FALSE,,,,,4
Citizens Advice Havering,First Floor Romford Central Library St Edwards Way,Romford,Essex,RM1 3AR,51.58034153344036,.1834431534756745,,https://citizensadvicehavering.org.uk/,,,TRUE,FALSE,FALSE,,5/1/2026,0808 189 8273,,TRUE,FALSE,FALSE,FALSE,,,,,4
Bexley Citizens Advice,42 Pier Road,ERITH,Kent,DA8 1TA,51.48012,.1791,,https://www.bexleycab.org.uk,,,TRUE,FALSE,FALSE,,2/1/2026,0808 2505709 option 4 or 01322 916021,,TRUE,FALSE,FALSE,FALSE,,,,,4
Citizens Advice Redbridge,We have no offices that are open for public drop ins.,Ilford,Essex,IG1 1EA,51.55806,.0753,,https://www.citizensadviceredbridge.org.uk,,,TRUE,FALSE,FALSE,,3/3/2026,0808 2787872,,TRUE,FALSE,FALSE,FALSE,,,,,4
Barking Citizens Advice,"Barking Learning Centre, 2 Town Square,",BARKING,Essex,IG11 7NB,51.5362,.07938,,https://www.bdcab.org.uk,,,TRUE,FALSE,FALSE,,26/2/2026,0808 278 7870,,TRUE,FALSE,FALSE,FALSE,,,,,4
Dagenham Citizens Advice,339 Heathway,Dagenham,Essex,RM9 5AF,51.544275,.14783877542897694,,https://www.bdcab.org.uk,,,TRUE,FALSE,FALSE,,23/1/2026,0808 278 7870,,TRUE,FALSE,FALSE,FALSE,,,,,4
Citizens Advice Waltham Forest,You can find us at the following Community Drop-in sessions: Tuesdays: Queens Road Family Hub ? 9:45am to 11:15am Thursdays: Walthamstow Library ? 9:45am to 11:15am Please note that we are only available at these locations during the times listed above.,,,N/A,0,0,,https://www.citizensadvice.org.uk/local/waltham-forest/,,,TRUE,FALSE,FALSE,,1/12/2025,08000 234 974,,TRUE,FALSE,FALSE,FALSE,,,,,4
Citizens Advice Brent,"270-272 High Rd, Willesden,",London,,NW10 2EY,51.54865952719001,-.23837898706393204,,https://www.citizensadvicebrent.org.uk,,,TRUE,FALSE,FALSE,,21/1/2026,020 8438 1249,,TRUE,FALSE,FALSE,FALSE,,,,,4
Towerhamlets (East End) Citizens Advice,32 Greatorex Street,LONDON,,E1 5NP,51.51866,-.0675,,https://www.eastendcab.org.uk,,,TRUE,FALSE,FALSE,,14/1/2026,020 3855 4472,,TRUE,FALSE,FALSE,FALSE,,,,,4
Hackney Citizens Advice,"300 Mare Street,Hackney,",LONDON,,E8 1HE,51.5457901237403,-.05508774929561869,,https://www.eastendcab.org.uk,,,TRUE,FALSE,FALSE,,14/1/2026,020 3880 2023,,TRUE,FALSE,FALSE,FALSE,,,,,4
Newham (East End) Citizens Advice Bureau,"123 Star Lane, The Hub, 2nd Floor",LONDON,,E16 4PZ,51.51964,.01146,,https://www.eastendcab.org.uk,,,TRUE,FALSE,FALSE,,29/1/2026,020 3855 5233,,TRUE,FALSE,FALSE,FALSE,,,,,4
Barnet Hub Citizens Advice Bureau,40-44 Church End,Hendon,,NW4 4JT,51.59105217490864,-.2272074786705707,,https://www.barnetcab.org.uk,,,TRUE,FALSE,FALSE,,11/2/2026,080 8250 5708,,TRUE,FALSE,FALSE,FALSE,,,,,4
Citizens Advice Camden,141a Robert Street,LONDON,,NW1 3QT,51.52839,-.14264,,https://www.camdencabservice.org.uk/,,,TRUE,FALSE,FALSE,,28/10/2025,0800 028 3146,,TRUE,FALSE,FALSE,FALSE,,,,,4
Enfield Citizens Advice Bureau,"Unit 3, Vincent House 2E Nags Head Road Ponders End",ENFIELD,Middlesex,EN3 7FN,51.64848756750761,-.04575379595308847,,https://www.citizensadviceenfield.org.uk/,,,TRUE,FALSE,FALSE,,2/1/2026,0800 014 8307,,TRUE,FALSE,FALSE,FALSE,,,,,4
Citizens Advice,London,London,,EC1A 4HD,51.5175,-0.0975074,,,,"If you're having issues with money or debt, you can:
  talk to us online about a debt problem using chat - we can usually help between 9am and 8pm Monday to Friday and between 9.30am and 1pm Saturday
  call our debt helpline - it's available 9am to 8pm Monday to Friday and 9.30am to 1pm Saturday

Debt helpline: 0800 240 4420

Relay UK - if you can't hear or speak on the phone, you can type what you want to say: 18001 then 0800 240 4420
You can use Relay UK with an app or a textphone. There's no extra charge to use it. Find out how to use Relay UK on the Relay UK website.

The debt helpline is not available on public holidays.
Calls are free from mobiles and landlines.",FALSE,TRUE,FALSE,2025-01-16 12:58:55 +0000,2025-01-16 12:58:55 +0000,0800 240 4420,,TRUE,FALSE,FALSE,FALSE,,,,FALSE,
Harrow Citizens Advice,"Sheldon House, 4 Gayton Road",HARROW,Middlesex,HA1 2FB,51.57935157393472,-.3325233069987465,,https://citizensadviceharrow.org.uk,,,TRUE,FALSE,FALSE,,11/2/2026,0808 250 5705,,TRUE,FALSE,FALSE,FALSE,,,,,4
Aberdeen Citizens Advice Bureau - Calsayseat Medical Practice Outreach,44 Powis Place,Aberdeen,,AB25 3TX,57.1574,-2.10794,,http://www.aberdeencab.org.uk,,"For patients of Calsayseat Medical Practice only
Tuesday  13.30 - 15.30 (By appointment only)",TRUE,FALSE,FALSE,2025-01-16 12:52:48 +0000,2025-01-16 12:52:48 +0000,0845 337 6370,,FALSE,FALSE,TRUE,FALSE,www.aberdeencab.org.uk,,,FALSE,6
Aberdeen Citizens Advice Bureau - Mastrick Outreach,"Mastrick Community Centre, Greenfern Road",Aberdeen,,AB16 6TR,57.1562,-2.16337,,http://www.aberdeencab.org.uk,,"This is a Money Debt or Benefit Advice Service for those resident in this regeneration area only

Tuesday 10.00 - 15.00 (Drop In)",TRUE,FALSE,FALSE,2025-01-16 12:52:48 +0000,2025-01-16 12:52:48 +0000,07795 622114 or 07944 803479,,FALSE,FALSE,TRUE,FALSE,www.aberdeencab.org.uk,,,FALSE,6
Aberdeen Citizens Advice Bureau - Northfield Community Centre Outreach,"Northfield Community Centre, Byron Square",Aberdeen,,AB16 7LL,57.1659,-2.16213,,http://www.aberdeencab.org.uk,,"This is a Money Debt or Benefit Advice Service for those resident in this regeneration area only

Thursday 10.00 - 15.00 (Drop In)",TRUE,FALSE,FALSE,2025-01-16 12:52:49 +0000,2025-01-16 12:52:49 +0000,07498 604702 or 07795 622114,,FALSE,FALSE,TRUE,FALSE,www.aberdeencab.org.uk,,,FALSE,6
Aberdeen Citizens Advice Bureau - Powis Outreach,Powis Community Centre,11 Powis Circle,Aberdeen,AB24 3YX,57.1646,-2.11026,,http://www.aberdeencab.org.uk,,"This is a Money Debt or Benefit Advice Service for those resident in this regeneration area only

Monday  10.00 - 14.00 (Drop In)",TRUE,FALSE,FALSE,2025-01-16 12:52:49 +0000,2025-01-16 12:52:50 +0000,07498 604702 or 07795 622114,,FALSE,FALSE,TRUE,FALSE,www.aberdeencab.org.uk,,,FALSE,6
Aberdeen Citizens Advice Bureau - Torry  Outreach,"Torry Community Centre, Oscar Road",Aberdeen,,AB11 8ER,57.1355,-2.08651,,http://www.aberdeencab.org.uk,,"This is a Money Advice Service only

Tuesday  10.00 - 15.00 (Drop In)",TRUE,FALSE,FALSE,2025-01-16 12:52:50 +0000,2025-01-16 12:52:50 +0000,07944 803513 or 07498 604702,,FALSE,FALSE,TRUE,FALSE,www.aberdeencab.org.uk,,,FALSE,6
Aberdeen Citizens Advice Bureau - Woodside Community Centre Outreach,"Woodside Community Centre, Marquis Road",Aberdeen,,AB24 2QY,57.1695,-2.12143,,http://www.aberdeencab.org.uk,,"This is a Money Debt or Benefit Advice Service for those residents in this regeneration area only

Wednesday  10.00 - 15.00 (Drop In)",TRUE,FALSE,FALSE,2025-01-16 12:52:50 +0000,2025-01-16 12:52:51 +0000,07944 803513 or 07944 803479,,FALSE,FALSE,TRUE,FALSE,www.aberdeencab.org.uk,,,FALSE,6
Aberdeen Citizens Advice Bureau (Macmillan Cancer Centre Project Outreach),Roxburgh House Ashgrove Road,Aberdeen,,AB25 3AE,57.1582,-2.11989,,http://www.aberdeencab.org.uk,,Macmillan Cancer Outreach. For patients attending Roxburgh House only.,TRUE,FALSE,FALSE,2025-01-16 12:52:51 +0000,2025-01-16 12:52:51 +0000,01224 557116,,FALSE,FALSE,TRUE,FALSE,www.aberdeencab.org.uk,,,FALSE,6
Aberdeen Citizens Advice Bureau (Main Advice Centre),41 Union Street,Aberdeen,,AB11 5BN,57.1471,-2.09583,,http://www.aberdeencab.org.uk,,"The main Advice Centre can be contacted by phone on 01224 569750 between 10am and 3pm, Monday to Friday, or by email on bureau@aberdeencab.casonline.org.uk at any time",TRUE,FALSE,FALSE,2025-01-16 12:52:52 +0000,2025-01-16 12:52:52 +0000,Call the bureau on 01224 569750 to make an appointment.,,FALSE,FALSE,TRUE,FALSE,www.aberdeencab.org.uk,,,FALSE,6
Airdrie Citizens Advice Bureau - Caldercruix Outreach,"Caldercruix Community Centre, Progress Drive",Caldercruix,,ML6 7PP,55.8916,-3.88308,advice@airdriecab.casonline.org.uk,http://www.airdriecab.co.uk/services/debt-and-money,,"Airdrie Citizens Advice Bureau hold an advice surgery in Caldercruix Community Centre every Tuesday from 1.00pm to 3.00pm (except the 4th Tuesday of the month)
Advice also provided via the telephone and webchat.",TRUE,FALSE,FALSE,2025-01-16 12:52:52 +0000,2025-01-16 12:52:52 +0000,0800 328 1131,,FALSE,FALSE,TRUE,FALSE,www.airdriecab.co.uk,,,FALSE,6
Airdrie Citizens Advice Bureau - Monklands Hospital,"Monklands Hospital Reception Area, Monkscourt Avenue",Airdrie,,ML6 0JS,55.8659,-3.99959,advice@airdriecab.casonline.org.uk,http://www.airdriecab.co.uk/services/debt-and-money,,"Airdrie Citizens Advice Bureau hold an advice surgery at the hospital, please contact Airdrie CAB for day(s) and opening times. Advice also provided via the telephone and webchat.",TRUE,FALSE,FALSE,2025-01-16 12:52:53 +0000,2025-01-16 12:52:53 +0000,0800 328 1131,,FALSE,FALSE,TRUE,FALSE,www.airdriecab.co.uk,,,FALSE,6
Airdrie Citizens Advice Bureau - Plains Outreach,"Plains Community Centre, Main Street, Plains",Airdrie,,ML6 7JG,55.8796,-3.9253,advice@airdriecab.casonline.org.uk,http://www.airdriecab.co.uk/services/debt-and-money,,Airdrie Citizens Advice Bureau hold an advice surgery in Plains community Centre every Tuesday from 10am to 12 noon.  Advice also provided via the telephone and webchat.,TRUE,FALSE,FALSE,2025-01-16 12:52:53 +0000,2025-01-16 12:52:53 +0000,0800 328 1131,,FALSE,FALSE,TRUE,FALSE,www.airdriecab.co.uk,,,FALSE,6
Airdrie Citizens Advice Bureau - Salsburgh,"Salsburgh Community Centre, 92 Main Street",Salsburgh,,ML7 4LH,55.8434,-3.87519,advice@airdriecab.casonline.org.uk,http://www.airdriecab.co.uk/services/debt-and-money,,Airdrie Citizens Advice Bureau hold an advice surgery in Salsburgh community Centre every Wednesday from 10am to 12 noon.  Advice also provided via the telephone and webchat.,TRUE,FALSE,FALSE,2025-01-16 12:52:54 +0000,2025-01-16 12:52:54 +0000,0800 328 1131,,FALSE,FALSE,TRUE,FALSE,www.airdriecab.co.uk,,,FALSE,6
Airdrie Citizens Advice Bureau - Trussell Trust Foodbank Outreach,Airdrie Baptist Church,97 Graham Street,Airdrie,ML6 6DE,55.8666,-3.97562,advice@airdriecab.casonline.org.uk,http://www.airdriecab.co.uk/services/debt-and-money,,Airdrie Citizens Advice Bureau hold an advice surgery at Trussell Trust Foodbank every Friday 11.30am-1.30pm.  Advice also provided via the telephone and webchat.,TRUE,FALSE,FALSE,2025-01-16 12:52:54 +0000,2025-01-16 12:52:54 +0000,0800 328 1131,,FALSE,FALSE,TRUE,FALSE,www.airdriecab.co.uk,,,FALSE,6
Airdrie Citizens Advice Bureau (Main Office),61A Stirling Street,Airdrie,,ML6 0As,55.8658,-3.98389,advice@airdriecab.casonline.org.uk,http://www.airdriecab.co.uk/services/debt-and-money,,Advice also provided via the telephone and webchat.,TRUE,FALSE,FALSE,2025-01-16 12:52:55 +0000,2025-01-16 12:52:55 +0000,0800 328 1131,,FALSE,FALSE,TRUE,FALSE,www.airdriecab.co.uk,,,FALSE,6
Angus Citizens Advice Bureau  - Arbroath,11 Millgate,Arbroath,,DD11 1NN,56.5582,-2.58643,bureauarbroath@ArbroathCAB.casonline.org.uk,http://www.anguscab.org.uk,,For opening times please visit the website.,TRUE,FALSE,FALSE,2025-01-16 12:52:55 +0000,2025-01-16 12:52:55 +0000,01241 870661,,FALSE,FALSE,TRUE,FALSE,www.anguscab.org.uk,,,FALSE,6
Angus Citizens Advice Bureau  - Forfar,19 Queen Street,Forfar,,DD8 3AJ,56.6452,-2.88767,bureau@forfarcab.casonline.org.uk,http://www.anguscab.org.uk,,For opening times please visit the website.,TRUE,FALSE,FALSE,2025-01-16 12:52:56 +0000,2025-01-16 12:52:56 +0000,01307 467096,,FALSE,FALSE,TRUE,FALSE,www.anguscab.org.uk,,,FALSE,6
Angus Citizens Advice Bureau  - Montrose,32 Castle Street,Montrose,,DD10 8AG,56.7088,-2.47102,bureau@montrosecab.casonline.org.uk,http://www.anguscab.org.uk,,For opening times please visit the website.,TRUE,FALSE,FALSE,2025-01-16 12:52:56 +0000,2025-01-16 12:52:57 +0000,01674 673263,,FALSE,FALSE,TRUE,FALSE,www.anguscab.org.uk,,,FALSE,6
Argyll & Bute Citizens Advice Bureau - Campbeltown Outreach,Job Centre Plus Office 40 Hall Street,Campbeltown,,PA28 6BZ,55.4231,-5.60157,,https://www.cas.org.uk/bureaux/argyll-and-bute-cab-campbeltown-outreach,,Appointments only - first Wednesday of the month,TRUE,FALSE,FALSE,2025-01-16 12:52:57 +0000,2025-01-16 12:52:57 +0000,01546 605550,,FALSE,FALSE,TRUE,FALSE,www.argyllandbutecab.org.uk,,,FALSE,6
Argyll & Bute Citizens Advice Bureau - Dunoon Outreach,"Queens Hall, Argyll Street",Dunoon,,PA23 7HH,55.9473,-4.92408,,https://www.cas.org.uk/bureaux/argyll-and-bute-cab-dunoon-outreach,,"Mondays: 10.00 - 13.00 and 14.00 - 16.00
Tuesdays: 09.00 - 13.00
Fridays: 10.00 - 13.00 and 14.00 - 16.00",TRUE,FALSE,FALSE,2025-01-16 12:52:58 +0000,2025-01-16 12:52:58 +0000,01546 605550,,FALSE,FALSE,TRUE,FALSE,www.argyllandbutecab.org.uk,,,FALSE,6
Argyll & Bute Citizens Advice Bureau - Helensburgh Extension,65-67 West Princes Street,Helensburgh,,G84 8BN,56.0046,-4.73848,,https://www.cas.org.uk/bureaux/argyll-bute-cab-helensburgh-extension,,"Mondays: 10.00 - 13.00 and 14.00 - 16.00
Tuesdays: 10.00 - 13.00 and 14.00 - 16.00
Wednesdays: 10.00 - 13.00 and 14.00 - 16.00",TRUE,FALSE,FALSE,2025-01-16 12:52:58 +0000,2025-01-16 12:52:58 +0000,01546 605550,,FALSE,FALSE,TRUE,FALSE,www.argyllandbutecab.org.uk,,,FALSE,6
Argyll & Bute Citizens Advice Bureau - Main Office,10 Argyll Street,Lochgilphead,Argyll,PA31 8NE,56.0383,-5.43295,,http://www.argyllandbutecab.org.uk,,,TRUE,FALSE,FALSE,2025-01-16 12:52:59 +0000,2025-01-16 12:52:59 +0000,01546 605550,,FALSE,FALSE,TRUE,FALSE,www.argyllandbutecab.org.uk,,,FALSE,6
Argyll & Bute Citizens Advice Bureau - Oban Outreach,Job Centre Plus Office Mathieson House 1 Miller Road,Oban,,PA34 4AF,56.4077,-5.46874,,https://www.cas.org.uk/bureaux/argyll-and-bute-cab-oban-outreach,,Appointments only - last Thursday of the month,TRUE,FALSE,FALSE,2025-01-16 12:52:59 +0000,2025-01-16 12:52:59 +0000,01546 605550,,FALSE,FALSE,TRUE,FALSE,www.argyllandbutecab.org.uk,,,FALSE,6
Banff and Buchan Citizens Advice Bureau,Townhouse,Broad Street,Peterhead,AB42 1BY,57.5048,-1.77699,bureau@banffcab.cabnet.org.uk,https://www.cas.org.uk/bureaux/banff-and-buchan-citizens-advice-bureau,,,TRUE,FALSE,FALSE,2025-01-16 12:53:00 +0000,2025-01-16 12:53:00 +0000,01779 471515,,FALSE,FALSE,TRUE,FALSE,www.cas.org.uk/banff-and-buchan-citizens-advice-bureau,,,FALSE,6
Barra Citizens Advice Bureau (Western Isles),,Castlebay,Isle of Barra,HS9 5XD,56.9556,-7.48771,bureau@barracab.casonline.org.uk,https://www.cas.org.uk/bureaux/barra-citizens-advice-bureau-western-isles,,For opening times please visit the website.,TRUE,FALSE,FALSE,2025-01-16 12:53:00 +0000,2025-01-16 12:53:00 +0000,1872 810608,,FALSE,FALSE,TRUE,FALSE,https://www.cas.org.uk/bureaux/barra-citizens-advice-bureau-western-isles,,,FALSE,6
Bellshill and District Citizen Advice Bureau - Holytown Outreach,Michael  Sherry Centre,Main Street,Holytown,ML1 4TW,55.8231,-3.96971,manager@bellshillcab.casonline.org.uk,http://www.bellshillcab.org.uk/services/debt-and-money,,Thursday only: 12.30 - 14.30. Advice also provided via the telephone and webchat.,TRUE,FALSE,FALSE,2025-01-16 12:53:01 +0000,2025-01-16 12:53:01 +0000,0800 328 1131,,FALSE,FALSE,TRUE,FALSE,www.bellshillcab.org.uk,,,FALSE,6
Bellshill and District Citizens Advice Bureau - Orbiston Neighbourhood Centre Outreach,Orbiston Neighbourhood Centre,Busby Road,Bellshill,ML4 2BW,55.8116,-4.02939,manager@bellshillcab.casonline.org.uk,http://www.bellshillcab.org.uk/services/debt-and-money,,Thursday only: 9.30 - 12.00. Advice also provided via the telephone and webchat.,TRUE,FALSE,FALSE,2025-01-16 12:53:01 +0000,2025-01-16 12:53:02 +0000,0800 328 1131,,FALSE,FALSE,TRUE,FALSE,www.bellshillcab.org.uk,,,FALSE,6
Bellshill and District Citizens Advice Bureau - Viewpark Outreach,Burnhead Parish Church,92-94 Laburnam Road Viewpark,Bellshill,G71 5DB,55.8301,-4.04827,manager@bellshillcab.casonline.org.uk,http://www.bellshillcab.org.uk/services/debt-and-money,,"Wednesdays: 10.00-13.00 (Drop In)
Fridays: 10.00-13.00 (Appointment only)
Advice also provided via the telephone and webchat.",TRUE,FALSE,FALSE,2025-01-16 12:53:02 +0000,2025-01-16 12:53:02 +0000,0800 328 1131,,FALSE,FALSE,TRUE,FALSE,www.bellshillcab.org.uk,,,FALSE,6
Bellshill Citizens Advice Bureau - Main Office,6 Hamilton Road,Bellshill,,ML4 1AQ,55.8183,-4.02594,manager@bellshillcab.casonline.org.uk,http://www.bellshillcab.org.uk/services/debt-and-money,,Advice also provided via the telephone and webchat.,TRUE,FALSE,FALSE,2025-01-16 12:53:03 +0000,2025-01-16 12:53:03 +0000,0800 328 1131,,FALSE,FALSE,TRUE,FALSE,www.bellshillcab.org.uk,,,FALSE,6
Caithness Citizens Advice Bureau - Main Office,1a Beach Court,Thurso,Caithness,KW14 1AQ,55.3781,-3.43597,bureau@caithnesscab.casonline.org.uk,https://www.cas.org.uk/bureaux/caithness-citizens-advice-bureau,,,TRUE,FALSE,FALSE,2025-01-16 12:53:03 +0000,2025-01-16 12:53:03 +0000,01847 894243,,FALSE,FALSE,TRUE,FALSE,www.cas.org.uk/caithness-citizens-advice-bureau,,,FALSE,6
Caithness Citizens Advice Bureau - Tongue Outreach,Kyle Centre,Tongue,,IV27 4XA,58.4772,-4.41803,bureau@caithnesscab.casonline.org.uk,https://www.cas.org.uk/bureaux/caithness-cab-tongue-outreach,,10.00 - 14.00 (last Thursday of the month),TRUE,FALSE,FALSE,2025-01-16 12:53:04 +0000,2025-01-16 12:53:04 +0000,01847 611 392,,FALSE,FALSE,TRUE,FALSE,,,,FALSE,6
Caithness Citizens Advice Bureau - Wick Extension,123 High Street,Wick,,KW1 4LR,58.4428,-3.0899,bureau@caithnesscab.casonline.org.uk,https://www.cas.org.uk/bureaux/caithness-cab-wick-extension,,"Tuesdays: 10.00 - 14.00
Wednesdays: 10.00 - 14.00
Thursdays: 10.00 - 14.00",TRUE,FALSE,FALSE,2025-01-16 12:53:04 +0000,2025-01-16 12:53:05 +0000,01955 605989,,FALSE,FALSE,TRUE,FALSE,,,,FALSE,6
Central Borders Citizens Advice Bureau,111 High Street,Galashiels,,TD1 1RZ,55.6183,-2.81192,,https://www.cas.org.uk/bureaux/central-borders-citizens-advice-bureau,,For opening times please visit the website.,TRUE,FALSE,FALSE,2025-01-16 12:53:05 +0000,2025-01-16 12:53:05 +0000,01896 753889,,FALSE,FALSE,TRUE,FALSE,,,,FALSE,6
Citizens Advice and Rights Fife - Admin Office,"Units 7 - 8 Craig Mitchell House, Flemington Road",Glenrothes,,KY7 5GE,56.2046,-3.1852,,https://www.cabfife.org.uk/contact/locations/cupar-citizens-advice-bureau,,Administration Office Only,FALSE,FALSE,FALSE,2025-01-16 12:53:05 +0000,2025-01-16 12:53:06 +0000,,,FALSE,FALSE,FALSE,FALSE,www.cabfife.org.uk,,,FALSE,6
Citizens Advice and Rights Fife - Buckhaven Outreach,Buckhaven Community Centre Kinnear Street,Buckhaven,Fife,KY8 1BH,56.1714,-3.03752,,https://www.cabfife.org.uk/contact/locations/kirkcaldy-citizens-advice-bureau,,For opening times please visit the website.,TRUE,FALSE,FALSE,2025-01-16 12:53:06 +0000,2025-01-16 12:53:06 +0000,0345 1400 095 (General Advice) or 0345 1400 094 (Debt Advice),,FALSE,FALSE,TRUE,FALSE,www.cabfife.org.uk,,,FALSE,6
Citizens Advice and Rights Fife - Cowdenbeath,322 High Street,Cowdenbeath,Fife,KY4 9NT,56.1091,-3.34306,,https://www.cabfife.org.uk/contact/locations/dunfermline,,For opening times please visit the website.,TRUE,FALSE,FALSE,2025-01-16 12:53:07 +0000,2025-01-16 12:53:07 +0000,346 1400 095 (General Advice) or 0345 1400 094 (Debt Advice),,FALSE,FALSE,TRUE,FALSE,www.cabfife.org.uk,,,FALSE,6
Citizens Advice and Rights Fife - Cupar,Local County Buildings St Catherine's Street,Cupar,Fife,KY15 4TA,56.3194,-3.00973,,https://www.cabfife.org.uk/contact/locations/cupar-citizens-advice-bureau,,For opening times please visit the website.,TRUE,FALSE,FALSE,2025-01-16 12:53:07 +0000,2025-01-16 12:53:07 +0000,0345 1400 095 (General Advice) or 0345 1400 094 (Debt Advice),,FALSE,FALSE,TRUE,FALSE,www.cabfife.org.uk,,,FALSE,6
Citizens Advice and Rights Fife - Dunfermline,4 Abbey Park Place,Dunfermline,Fife,KY12 7PD,56.07,-3.4607,,https://www.cabfife.org.uk/contact/locations/dunfermline,,For opening times please visit the website.,TRUE,FALSE,FALSE,2025-01-16 12:53:08 +0000,2025-01-16 12:53:08 +0000,0345 1400 095 (General Advice) or 0345 1400 094 (Debt Advice),,FALSE,FALSE,TRUE,FALSE,www.cabfife.org.uk,,,FALSE,6
Citizens Advice and Rights Fife - Glenrothes,10-12 Pentland Court Saltire Centre,Glenrothes,Fife,KY6 2DA,56.1893,-3.18414,,https://www.cabfife.org.uk/contact/locations/glenrothes-citizens-advice-bureau,,For opening times please visit the website.,TRUE,FALSE,FALSE,2025-01-16 12:53:08 +0000,2025-01-16 12:53:08 +0000,0345 1400 095 (General Advice) or 0345 1400 094 (Debt Advice),,FALSE,FALSE,TRUE,FALSE,www.cabfife.org.uk,,,FALSE,6
Citizens Advice and Rights Fife - Kirkcaldy,15 East Fergus Place,Kirkcaldy,Fife,KY12 1XT,56.0866,-3.51688,,https://www.cabfife.org.uk/contact/locations/kirkcaldy-citizens-advice-bureau,,For opening times please visit the website.,TRUE,FALSE,FALSE,2025-01-16 12:53:09 +0000,2025-01-16 12:53:09 +0000,0345 1400 095 (General Advice) or 0345 1400 094 (Debt Advice),,FALSE,FALSE,TRUE,FALSE,www.cabfife.org.uk,,,FALSE,6
Citizens Advice and Rights Fife - Leven Outreach,The Greig Institute Forth Street,Leven,Fife,KY8 4TF,56.2234,-2.98969,,https://www.cabfife.org.uk/contact/locations/leven-citizens-advice-bureau,,For opening times please visit the website.,TRUE,FALSE,FALSE,2025-01-16 12:53:09 +0000,2025-01-16 12:53:10 +0000,0345 1400 095 (General Advice) or 0345 1400 094 (Debt Advice),,FALSE,FALSE,TRUE,FALSE,www.cabfife.org.uk,,,FALSE,6
Citizens Advice and Rights Fife - St Andrews Extension,Council Office St Mary's Place,St Andrews,Fife,KY16 9UY,56.3401,-2.79958,,https://www.cabfife.org.uk/contact/locations/st-andrews-citizens-advice-bureau,,For opening times please visit the website.,TRUE,FALSE,FALSE,2025-01-16 12:53:10 +0000,2025-01-16 12:53:10 +0000,0345 1400 095 (General Advice) or 0345 1400 094 (Debt Advice),,FALSE,FALSE,TRUE,FALSE,www.cabfife.org.uk,,,FALSE,6
Citizens Advice Bureau  West Lothian - Blackburn Outreach,Ashgrove Group Practice Ashgrove,Blackburn,,EH47 7LL,55.8477,-3.67546,,https://www.cas.org.uk/bureaux/cab-west-lothian-blackburn-outreach,,"The service is only available for those registered with the Practice.

Friday  12.30 - 15.30 (appointments only)",TRUE,FALSE,FALSE,2025-01-16 12:53:11 +0000,2025-01-16 12:53:11 +0000,01506 654965,,FALSE,FALSE,TRUE,FALSE,www.cas.org.uk/cab-west-lothian-blackburn-outreach,,,FALSE,6
Citizens Advice Bureau  West Lothian - Broxburn Outreach,Strathbrock Partnership Centre 189A West Main Street,Broxburn,,EH52 5LH,55.9329,-3.48395,,,,,TRUE,FALSE,FALSE,2025-01-16 12:53:11 +0000,2025-01-16 12:53:11 +0000,,,FALSE,FALSE,TRUE,FALSE,,,,FALSE,6
Citizens Advice Bureau  West Lothian - Dedridge Outreach,"Dedridge Medical Group,  Nigel Rise",Livingston,,EH54 6QQ,55.8798,-3.5084,,https://www.cas.org.uk/bureaux/cab-west-lothian-dedridge-outreach,,"This service is only available to patients of the Health Centre.

Thursday  9.30 - 12.30 (Appointments Only)",TRUE,FALSE,FALSE,2025-01-16 12:53:12 +0000,2025-01-16 12:53:12 +0000,01506 414586,,FALSE,FALSE,TRUE,FALSE,www.cas.org.uk/cab-west-lothian-dedridge-outreach,,,FALSE,6
Citizens Advice Bureau  West Lothian - West Calder Outreach,"West Calder Medical Practice, 65 West End, West Calder",West Calder,,EH55 8EJ,55.8497,-3.57832,,https://www.cas.org.uk/bureaux/cab-west-lothian-west-calder-outreach,,"The service is only available for those registered with the Practice.

Tuesday  13.00 - 16.00 (Appointments Only)",TRUE,FALSE,FALSE,2025-01-16 12:53:12 +0000,2025-01-16 12:53:12 +0000,01506 874300,,FALSE,FALSE,TRUE,FALSE,,,,FALSE,6
Citizens Advice Bureau West Lothian,Unit 1 Almondbank Centre Shiel Walk,Livingston,,EH54 5EH,55.8969,-3.49726,,http://www.cabwestlothian.org.uk,,,TRUE,FALSE,FALSE,2025-01-16 12:53:13 +0000,2025-01-16 12:53:13 +0000,01506 432 977,,FALSE,FALSE,TRUE,FALSE,www.cabwestlothian.org.uk,,,FALSE,6
Citizens Advice Bureau West Lothian - Carmondean Outreach,Carmondean Health Centre,Carmondean,Livingston,EH54 8PY,55.9022,-3.54766,,https://www.cas.org.uk/bureaux/cab-west-lothian-carmondean-outreach,,"Friday  9.15-12.15 (Fortnightly, by appointment only)",TRUE,FALSE,FALSE,2025-01-16 12:53:13 +0000,2025-01-16 12:53:13 +0000,01506 436132,,FALSE,FALSE,TRUE,FALSE,www.cas.org.uk/cab-west-lothian-carmondean-outreach,,,FALSE,6
Citizens Advice Bureau West Lothian - Whitburn Outreach,Whitburn Community Development Trust 61 West Main Street,Whitburn,,EH47 0QD,55.8661,-3.68752,,,,,TRUE,FALSE,FALSE,2025-01-16 12:53:14 +0000,2025-01-16 12:53:14 +0000,,,FALSE,FALSE,TRUE,FALSE,,,,FALSE,6
Citizens Advice Edinburgh - Bellevue,Bellevue Medical Centre 26 Huntingdon Place,Edinburgh,,EH7 4AT,55.9608,-3.18389,,https://www.cas.org.uk/bureaux/citizens-advice-edinburgh-gp-surgeries-project-bellevue,,"This Outreach Service gives Welfare advice to registered patients of the surgery and is by appointment only

Wednesdays Appointments PM",TRUE,FALSE,FALSE,2025-01-16 12:53:14 +0000,2025-01-16 12:53:14 +0000,"Dr Tolley & Partners: 0131 556 2642
DrGray & Partners: 0131 556 8196",,FALSE,FALSE,TRUE,FALSE,www.cas.org.uk/citizens-advice-edinburgh-gp-surgeries-project-bellevue,,,FALSE,6
Citizens Advice Edinburgh - Dundas Street,58 Dundas Street,Edinburgh,,EH3 6QZ,55.9582,-3.20015,,https://www.citizensadviceedinburgh.org.uk/,,,TRUE,FALSE,FALSE,2025-01-16 12:53:15 +0000,2025-01-16 12:53:15 +0000,0131 510 5510,,FALSE,FALSE,TRUE,FALSE,www.citizensadviceedinburgh.org.uk,,,FALSE,6
Citizens Advice Edinburgh - Gorgie/Dalry Citizens Advice Bureau,Fountainbridge Library 137 Dundee Street,Edinburgh,,EH11 1BG,55.9287,-3.27311,,https://www.citizensadviceedinburgh.org.uk/,,For opening times please visit the website.,TRUE,FALSE,FALSE,2025-01-16 12:53:15 +0000,2025-01-16 12:53:16 +0000,0131 510 5510,,FALSE,FALSE,TRUE,FALSE,www.citizensadviceedinburgh.org.uk,,,FALSE,6
Citizens Advice Edinburgh - GP Surgeries Project: Craigmillar,Craigmillar Medical group 106 Niddrie Mains Road,Edinburgh,,EH16 4DT,55.9326,-3.13583,,https://www.cas.org.uk/bureaux/citizens-advice-edinburgh-%E2%80%93-gp-surgeries-project-craigmillar,,"This Outreach Service gives Welfare Advice  for registered patients of the surgery and is by appointment only

Tuesday  Appointments PM",TRUE,FALSE,FALSE,2025-01-16 12:53:16 +0000,2025-01-16 12:53:16 +0000,0131 536 9500,,FALSE,FALSE,TRUE,FALSE,,,,FALSE,6
Citizens Advice Edinburgh - GP Surgeries Project: Inchpark,Inchpark Medical Centre 10 Marmian Crescent,Edinburgh,,EH16 5QU,55.9212,-3.15964,,https://www.cas.org.uk/bureaux/citizens-advice-edinburgh-%E2%80%93-gp-surgeries-project-inchpark,,"This Outreach Service gives Welfare Advice to registered patients of the surgery by appointment only

Tuesdays  Appointments PM",TRUE,FALSE,FALSE,2025-01-16 12:53:16 +0000,2025-01-16 12:53:17 +0000,0131 666 2121,,FALSE,FALSE,TRUE,FALSE,,,,FALSE,6
Citizens Advice Edinburgh - GP Surgeries Project: Ladywell,Ladywell Medical Centre 10 Ladywell Road,Edinburgh,,EH12 7TB,55.9402,-3.29018,,https://www.cas.org.uk/bureaux/citizens-advice-edinburgh-%E2%80%93-gp-surgeries-project-ladywell,,"This Outreach Service gives Welfare Advice  for registered patients of the surgery by appointment only

Mondays  Appointments PM",TRUE,FALSE,FALSE,2025-01-16 12:53:17 +0000,2025-01-16 12:53:17 +0000,0131 334 3602,,FALSE,FALSE,TRUE,FALSE,,,,FALSE,6
Citizens Advice Edinburgh - GP Surgeries Project: Wester Hailes,Wester Hailes Medical Practice  30 Harvesters Way Healthy Living Centre,Edinburgh,,EH14 3JF,55.9122,-3.28235,,https://www.cas.org.uk/bureaux/citizens-advice-edinburgh-%E2%80%93-gp-surgeries-project-wester-hailes,,"This Outreach Service gives Welfare Advice for registered patients of the surgery by appointment only
Wednesdays AM & PM",TRUE,FALSE,FALSE,2025-01-16 12:53:18 +0000,2025-01-16 12:53:18 +0000,0131 453 9250,,FALSE,FALSE,TRUE,FALSE,,,,FALSE,6
Citizens Advice Edinburgh - In Court Advice Service,Edinburgh Sheriff Court 27 Chambers Street Level 6 next to Court 15,Edinburgh,,EH1 1LW,55.9502,-3.19116,,https://www.citizensadviceedinburgh.org.uk/edinburgh-sheriff-court,,This Outreach Service assists clients to resolve matters without the need for court action where appropriate Guides clients through the court process for small claims and summary cause cases and time to pay applications Offers help with completing forms and explains legal terms Also assists with preparing and presenting cases In exceptional circumstances the service can include court representation.,TRUE,FALSE,FALSE,2025-01-16 12:53:18 +0000,2025-01-16 12:53:18 +0000,0131 202 5114,,FALSE,FALSE,TRUE,FALSE,,,,FALSE,6
Citizens Advice Edinburgh - Leith Citizens Advice Bureau,23 Dalmeny Street,Edinburgh,,EH6 8PG,55.9651,-3.17457,,https://www.citizensadviceedinburgh.org.uk/,,For opening times please visit the website.,TRUE,FALSE,FALSE,2025-01-16 12:53:19 +0000,2025-01-16 12:53:19 +0000,0131 510 5510,,FALSE,FALSE,TRUE,FALSE,www.citizensadviceedinburgh.org.uk,,,FALSE,6
Citizens Advice Edinburgh - Mediation Service,Edinburgh Sheriff Court 27 Chambers Street Level 6 next to Court 15,Edinburgh,,EH1 1LW,55.9502,-3.19116,,https://www.cas.org.uk/bureaux/citizens-advice-edinburgh-mediation-service,,For opening times please visit the website.,TRUE,FALSE,FALSE,2025-01-16 12:53:19 +0000,2025-01-16 12:53:19 +0000,0131 220 1092,,FALSE,FALSE,TRUE,FALSE,,,,FALSE,6
Citizens Advice Edinburgh - Muirhouse Citizens Advice Bureau,"31-33 Pennywell Road,",Edinburgh,,EH4 4PJ,55.97,-3.25134,,https://www.citizensadviceedinburgh.org.uk/,,For opening times please visit the website.,TRUE,FALSE,FALSE,2025-01-16 12:53:20 +0000,2025-01-16 12:53:20 +0000,013 2510 5510,,FALSE,FALSE,TRUE,FALSE,www.citizensadviceedinburgh.org.uk,,,FALSE,6
Citizens Advice Edinburgh - Portobello Citizens Advice Bureau,8A-8B Bath Street,Portobello,,EH15 1EY,55.9533,-3.11379,,https://www.citizensadviceedinburgh.org.uk/cae-portobello,,For opening times please visit the website.,TRUE,FALSE,FALSE,2025-01-16 12:53:20 +0000,2025-01-16 12:53:20 +0000,0131 510 5510,,FALSE,FALSE,TRUE,FALSE,www.citizensadviceedinburgh.org.uk/portobello,,,FALSE,6
Citizens Advice Edinburgh - South Queensferry,"South Queensferry Medical Practice , 41 The Loan",South Queensferry,,EH30 9HA,55.9898,-3.39906,,https://www.cas.org.uk/bureaux/citizens-advice-edinburgh-gp-surgeries-project-south-queensferry,,"Tuesday - Appointments PM
Wednesday - Appointments AM",TRUE,FALSE,FALSE,2025-01-16 12:53:21 +0000,2025-01-16 12:53:21 +0000,0131 510 5510,,FALSE,FALSE,TRUE,FALSE,https://www.cas.org.uk/bureaux/citizens-advice-edinburgh-gp-surgeries-project-south-queensferry,,,FALSE,6
Citizens Advice Edinburgh - Veterans First Point,"V1P Lothian, Floor K, Argyle House",3 Lady Lawson Street,Edinburgh,EH3 9DR,55.9639,-3.20446,,https://www.citizensadviceedinburgh.org.uk/veterans-1st-point,,,TRUE,FALSE,FALSE,2025-01-16 12:53:21 +0000,2025-01-16 12:53:21 +0000,0131 220 9920,,FALSE,FALSE,TRUE,FALSE,,,,FALSE,6
Clackmannanshire CAB - Alva Outreach,"Conference Centre, Cochrane Hall, West Stirling Street",Alva,,FK12 5LJ,56.1538,-3.80977,,https://www.cas.org.uk/bureaux/clackmannanshire-citizens-advice-bureau,,For opening times please visit the website.,TRUE,FALSE,FALSE,2025-01-16 12:53:22 +0000,2025-01-16 12:53:22 +0000,,,FALSE,FALSE,TRUE,FALSE,www.cas.org.uk/clackmannanshire-citizens-advice-bureau,,,FALSE,6
Clackmannanshire CAB - Carers Centre Outreach,Ludgate  March Place,Alloa,,FK10 2AD,56.1181,-3.79564,,https://www.cas.org.uk/bureaux/clackmannanshire-citizens-advice-bureau,,For opening times please visit the website.,TRUE,FALSE,FALSE,2025-01-16 12:53:22 +0000,2025-01-16 12:53:23 +0000,,,FALSE,FALSE,TRUE,FALSE,www.cas.org.uk/clackmannanshire-citizens-advice-bureau,,,FALSE,6
Clackmannanshire CAB - Hawkhill Community Centre Outreach,Hawkhill Community Centre 132 Hillcrest Drive,Alloa,,FK10 1SB,56.1152,-3.78173,,https://www.cas.org.uk/bureaux/clackmannanshire-citizens-advice-bureau,,For opening times please visit the website.,TRUE,FALSE,FALSE,2025-01-16 12:53:23 +0000,2025-01-16 12:53:23 +0000,,,FALSE,FALSE,TRUE,FALSE,www.cas.org.uk/clackmannanshire-citizens-advice-bureau,,,FALSE,6
Clackmannanshire CAB - Homestart Outreach,Alloa Business Centre 92-94 Whins Road,Alloa,,FK10 3SA,56.1211,-3.78168,,https://www.cas.org.uk/bureaux/clackmannanshire-citizens-advice-bureau,,For opening times please visit the website.,TRUE,FALSE,FALSE,2025-01-16 12:53:23 +0000,2025-01-16 12:53:24 +0000,,,FALSE,FALSE,TRUE,FALSE,www.cas.org.uk/clackmannanshire-citizens-advice-bureau,,,FALSE,6
Clackmannanshire CAB - Reachout Outreach,"Unit 27 and 28, Lime Tree House North Castle Street",Alloa,,FK10 1EX,56.1135,-3.74206,,https://www.cas.org.uk/bureaux/clackmannanshire-citizens-advice-bureau,,For opening times please visit the website.,TRUE,FALSE,FALSE,2025-01-16 12:53:24 +0000,2025-01-16 12:53:24 +0000,,,FALSE,FALSE,TRUE,FALSE,www.cas.org.uk/clackmannanshire-citizens-advice-bureau,,,FALSE,6
Clackmannanshire CAB - Tullibody Outreach,Tullibody Civic Centre Abercromby Place,Tullibody,,FK10 2RU,56.1315,-3.83653,,https://www.cas.org.uk/bureaux/clackmannanshire-citizens-advice-bureau,,For opening times please visit the website.,TRUE,FALSE,FALSE,2025-01-16 12:53:25 +0000,2025-01-16 12:53:25 +0000,,,FALSE,FALSE,TRUE,FALSE,www.cas.org.uk/clackmannanshire-citizens-advice-bureau,,,FALSE,6
Clackmannanshire Citizens Advice Bureau,Glebe Hall Burgh Mews,Alloa,,FK10 1HS,56.1144,-3.79385,,https://www.cas.org.uk/bureaux/clackmannanshire-citizens-advice-bureau,,For opening times please visit the website.,TRUE,FALSE,FALSE,2025-01-16 12:53:25 +0000,2025-01-16 12:53:25 +0000,01259 219 404,,FALSE,FALSE,TRUE,FALSE,www.cas.org.uk/clackmannanshire-citizens-advice-bureau,,,FALSE,6
Clydesdale Citizens Advice Bureau,10 - 12 Wide Close,Lanark,,ML11 7LX,55.674,-3.78044,,,,,FALSE,FALSE,FALSE,2025-01-16 12:53:26 +0000,2025-01-16 12:53:26 +0000,,,FALSE,FALSE,FALSE,FALSE,,,,FALSE,6
Clydesdale Citizens Advice Bureau - Biggar Outreach,Biggar Library,Biggar,,ML12 6FX,55.6219,-3.52541,,https://www.cas.org.uk/bureaux/clydesdale-cab-biggar-outreach,,Fridays 14.00-16.00,TRUE,FALSE,FALSE,2025-01-16 12:53:26 +0000,2025-01-16 12:53:27 +0000,01555 664301,,FALSE,FALSE,TRUE,FALSE,www.cas.org.uk/bureaux/clydesdale-cab-biggar-outreach,,,FALSE,6
Clydesdale Citizens Advice Bureau - Blackwood  School Outreach,"Blackwood Primary School, Carlisle Road",Blackwood,,ML11 9AT,55.6697,-3.92037,,https://www.cas.org.uk/bureaux/clydesdale-cab-blackwood-school-outreach,,Mondays 09.00-11.00,TRUE,FALSE,FALSE,2025-01-16 12:53:27 +0000,2025-01-16 12:53:27 +0000,01555 664301,,FALSE,FALSE,TRUE,FALSE,www.cas.org.uk/bureaux/clydesdale-cab-blackwood-school-outreach,,,FALSE,6
Clydesdale Citizens Advice Bureau - Coalburn Outreach,One Stop Shop 42 Coalburn Road,Coalburn,,ML11 0LH,55.5908,-3.88969,,https://www.cas.org.uk/bureaux/clydesdale-cab-coalburn-outreach,,"Monday  13.00 - 17.00 (drop in)

For online advice visit Citizens Advice Guide at www.adviceguide.org.uk/scotland",TRUE,FALSE,FALSE,2025-01-16 12:53:27 +0000,2025-01-16 12:53:28 +0000,01555 664301,,FALSE,FALSE,TRUE,FALSE,www.cas.org.uk/bureaux/clydesdale-cab-coalburn-outreach,,,FALSE,6
Clydesdale Citizens Advice Bureau - Crawford Outreach,Crawford Hall,Crawford,,ML12 6TP,55.4673,-3.65095,,https://www.cas.org.uk/bureaux/clydesdale-cab-crawford-outreach,,Friday 09.30-11.30,TRUE,FALSE,FALSE,2025-01-16 12:53:28 +0000,2025-01-16 12:53:28 +0000,01555 664301,,FALSE,FALSE,TRUE,FALSE,www.cas.org.uk/bureaux/clydesdale-cab-crawford-outreach,,,FALSE,6
Clydesdale Citizens Advice Bureau - Douglas Outreach,St Brides Community Centre,Douglas,,ML11 0PT,55.558,-3.84489,,https://www.cas.org.uk/bureaux/clydesdale-cab-douglas-outreach,,Tuesday  9.30 - 11.30 (drop in),TRUE,FALSE,FALSE,2025-01-16 12:53:29 +0000,2025-01-16 12:53:29 +0000,01555 664301,,FALSE,FALSE,TRUE,FALSE,www.cas.org.uk/bureaux/clydesdale-cab-douglas-outreach,,,FALSE,6
Clydesdale Citizens Advice Bureau - Forth Outreach,"Community Resource Centre , 57 Hawkwood Terrace",Forth,,ML11 8AT,55.7674,-3.68268,,https://www.cas.org.uk/bureaux/clydesdale-cab-forth-outreach,,Thursday  10.00 - 12.00,TRUE,FALSE,FALSE,2025-01-16 12:53:29 +0000,2025-01-16 12:53:29 +0000,01555 664301,,FALSE,FALSE,TRUE,FALSE,www.cas.org.uk/bureaux/clydesdale-cab-forth-outreach,,,FALSE,6
Clydesdale Citizens Advice Bureau - Lesmahagow Outreach,"Fountain Hall, Abbeygreen",Lesmahagow,,ML11 0UD,55.5632,-3.88325,,,,Thursday 15.00 - 17.00,TRUE,FALSE,FALSE,2025-01-16 12:53:30 +0000,2025-01-16 12:53:30 +0000,,,FALSE,FALSE,FALSE,FALSE,,,,FALSE,6
Clydesdale Citizens Advice Bureau - Rigside Primary,Muirfoot Road,Rigside,,ML11 9LY,55.5952,-3.7818,,https://www.cas.org.uk/bureaux/clydesdale-cab-rigside-primary,,Friday 09.30-11.30,TRUE,FALSE,FALSE,2025-01-16 12:53:30 +0000,2025-01-16 12:53:30 +0000,01555 664301,,FALSE,FALSE,TRUE,FALSE,www.cas.org.uk/bureaux/clydesdale-cab-rigside-primary,,,FALSE,6
Clydesdale Citizens Advice Bureau - Woodpark School Outreach,"Woodpark Primary School, Priory Road",Lesmahagow,,ML11 0AA,55.6335,-3.87997,,https://www.cas.org.uk/bureaux/clydesdale-cab-woodpark-school-outreach,,Tuesdays 13.00-15.00,TRUE,FALSE,FALSE,2025-01-16 12:53:31 +0000,2025-01-16 12:53:31 +0000,01555 664301,,FALSE,FALSE,TRUE,FALSE,www.cas.org.uk/bureaux/clydesdale-cab-woodpark-school-outreach,,,FALSE,6
Coatbridge Citizens Advice Bureau,Unit 10 Fountain Business Centre Ellis Street,Coatbridge,,ML5 3AA,55.8613,-4.02869,,http://www.coatbridgecab.org.uk/services/debt-and-money,,Advice also provided via the telephone and webchat.,TRUE,FALSE,FALSE,2025-01-16 12:53:31 +0000,2025-01-16 12:53:32 +0000,0800 328 1131,,FALSE,FALSE,TRUE,FALSE,www.coatbridgecab.org.uk/services/debt-and-money,,,FALSE,6
Coatbridge Citizens Advice Bureau - Bargeddie Outreach,Bargeddie Safety Zone 61 Gairbraid Terrace,Baillieston,,G69 7SN,55.853,-4.07513,,http://www.coatbridgecab.org.uk/services/debt-and-money,,Advice also provided via the telephone and webchat.,TRUE,FALSE,FALSE,2025-01-16 12:53:32 +0000,2025-01-16 12:53:32 +0000,0800 328 1131,,FALSE,FALSE,TRUE,FALSE,www.coatbridgecab.org.uk/services/debt-and-money,,,FALSE,6
Coatbridge Citizens Advice Bureau - Chryston Outreach,The Cultural Centre Lindsaybeg Road,Chryston,,G69 9DL,55.9043,-4.10421,,http://www.coatbridgecab.org.uk/services/debt-and-money,,Advice also provided via the telephone and webchat.,TRUE,FALSE,FALSE,2025-01-16 12:53:32 +0000,2025-01-16 12:53:33 +0000,0800 328 1131,,FALSE,FALSE,TRUE,FALSE,www.coatbridgecab.org.uk/services/debt-and-money,,,FALSE,6
Coatbridge Citizens Advice Bureau - Dundyvan Gardens Outreach,"Sheltered Housing, Dundyvan Gardens",Coatbridge,,ML5 4BX,55.8536,-4.02706,,http://www.coatbridgecab.org.uk/services/debt-and-money,,Advice also provided via the telephone and webchat.,TRUE,FALSE,FALSE,2025-01-16 12:53:33 +0000,2025-01-16 12:53:33 +0000,0800 328 1131,,FALSE,FALSE,TRUE,FALSE,www.coatbridgecab.org.uk/services/debt-and-money,,,FALSE,6
Coatbridge Citizens Advice Bureau - Glenboig Outreach,Glenboig Neighbourhood House 50-52 Main Street,Glenboig,,ML5 2QT,55.8929,-4.04427,,http://www.coatbridgecab.org.uk/services/debt-and-money,,Advice also provided via the telephone and webchat.,TRUE,FALSE,FALSE,2025-01-16 12:53:34 +0000,2025-01-16 12:53:34 +0000,0800 328 1131,,FALSE,FALSE,TRUE,FALSE,www.coatbridgecab.org.uk/services/debt-and-money,,,FALSE,6
Coatbridge Citizens Advice Bureau - Shawhead Community Centre Outreach,"Shawhead Community Centre, 25 Berwick Street",Coatbridge,,ML5 4NH,55.8458,-4.019,,http://www.coatbridgecab.org.uk/services/debt-and-money,,Advice also provided via the telephone and webchat.,TRUE,FALSE,FALSE,2025-01-16 12:53:34 +0000,2025-01-16 12:53:34 +0000,0800 328 1131,,FALSE,FALSE,TRUE,FALSE,www.coatbridgecab.org.uk/services/debt-and-money,,,FALSE,6
Coatbridge Citizens Advice Bureau - St James Way Outreach,"St James Way, St James Court",Coatbridge,,ML5 5BN,55.8479,-4.04167,,http://www.coatbridgecab.org.uk/services/debt-and-money,,Advice also provided via the telephone and webchat.,TRUE,FALSE,FALSE,2025-01-16 12:53:35 +0000,2025-01-16 12:53:35 +0000,0800 328 1131,,FALSE,FALSE,TRUE,FALSE,www.coatbridgecab.org.uk/services/debt-and-money,,,FALSE,6
Coatbridge Citizens Advice Bureau - Townhead Parish Church Outreach,"Townhead Parish Church, Crinan Crescent",Coatbridge,,ML5 2LH,55.8737,-4.05042,,http://www.coatbridgecab.org.uk/services/debt-and-money,,Advice also provided via the telephone and webchat.,TRUE,FALSE,FALSE,2025-01-16 12:53:35 +0000,2025-01-16 12:53:35 +0000,0800 328 1131,,FALSE,FALSE,TRUE,FALSE,www.coatbridgecab.org.uk/services/debt-and-money,,,FALSE,6
Coatbridge Citizens Advice Bureau -Afton Gardens Outreach,"Afton Gardens Sheltered  Housing, 1 Afton Gardens",Coatbridge,,ML5 4PW,55.8532,-4.0005,,http://www.coatbridgecab.org.uk/services/debt-and-money,,Advice also provided via the telephone and webchat.,TRUE,FALSE,FALSE,2025-01-16 12:53:36 +0000,2025-01-16 12:53:36 +0000,0800 328 1131,,FALSE,FALSE,TRUE,FALSE,www.coatbridgecab.org.uk/services/debt-and-money,,,FALSE,6
Cumbernauld and Kilsyth Citizens Advice Bureau,"16/17 Carron House, Town Centre",Cumbernauld,,G67 1ER,55.9505,-3.95496,,http://www.cumbernauldcab.org.uk/services/debt-and-money,,Advice also provided via the telephone and webchat,TRUE,FALSE,FALSE,2025-01-16 12:53:37 +0000,2025-01-16 12:53:37 +0000,0800 328 1131,,FALSE,FALSE,TRUE,FALSE,www.cumbernauldcab.org.uk/services/debt-and-money,,,FALSE,6
DAGAS Annan Citizens Advice Bureau,19a Bank Street,Annan,,DG12 6AA,54.9869,-3.26227,info@dagcas.org,https://www.cas.org.uk/bureaux/annan-citizens-advice-bureau-dagcas,,For opening times please visit the website.,TRUE,FALSE,FALSE,2025-01-16 12:53:38 +0000,2025-01-16 12:53:38 +0000,0300 303 4321,,FALSE,FALSE,TRUE,FALSE,www.cas.org.uk/bureaux/annan-citizens-advice-bureau-dagcas,,,FALSE,6
DAGAS Annan Citizens Advice Bureau  - Langholm Outreach,Langholm Day Centre Charles Street,Langholm,,DG13 OAB,55.2523,-3.12367,info@dagcas.org,https://www.cas.org.uk/bureaux/annan-cab-dagcas-langholm-outreach,,This Outreach Service is available on the 1st and 3rd Monday of the month and is by Appointment Only. Mondays 15.30-16.30,TRUE,FALSE,FALSE,2025-01-16 12:53:38 +0000,2025-01-16 12:53:38 +0000,0300 303 4321,,FALSE,FALSE,TRUE,FALSE,www.cas.org.uk/bureaux/annan-cab-dagcas-langholm-outreach,,,FALSE,6
DAGAS Annan Citizens Advice Bureau - Moffat Outreach,Town Hall,Moffat,,DG10 9UK,55.333,-3.41878,info@dagcas.org,https://www.cas.org.uk/bureaux/annan-cab-dagcas-moffat-outreach,,This Outreach Service is by Appointment only. Wednesday  09.30-11.30,TRUE,FALSE,FALSE,2025-01-16 12:53:39 +0000,2025-01-16 12:53:39 +0000,0300 303 4321,,FALSE,FALSE,TRUE,FALSE,www.cas.org.uk/bureaux/annan-cab-dagcas-moffat-outreach,,,FALSE,6
DAGAS Castle Douglas Citizens Advice Bureau,"Parish Church Hall, Queen Street",Castle Douglas,,DG7 1EG,54.9401,-3.92876,info@dagcas.org,https://www.cas.org.uk/bureaux/castle-douglas-citizens-advice-dagcas,,For opening times please visit the website.,TRUE,FALSE,FALSE,2025-01-16 12:53:40 +0000,2025-01-16 12:53:40 +0000,0300 303 4321,,FALSE,FALSE,TRUE,FALSE,www.cas.org.uk/bureaux/castle-douglas-citizens-advice-dagcas,,,FALSE,6
DAGAS Castle Douglas Citizens Advice Bureau  - Kirkcudbright Outreach,"Kirkcudbright Customer Service Centre, Daar Road",Kirkcudbright,,DG6 4JG,54.835,-4.05276,info@dagcas.org,https://www.cas.org.uk/bureaux/castle-douglas-cab-dagcas-kirkcudbright-outreach,,Monday 10.00 - 13.00 (Drop In) and 13.30 - 16.00 (Appointments Only),TRUE,FALSE,FALSE,2025-01-16 12:53:41 +0000,2025-01-16 12:53:41 +0000,0300 303 4321,,FALSE,FALSE,TRUE,FALSE,www.cas.org.uk/bureaux/castle-douglas-cab-dagcas-kirkcudbright-outreach,,,FALSE,6
DAGAS Castle Douglas Citizens Advice Bureau - Dalbeattie Outreach,"Dalbeattie Customer Service Centre, High Street",Dalbeattie,,DG5 4AD,54.9328,-3.82181,info@dagcas.org,https://www.cas.org.uk/bureaux/castle-douglas-cab-dagcas-dalbeattie-outreach,,"Tuesday 13.30 - 16.00 (Appointment Only)
Thursday 09.30 - 13.00 (Drop In)",TRUE,FALSE,FALSE,2025-01-16 12:53:41 +0000,2025-01-16 12:53:41 +0000,0300 303 4321,,FALSE,FALSE,TRUE,FALSE,www.cas.org.uk/bureaux/castle-douglas-cab-dagcas-dalbeattie-outreach,,,FALSE,6
DAGAS Dumfries and Galloway Citizens Advice Service,81 - 85 Irish Street,Dumfries,,DG1 2PQ,55.0677,-3.61172,info@dagcas.org,https://www.cas.org.uk/bureaux/dumfries-and-galloway-citizens-advice-service-dagcas,,For opening times please visit the website.,TRUE,FALSE,FALSE,2025-01-16 12:53:42 +0000,2025-01-16 12:53:42 +0000,0300 303 4321,,FALSE,FALSE,TRUE,FALSE,www.cas.org.uk/bureaux/dumfries-and-galloway-citizens-advice-service-dagcas,,,FALSE,6
DAGAS Dumfries and Galloway Citizens Advice Service - Kelloholm Outreach,Mill Hill Centre Corserig Crescent Kelloholm,Sanquhar,,DG4 6EL,55.3841,-3.99179,info@dagcas.org,https://www.cas.org.uk/bureaux/dumfries-cab-dagcas-kelloholm-outreach,,This Outreach Service is by appointment only. Wednesday  14.00 - 16.00,TRUE,FALSE,FALSE,2025-01-16 12:53:43 +0000,2025-01-16 12:53:43 +0000,0300 303 4321,,FALSE,FALSE,TRUE,FALSE,www.cas.org.uk/bureaux/dumfries-cab-dagcas-kelloholm-outreach,,,FALSE,6
DAGAS Dumfries and Galloway Citizens Advice Service - Lincluden Outreach,North West Resource Centre College Drive,Lincluden,,DG2 0BX,55.082,-3.62088,info@dagcas.org,https://www.cas.org.uk/bureaux/dumfries-cab-dagcas-lincluden-outreach,,This Outreach Service is by appointment only. Monday and Wednesday  10.00 - 12.00,TRUE,FALSE,FALSE,2025-01-16 12:53:43 +0000,2025-01-16 12:53:44 +0000,0300 303 4321,,FALSE,FALSE,TRUE,FALSE,www.cas.org.uk/bureaux/dumfries-cab-dagcas-lincluden-outreach,,,FALSE,6
DAGAS Dumfries and Galloway Citizens Advice Service - Midpark Hospital Outreach,Crichton Royal Hospital Midpark Bankend Road,Dumfries,,DG1 4TN,55.0506,-3.5893,info@dagcas.org,https://www.cas.org.uk/bureaux/dumfries-cab-dagcas-midpark-hospital-outreach,,This Outreach Service is by appointment only. Monday 10.00 - 12.00,TRUE,FALSE,FALSE,2025-01-16 12:53:44 +0000,2025-01-16 12:53:44 +0000,0300 303 4321,,FALSE,FALSE,TRUE,FALSE,www.cas.org.uk/bureaux/dumfries-cab-dagcas-midpark-hospital-outreach,,,FALSE,6
DAGAS Dumfries and Galloway Citizens Advice Service - Royal Infirmary Outreach,"Dumfries and Galloway Royal Infirmary (DGRI), Bankend Road, S4L Clinic, Main Reception",Dumfries,,DG1 4AP,55.0563,-3.59924,info@dagcas.org,https://www.cas.org.uk/bureaux/dumfries-cab-dagcas-royal-infirmary-outreach,,"This Outreach Service is by Drop in - no appointments required.
Monday 14.00 - 17.00 (General)
Wednesday 10.00 - 12.00 (Macmillan Support4Life)
Friday 10.00 - 12.00 (Macmillan Support4Life)",TRUE,FALSE,FALSE,2025-01-16 12:53:45 +0000,2025-01-16 12:53:45 +0000,0300 303 4321,,FALSE,FALSE,TRUE,FALSE,www.cas.org.uk/bureaux/dumfries-cab-dagcas-royal-infirmary-outreach,,,FALSE,6
DAGAS Dumfries and Galloway Citizens Advice Service - Sanquhar Outreach,Council Offices 100 High Street,Sanquhar,,DG4 6EB,55.3669,-3.92246,info@dagcas.org,https://www.cas.org.uk/bureaux/dumfries-cab-dagcas-sanquhar-outreach,,This Outreach Service is available every second Wednesday for General Advice and every 4th Wednesday for Debt Advice and is by appointment only. Wednesday  10.00-12.00,TRUE,FALSE,FALSE,2025-01-16 12:53:45 +0000,2025-01-16 12:53:45 +0000,0300 303 4321,,FALSE,FALSE,TRUE,FALSE,www.cas.org.uk/bureaux/dumfries-cab-dagcas-sanquhar-outreach,,,FALSE,6
DAGCAS Stranraer Citizens Advice Bureau,"Burns House, 32 Harbour Street",Stranraer,,DG9 7RD,54.9058,-5.02625,info@dagcas.org,https://www.cas.org.uk/bureaux/stranraer-citizens-advice-bureau-dagcas,,Monday - Friday 09.00-17.00,TRUE,FALSE,FALSE,2025-01-16 12:53:46 +0000,2025-01-16 12:53:46 +0000,0300 303 4321,,FALSE,FALSE,TRUE,FALSE,www.cas.org.uk/bureaux/stranraer-citizens-advice-bureau-dagcas,,,FALSE,6
DAGCAS Stranraer Citizens Advice Bureau  - Newton Stewart Outreach,"Newton Stewart Library , Church Street",Newton Stewart,,DG8 6ER,54.9576,-4.4857,info@dagcas.org,https://www.cas.org.uk/bureaux/stranraer-cab-dagcas-newton-stewart-outreach,,This Outreach Service is by Appointment Only. Friday 13.00-16.00,TRUE,FALSE,FALSE,2025-01-16 12:53:46 +0000,2025-01-16 12:53:47 +0000,0300 303 4321,,FALSE,FALSE,TRUE,FALSE,www.cas.org.uk/bureaux/stranraer-cab-dagcas-newton-stewart-outreach,,,FALSE,6
Dalkeith and  District Citizens Advice Bureau,8 Buccleuch Street,Dalkeith,,EH22 1HA,55.8928,-3.07153,,https://www.cas.org.uk/bureaux/dalkeith-and-district-citizens-advice-bureau,,For opening times please visit the website.,TRUE,FALSE,FALSE,2025-01-16 12:53:47 +0000,2025-01-16 12:53:47 +0000,0131 660 1636,,FALSE,FALSE,TRUE,FALSE,www.cas.org.uk/bureaux/dalkeith-and-district-citizens-advice-bureau,,,FALSE,6
Dalkeith and  District Citizens Advice Bureau - Danderhall Outreach,Danderhall Library,Danderhall,,EH22 1QD,55.912,-3.10635,,https://www.cas.org.uk/bureaux/dalkeith-and-district-cab-danderhall-outreach,,General advice session Tuesdays 10.00 - 12.00. (Drop-In) Service no appointment required,TRUE,FALSE,FALSE,2025-01-16 12:53:47 +0000,2025-01-16 12:53:48 +0000,0131 663 1616,,FALSE,FALSE,TRUE,FALSE,www.cas.org.uk/bureaux/dalkeith-and-district-cab-danderhall-outreach,,,FALSE,6
Dalkeith and  District Citizens Advice Bureau - Gorebridge Library Outreach,Gorebridge Library,Gorebridge,,EH23 4TT,55.8451,-3.05042,,https://www.cas.org.uk/bureaux/dalkeith-and-district-cab-gorebridge-outreach,,Thursdays 10.00-13.00,TRUE,FALSE,FALSE,2025-01-16 12:53:48 +0000,2025-01-16 12:53:48 +0000,01875 820630,,FALSE,FALSE,TRUE,FALSE,www.cas.org.uk/bureaux/dalkeith-and-district-cab-gorebridge-outreach,,,FALSE,6
Dalkeith and  District Citizens Advice Bureau - Newbyers Surgery Outreach,Newbyers Surgery,Gorebridge,,EH23 4TD,55.8428,-3.05101,,https://www.cas.org.uk/bureaux/dalkeith-and-district-cab-newbyers-surgery-outreach,,"This Outreach Service is for Registered Patients of the Surgery and is by appointment only

General advice sessions Wednesday 09.30 - 12.00.",TRUE,FALSE,FALSE,2025-01-16 12:53:49 +0000,2025-01-16 12:53:49 +0000,01875 820405,,FALSE,FALSE,TRUE,FALSE,www.cas.org.uk/bureaux/dalkeith-and-district-cab-newbyers-surgery-outreach,,,FALSE,6
Denny and Dunipace Citizens Advice Bureau,24 Duke Street,Denny,Stirlingshire,FK6 6DD,56.0232,-3.90953,bureau@dennycab.casonline.org.uk,http://www.dennyanddunipacecab.org.uk,,For opening times please visit the website.,TRUE,FALSE,FALSE,2025-01-16 12:53:49 +0000,2025-01-16 12:53:49 +0000,01324 823 118,,FALSE,FALSE,TRUE,FALSE,www.dennyanddunipacecab.org.uk,,,FALSE,6
Denny and Dunipace Citizens Advice Bureau - Bonnybridge Outreach,"Bonnybridge Community Centre , Bridge Street",Bonnybridge,,FK4 1AA,56.0009,-3.88732,bureau@dennycab.casonline.org.uk,https://www.cas.org.uk/bureaux/denny-and-dunipace-cab-bonnybridge-outreach,,Wednesday 11.00-14.00,TRUE,FALSE,FALSE,2025-01-16 12:53:50 +0000,2025-01-16 12:53:50 +0000,,,FALSE,FALSE,TRUE,FALSE,www.cas.org.uk/bureaux/denny-and-dunipace-cab-bonnybridge-outreach,,,FALSE,6
Denny and Dunipace Citizens Advice Bureau - Denny Parish Church Hall Outreach,Denny Parish Church Hall,Denny,,FK6 6DB,56.0228,-3.90887,bureau@dennycab.casonline.org.uk,https://www.cas.org.uk/bureaux/denny-and-dunipace-cab-denny-parish-church-hall-outreach,,Wednesday  9.30 - 11.30 (drop in),TRUE,FALSE,FALSE,2025-01-16 12:53:50 +0000,2025-01-16 12:53:50 +0000,,,FALSE,FALSE,TRUE,FALSE,www.cas.org.uk/bureaux/denny-and-dunipace-cab-denny-parish-church-hall-outreach,,,FALSE,6
Dundee Citizens Advice Bureau,Dundee Central Library Level 4 Wellgate Centre,Dundee,,DD1 1DB,56.4646,-2.96926,bureau@dundeecab.casonline.org.uk,https://www.dundeecab.org.uk/visiting-us,,"Mondays - Thursday 09.00 - 17.00 (Drop In Sessions 09.30 - 12.00 and 13.00 - 15.00)
Fridays 09.00 - 17.00 (Drop In Sessions 09.30 - 12.00 and 13.00 - 15.00)",TRUE,FALSE,FALSE,2025-01-16 12:53:51 +0000,2025-01-16 12:53:51 +0000,01382 307 494,,FALSE,FALSE,TRUE,FALSE,www.dundeecab.org/visiting-us,,,FALSE,6
Dundee Citizens Advice Bureau - Charleston Outreach,"Taught by Muhammad Community Cafe, Charleston Community Centre, Craigowen Road",Dundee,,DD2 4NL,56.4737,-3.03502,bureau@dundeecab.casonline.org.uk,https://www.dundeecab.org.uk/visiting-us,,Tuesday 12.30-14.30,TRUE,FALSE,FALSE,2025-01-16 12:53:51 +0000,2025-01-16 12:53:52 +0000,01382 307 494,,FALSE,FALSE,TRUE,FALSE,www.dundeecab.org/visiting-us,,,FALSE,6
Dundee Citizens Advice Bureau - Douglas Outreach,"Taught by Muhammad Community Cafe, Douglas Community Centre, Balmoral Avenue",Dundee,,DD4 8SD,56.4792,-2.90436,bureau@dundeecab.casonline.org.uk,https://www.dundeecab.org.uk/visiting-us,,Mondays 12.00-14.30,TRUE,FALSE,FALSE,2025-01-16 12:53:52 +0000,2025-01-16 12:53:52 +0000,01382 307 494,,FALSE,FALSE,TRUE,FALSE,www.dundeecab.org/visiting-us,,,FALSE,6
Dundee Citizens Advice Bureau - Maggies Centre Outreach,"Maggies Centre, Tom McDonald Avenue",Dundee,,DD2 1NH,56.4634,-3.04568,bureau@dundeecab.casonline.org.uk,https://www.dundeecab.org.uk/visiting-us,,Thursday 09.00-12.00,TRUE,FALSE,FALSE,2025-01-16 12:53:52 +0000,2025-01-16 12:53:53 +0000,01382 307 494,,FALSE,FALSE,TRUE,FALSE,www.dundeecab.org/visiting-us,,,FALSE,6
Dundee Citizens Advice Bureau - Ninewells Hospital Outreach,"Ninewells Hospital, James Arrot Drive",Dundee,,DD1 9SY,56.4618,-2.9687,bureau@dundeecab.casonline.org.uk,https://www.dundeecab.org.uk/visiting-us,,Tuesdays 13.00-16.00,TRUE,FALSE,FALSE,2025-01-16 12:53:53 +0000,2025-01-16 12:53:53 +0000,01382 307 494,,FALSE,FALSE,TRUE,FALSE,www.dundeecab.org/visiting-us,,,FALSE,6
Dundee Citizens Advice Bureau - University Outreach,Dundee University Students Association Airlie Place,Dundee,,DD1 4HP,56.4577,-2.98211,bureau@dundeecab.casonline.org.uk,https://www.dundeecab.org.uk/visiting-us,,"For Students of Dundee University only

Tuesday 13.00 - 16.00 (Drop In)",TRUE,FALSE,FALSE,2025-01-16 12:53:54 +0000,2025-01-16 12:53:54 +0000,01382 307 494,,FALSE,FALSE,TRUE,FALSE,www.dundeecab.org/visiting-us,,,FALSE,6
East and Central Sutherland Citizens Advice Bureau,Station Road,Golspie,Sutherland,KW10 6SN,57.9722,-3.98214,advice@esvas.casonline.org.uk,https://www.cas.org.uk/bureaux/east-and-central-sutherland-citizens-advice-bureau,,"Monday -Thursday 10.00 - 13.00; 14.00 - 16.00
Fridays 10.00 - 13.00",TRUE,FALSE,FALSE,2025-01-16 12:53:54 +0000,2025-01-16 12:53:54 +0000,01408 633000,,FALSE,FALSE,TRUE,FALSE,www.cas.org.uk/bureaux/east-and-central-sutherland-citizens-advice-bureau,,,FALSE,6
East and Central Sutherland Citizens Advice Bureau - Dornoch Outreach,"Highland Council Service Point , Castle Street",Dornoch,,IV25 3SD,57.88,-4.0284,advice@esvas.casonline.org.uk,https://www.cas.org.uk/bureaux/east-and-central-sutherland-cab-dornoch-outreach,,Wednesday 10.00 - 12.00 (Fortnightly),TRUE,FALSE,FALSE,2025-01-16 12:53:55 +0000,2025-01-16 12:53:55 +0000,01408 633000,,FALSE,FALSE,TRUE,FALSE,www.cas.org.uk/bureaux/east-and-central-sutherland-cab-dornoch-outreach,,,FALSE,6
East Ayrshire Citizens Advice Bureau,The Gateway Centre,3 Foregate Square,Kilmarnock,KA1 1LN,55.6104,-4.49576,,https://www.cas.org.uk/bureaux/east-ayrshire-citizens-advice-bureau,,For opening times please visit the website.,TRUE,FALSE,FALSE,2025-01-16 12:53:55 +0000,2025-01-16 12:53:55 +0000,01563 543379,,FALSE,FALSE,TRUE,FALSE,www.cas.org.uk/bureaux/east-ayrshire-citizens-advice-bureau,,,FALSE,6
East Ayrshire Citizens Advice Bureau - Cumnock Extension,77a Townhead Street,Cumnock,,KA18 1LF,55.4544,-4.26214,,,,,TRUE,FALSE,FALSE,2025-01-16 12:53:56 +0000,2025-01-16 12:53:56 +0000,,,FALSE,FALSE,TRUE,FALSE,www.cas.org.uk/bureaux/east-ayrshire-cab-cumnock-extensionhttps://www.cas.org.uk/bureaux/east-ayrshire-cab-cumnock-extension,,,FALSE,6
East Ayrshire Citizens Advice Bureau - Dalmellington Outreach,"Dalmellington Health Centre, 33 Main Street",Dalmellington,,KA6 7QL,55.323,-4.39868,,https://www.cas.org.uk/bureaux/east-ayrshire-cab-dalmellington-outreach,,"Tuesday 10.00 - 13.00 (Drop In)
There are no drop in surgeries last week of the month",TRUE,FALSE,FALSE,2025-01-16 12:53:56 +0000,2025-01-16 12:53:57 +0000,,,FALSE,FALSE,TRUE,FALSE,www.cas.org.uk/bureaux/east-ayrshire-cab-dalmellington-outreach,,,FALSE,6
East Ayrshire Citizens Advice Bureau - Drongan,"The Medical Centre, Mill of Shield Road",Drongan,,KA6 7AY,55.4344,-4.46069,,https://www.cas.org.uk/bureaux/east-ayrshire-cab-drongan-outreach,,"Friday  10.00 - 12.30 (Drop In)
There are no drop in surgeries last week of the month",TRUE,FALSE,FALSE,2025-01-16 12:53:57 +0000,2025-01-16 12:53:57 +0000,,,FALSE,FALSE,TRUE,FALSE,www.cas.org.uk/bureaux/east-ayrshire-cab-drongan-outreach,,,FALSE,6
East Ayrshire Citizens Advice Bureau - Muirkirk,Muirkirk Community Library 2 Burns Avenue,Muirkirk,,KA18 3RH,55.5222,-4.0675,,https://www.cas.org.uk/bureaux/east-ayrshire-cab-muirkirk-outreach,,"Thursday  10.00 - 12.30 (Drop In)
There are no drop in surgeries last week of the month",TRUE,FALSE,FALSE,2025-01-16 12:53:58 +0000,2025-01-16 12:53:58 +0000,,,FALSE,FALSE,TRUE,FALSE,www.cas.org.uk/bureaux/east-ayrshire-cab-muirkirk-outreach,,,FALSE,6
East Ayrshire Citizens Advice Bureau - New Cumnock Outreach,"New Cumnock Town Hall , 15 Castle",New Cumnock,,KA18 4AN,55.3962,-4.18465,,https://www.cas.org.uk/bureaux/east-ayrshire-cab-new-cumnock-outreach,,Wednesdays 10.00-12.30,TRUE,FALSE,FALSE,2025-01-16 12:53:58 +0000,2025-01-16 12:53:58 +0000,,,FALSE,FALSE,TRUE,FALSE,www.cas.org.uk/bureaux/east-ayrshire-cab-new-cumnock-outreach,,,FALSE,6
East Ayrshire Citizens Advice Bureau - Newmilns Outreach,43-45 Main Street,Newmilns,,KA16 9DA,55.6075,-4.32553,,https://www.cas.org.uk/bureaux/east-ayrshire-cab-newmilns-outreach,,Mondays 10.00-12.00,TRUE,FALSE,FALSE,2025-01-16 12:53:59 +0000,2025-01-16 12:53:59 +0000,,,FALSE,FALSE,TRUE,FALSE,www.cas.org.uk/bureaux/east-ayrshire-cab-newmilns-outreach,,,FALSE,6
East Ayrshire Citizens Advice Bureau - Patna Outreach,"Patna Community Centre, Doonside Avenue",Patna,,KA6 7LX,55.3607,-4.50087,,https://www.cas.org.uk/bureaux/east-ayrshire-cab-patna-outreach,,Thursday 10.00-12.30 (Drop In),TRUE,FALSE,FALSE,2025-01-16 12:53:59 +0000,2025-01-16 12:53:59 +0000,,,FALSE,FALSE,TRUE,FALSE,www.cas.org.uk/bureaux/east-ayrshire-cab-patna-outreach,,,FALSE,6
East Dunbartonshire Citizens Advice Bureau,11 Alexandra Street,Kirkintilloch,,G66 1HB,55.9382,-4.15598,bureau@eastdunbartoncab.casonline.org.uk,https://www.cas.org.uk/bureaux/east-dunbartonshire-citizens-advice-bureau,,For opening times please visit the website.,TRUE,FALSE,FALSE,2025-01-16 12:54:00 +0000,2025-01-16 12:54:00 +0000,0141 775 3220,,FALSE,FALSE,TRUE,FALSE,www.cas.org.uk/bureaux/east-dunbartonshire-citizens-advice-bureau,,,FALSE,6
East Dunbartonshire Citizens Advice Bureau - Auchinairn,"Auchinairn Community and Early Years Centre, Beech Road",Bishopbriggs,,G61 1NE,55.9111,-4.32798,bureau@eastdunbartoncab.casonline.org.uk,https://www.cas.org.uk/bureaux/east-dunbartonshire-cab-auchinairn-outreach,,Wednesday 10-12.00 (Appointment only),TRUE,FALSE,FALSE,2025-01-16 12:54:00 +0000,2025-01-16 12:54:00 +0000,0141 775 3220,,FALSE,FALSE,TRUE,FALSE,www.cas.org.uk/bureaux/east-dunbartonshire-cab-auchinairn-outreach,,,FALSE,6
East Dunbartonshire Citizens Advice Bureau - Bearsden Hub Outreach,"Bearsden Hub, 69 Drymen Road",Bearsden,,G61 3QT,55.9197,-4.33451,bureau@eastdunbartoncab.casonline.org.uk,https://www.cas.org.uk/bureaux/east-dunbartonshire-cab-bearsden-hub-outreach,,Wednesdays and Thursdays 10.00-12.00,TRUE,FALSE,FALSE,2025-01-16 12:54:01 +0000,2025-01-16 12:54:01 +0000,0141 775 3220,,FALSE,FALSE,TRUE,FALSE,www.cas.org.uk/bureaux/east-dunbartonshire-cab-bearsden-hub-outreach,,,FALSE,6
East Dunbartonshire Citizens Advice Bureau - Bearsden: New Kilpatrick Church Hall Outreach,"New Kilpatrick Church Hall, 28 Kirk Place",Bearsden,,G61 3RT,55.9215,-4.33224,bureau@eastdunbartoncab.casonline.org.uk,https://www.cas.org.uk/bureaux/east-dunbartonshire-cab-bearsden-new-kilpatrick-church-hall-outreach,,Thursdays 12.30-14.00,TRUE,FALSE,FALSE,2025-01-16 12:54:01 +0000,2025-01-16 12:54:02 +0000,0141 775 3220,,FALSE,FALSE,TRUE,FALSE,www.cas.org.uk/bureaux/east-dunbartonshire-cab-bearsden-new-kilpatrick-church-hall-outreach,,,FALSE,6
East Dunbartonshire Citizens Advice Bureau - Bishopbriggs Extension,Unit 5 Springfield House Emerson Road,Bishopbriggs,,G64 1QE,55.9033,-4.2226,bureau@eastdunbartoncab.casonline.org.uk,https://www.cas.org.uk/bureaux/east-dunbartonshire-cab-bishopbriggs-extension,,For opening times please visit the website.,TRUE,FALSE,FALSE,2025-01-16 12:54:02 +0000,2025-01-16 12:54:02 +0000,0141 563 0220,,FALSE,FALSE,TRUE,FALSE,www.cas.org.uk/bureaux/east-dunbartonshire-cab-bishopbriggs-extension,,,FALSE,6
East Dunbartonshire Citizens Advice Bureau - Hillhead Community Centre Outreach,"Hillhead Community Centre, 169 Meiklehill Road",Kirkintilloch,,G66 2JT,55.9417,-4.14103,bureau@eastdunbartoncab.casonline.org.uk,https://www.cas.org.uk/bureaux/east-dunbartonshire-cab-hillhead-community-centre-outreach,,Mondays 9.00-12.00,TRUE,FALSE,FALSE,2025-01-16 12:54:02 +0000,2025-01-16 12:54:03 +0000,0141 775 3220,,FALSE,FALSE,TRUE,FALSE,www.cas.org.uk/bureaux/east-dunbartonshire-cab-hillhead-community-centre-outreach,,,FALSE,6
East Dunbartonshire Citizens Advice Bureau - Kirkintilloch: Health and Care Centre Outreach,"Health and Care Centre, 10 Saramago Street",Kirkintilloch,,G66 3BF,55.9346,-4.1517,bureau@eastdunbartoncab.casonline.org.uk,https://www.cas.org.uk/bureaux/east-dunbartonshire-cab-kirkintilloch-health-and-care-centre-outreach,,Wednesdays 09.30-12.00,TRUE,FALSE,FALSE,2025-01-16 12:54:03 +0000,2025-01-16 12:54:03 +0000,0141 775 3220,,FALSE,FALSE,TRUE,FALSE,www.cas.org.uk/bureaux/east-dunbartonshire-cab-kirkintilloch-health-and-care-centre-outreach,,,FALSE,6
East Dunbartonshire Citizens Advice Bureau - Kirkintilloch: Jobcentreplus Outreach,"Jobcentre Plus, Queens Street",Kirkintilloch,,G66 1JN,55.9384,-4.15984,bureau@eastdunbartoncab.casonline.org.uk,https://www.cas.org.uk/bureaux/east-dunbartonshire-cab-kirkintilloch-jobcentreplus-outreach,,Tuesdays 10.00-12.00,TRUE,FALSE,FALSE,2025-01-16 12:54:04 +0000,2025-01-16 12:54:04 +0000,0141 775 3220,,FALSE,FALSE,TRUE,FALSE,www.cas.org.uk/bureaux/east-dunbartonshire-cab-kirkintilloch-jobcentreplus-outreach,,,FALSE,6
East Dunbartonshire Citizens Advice Bureau - Kirkintilloch: New College Outreach,"New College Lanarkshire , 50 Southbank Road, Kirkintilloch Campas",Kirkintilloch,,G66 1NH,55.9374,-4.15581,bureau@eastdunbartoncab.casonline.org.uk,https://www.cas.org.uk/bureaux/east-dunbartonshire-cab-kirkintilloch-new-college-outreach,,Thursday 10.00-12.00,TRUE,FALSE,FALSE,2025-01-16 12:54:04 +0000,2025-01-16 12:54:04 +0000,0141 775 3220,,FALSE,FALSE,TRUE,FALSE,www.cas.org.uk/bureaux/east-dunbartonshire-cab-kirkintilloch-new-college-outreach,,,FALSE,6
East Dunbartonshire Citizens Advice Bureau - Lennoxtown Outreach,"Lennoxtown Hub, 46 Main Street",Lennoxtown,,G66 7JJ,55.9745,-4.20195,bureau@eastdunbartoncab.casonline.org.uk,https://www.cas.org.uk/bureaux/east-dunbartonshire-cab-lennoxtown-outreach,,Thursdays 10.00-12.00,TRUE,FALSE,FALSE,2025-01-16 12:54:05 +0000,2025-01-16 12:54:05 +0000,0141 775 3220,,FALSE,FALSE,TRUE,FALSE,www.cas.org.uk/bureaux/east-dunbartonshire-cab-lennoxtown-outreach,,,FALSE,6
East Dunbartonshire Citizens Advice Bureau - Milngavie Clinic,"Milngavie Clinic, North Campbell Avenue",Milngavie,,G62 7AA,55.9409,-4.32376,bureau@eastdunbartoncab.casonline.org.uk,https://www.cas.org.uk/bureaux/east-dunbartonshire-cab-milngavie-clinic,,Wednesdays 10.00-15.00,TRUE,FALSE,FALSE,2025-01-16 12:54:05 +0000,2025-01-16 12:54:05 +0000,0141 775 3220,,FALSE,FALSE,TRUE,FALSE,www.cas.org.uk/bureaux/east-dunbartonshire-cab-milngavie-clinic,,,FALSE,6
East Dunbartonshire Citizens Advice Bureau - Milngavie Community Centre,"Community Centre and Library, Allander Road",Milngavie,,G62 8PN,55.9431,-4.32059,bureau@eastdunbartoncab.casonline.org.uk,https://www.cas.org.uk/bureaux/east-dunbartonshire-cab-milngavie-community-centre,,Thursday 10.00-12.00,TRUE,FALSE,FALSE,2025-01-16 12:54:06 +0000,2025-01-16 12:54:06 +0000,0141 775 3220,,FALSE,FALSE,TRUE,FALSE,www.cas.org.uk/bureaux/east-dunbartonshire-cab-milngavie-community-centre,,,FALSE,6
East Dunbartonshire Citizens Advice Bureau - Milngavie Outreach,The Fraser Centre,Milngavie,,G62 6PA,55.941,-4.31746,bureau@eastdunbartoncab.casonline.org.uk,https://www.cas.org.uk/bureaux/east-dunbartonshire-cab-milngavie-outreach,,For opening times please visit the website.,TRUE,FALSE,FALSE,2025-01-16 12:54:06 +0000,2025-01-16 12:54:06 +0000,0141 775 3220,,FALSE,FALSE,TRUE,FALSE,www.cas.org.uk/bureaux/east-dunbartonshire-cab-milngavie-outreach,,,FALSE,6
East Dunbartonshire Citizens Advice Bureau - Twechar Outreach,Twechar Healthy Living and Enterprise Centre,Twechar,,G65 9TA,55.9529,-4.08339,bureau@eastdunbartoncab.casonline.org.uk,https://www.cas.org.uk/bureaux/east-dunbartonshire-cab-twechar-outreach,,Tuesdays 12.00-14.00 (Drop In),TRUE,FALSE,FALSE,2025-01-16 12:54:07 +0000,2025-01-16 12:54:07 +0000,0141 775 3220,,FALSE,FALSE,TRUE,FALSE,www.cas.org.uk/bureaux/east-dunbartonshire-cab-twechar-outreach,,,FALSE,6
East Kilbride CAB - Foodbank Outreach,9 Olympia Way Town Centre,East Kilbride,,G75 8RG,55.7598,-4.22196,,,,,FALSE,FALSE,FALSE,2025-01-16 12:54:07 +0000,2025-01-16 12:54:08 +0000,,,FALSE,FALSE,FALSE,FALSE,,,,FALSE,6
East Kilbride Citizens Advice Bureau - Greenhills Outreach,"Greenhill Library, Greenhill Square",East Kilbride,,G75 8TT,55.745,-4.20652,bureau@ekilbridecab.cabnet.org.uk,https://www.cas.org.uk/bureaux/east-kilbride-cab-greenhills-outreach,,Mondays and Fridays 11.00-14.00,TRUE,FALSE,FALSE,2025-01-16 12:54:08 +0000,2025-01-16 12:54:08 +0000,07494 526436,,FALSE,FALSE,TRUE,FALSE,www.cas.org.uk/bureaux/east-kilbride-cab-greenhills-outreach,,,FALSE,6
East Kilbride Citizens Advice Bureau - Hairmyres Hospital Outreach,"Hairmyres Hospital, Eaglesham Road, Ward 19 and 20",East Kilbride,,G75 8RG,55.7598,-4.22196,bureau@ekilbridecab.cabnet.org.uk,https://www.cas.org.uk/bureaux/east-kilbride-cab-hairmyre-hospital-outreach,,"Mondays 11.00-14.00
Thursdays 13.00-14.00
Friday 10.00-12.00",TRUE,FALSE,FALSE,2025-01-16 12:54:08 +0000,2025-01-16 12:54:09 +0000,,,FALSE,FALSE,TRUE,FALSE,www.cas.org.uk/bureaux/east-kilbride-cab-hairmyre-hospital-outreach,,,FALSE,6
East Kilbride Citizens Advice Bureau - Strathaven Outreach,"Rankin Church Hall, 13 Letham Road",Strathaven,,ML10 6AD,55.6771,-4.06854,bureau@ekilbridecab.cabnet.org.uk,https://www.cas.org.uk/bureaux/east-kilbride-cab-strathaven-outreach,,"Mondays 10.00-14.00
Wednesdays 10.00-13.00 (Tel only)",TRUE,FALSE,FALSE,2025-01-16 12:54:09 +0000,2025-01-16 12:54:09 +0000,01355 263698 or 07903 974091,,FALSE,FALSE,TRUE,FALSE,www.cas.org.uk/bureaux/east-kilbride-cab-strathaven-outreach,,,FALSE,6
East Kilbride Citizens Advice Citizens Advice Bureau,9 Olympia Way Town Centre,East Kilbride,,G74 1JT,55.7605,-4.17363,bureau@ekilbridecab.cabnet.org.uk,https://www.cas.org.uk/bureaux/east-kilbride-citizens-advice-bureau,,For opening times please visit the website.,TRUE,FALSE,FALSE,2025-01-16 12:54:09 +0000,2025-01-16 12:54:10 +0000,01355 263 698,,FALSE,FALSE,TRUE,FALSE,www.cas.org.uk/bureaux/east-kilbride-citizens-advice-bureau,,,FALSE,6
East Renfrewshire Citizens Advice Bureau,216 Main Street,Barrhead,,G78 1SN,55.8016,-4.38724,,https://www.cas.org.uk/bureaux/east-renfrewshire-citizens-advice-bureau,,Please note that this Bureau offers advice and assistance to residents of East Renfrewshire only. For opening times please visit the website.,TRUE,FALSE,FALSE,2025-01-16 12:54:10 +0000,2025-01-16 12:54:10 +0000,0141 881 2032,,FALSE,FALSE,TRUE,FALSE,www.cas.org.uk/bureaux/east-renfrewshire-citizens-advice-bureau,,,FALSE,6
Falkirk Citizens Advice Citizens Advice Bureau,3 Meeks Road,Falkirk,,FK1 7EW,55.9445,-3.79187,bureau@falkirkcab.casonline.org.uk,http://www.falkirkcab.org.uk/,,"Monday, Tuesdays, Thursdays and Fridays 10.00-16.00",TRUE,FALSE,FALSE,2025-01-16 12:54:11 +0000,2025-01-16 12:54:11 +0000,01324 626 070,,FALSE,FALSE,TRUE,FALSE,www.falkirkcab.org.uk,,,FALSE,6
Glasgow - Bridgeton Citizens Advice Bureau,30 Main Street,Glasgow,,G40 1QB,55.8473,-4.22641,,https://www.cas.org.uk/bureaux/glasgow-bridgeton-citizens-advice-bureau,,For opening times please visit the website.,TRUE,FALSE,FALSE,2025-01-16 12:54:11 +0000,2025-01-16 12:54:11 +0000,0141 554 0336,,FALSE,FALSE,TRUE,FALSE,www.cas.org.uk/bureaux/glasgow-bridgeton-citizens-advice-bureau,,,FALSE,6
Glasgow - Bridgeton Citizens Advice Bureau - Big Issue Outreach,"the Big Issue, 107 Saltmarket",Glasgow,,G1 5LF,55.855,-4.24516,,https://www.cas.org.uk/bureaux/glasgow-bridgeton-cab-big-issue-outreach,,Monday 09.00-12.00,TRUE,FALSE,FALSE,2025-01-16 12:54:12 +0000,2025-01-16 12:54:12 +0000,,,FALSE,FALSE,TRUE,FALSE,www.cas.org.uk/bureaux/glasgow-bridgeton-cab-big-issue-outreach,,,FALSE,6
Glasgow - Bridgeton Citizens Advice Bureau - Calton Heritage Centre Outreach,"Renew Recovery Cafe, 423 London Road, Calton Heritage Centre",Glasgow,,G40 1AG,55.8517,-4.23313,,https://www.cas.org.uk/bureaux/glasgow-bridgeton-cab-calton-heritage-centre-outreach,,Fridays 12.00-14.00,TRUE,FALSE,FALSE,2025-01-16 12:54:12 +0000,2025-01-16 12:54:12 +0000,,,FALSE,FALSE,TRUE,FALSE,www.cas.org.uk/bureaux/glasgow-bridgeton-cab-calton-heritage-centre-outreach,,,FALSE,6
Glasgow - Bridgeton Citizens Advice Bureau - Dennistoun Outreach,"Dennistoun Library, 2a Craigpark",Glasgow,,G31 2NA,55.8597,-4.22147,,https://www.cas.org.uk/bureaux/glasgow-bridgeton-cab-dennistoun-outreach,,Tuesdays 10.00-13.00,TRUE,FALSE,FALSE,2025-01-16 12:54:13 +0000,2025-01-16 12:54:13 +0000,,,FALSE,FALSE,TRUE,FALSE,www.cas.org.uk/bureaux/glasgow-bridgeton-cab-dennistoun-outreach,,,FALSE,6
Glasgow - Bridgeton Citizens Advice Bureau - Legacy Hub Outreach,"the Legacy Hub, 301 Springfield Road",Glasgow,,G40 3LJ,55.8462,-4.20545,,https://www.cas.org.uk/bureaux/glasgow-bridgeton-cab-legacy-hub-outreach,,Tuesdays 13.00-15.30,TRUE,FALSE,FALSE,2025-01-16 12:54:13 +0000,2025-01-16 12:54:14 +0000,,,FALSE,FALSE,TRUE,FALSE,www.cas.org.uk/bureaux/glasgow-bridgeton-cab-legacy-hub-outreach,,,FALSE,6
Glasgow - Bridgeton Citizens Advice Bureau - N.E. Foodbank  Outreach,"Glasgow N.E. Foodbank , 26 Queen Mary Street",Glasgow,,G40 3BB,55.8484,-4.21965,,https://www.cas.org.uk/bureaux/glasgow-bridgeton-cab-ne-foodbank-outreach,,Thursdays 10.00-13.00,TRUE,FALSE,FALSE,2025-01-16 12:54:14 +0000,2025-01-16 12:54:15 +0000,,,FALSE,FALSE,TRUE,FALSE,www.cas.org.uk/bureaux/glasgow-bridgeton-cab-ne-foodbank-outreach,,,FALSE,6
Glasgow - Bridgeton Citizens Advice Bureau - Patient Advice and Support Service (PASS) Queen Elizabeth university Hospital Outreach,"Patient Information Centre, Queen Elizabeth University  Hospital, 1345 Govan Road",Glasgow,,G51 4TF,55.8626,-4.32953,,https://www.cas.org.uk/bureaux/glasgow-bridgeton-cab-patient-advice-and-support-service-pass-queen-elizabeth-university,,"Wednesdays 10.00-12.00. This Outreach service offers advice for patients, their carers and their families, in dealings with the NHS and on matters affecting their health.",TRUE,FALSE,FALSE,2025-01-16 12:54:15 +0000,2025-01-16 12:54:15 +0000,,,FALSE,FALSE,TRUE,FALSE,www.cas.org.uk/bureaux/glasgow-bridgeton-cab-patient-advice-and-support-service-pass-queen-elizabeth-university,,,FALSE,6
Glasgow - Bridgeton Citizens Advice Bureau - Patient Advice and Support Service (PASS) Royal Hospital for Children Outreach,"Patient Information Centre, Royal Hospital for Children, 1345 Govan Road",Glasgow,,G51 4TF,55.8626,-4.32953,,https://www.cas.org.uk/bureaux/glasgow-bridgeton-cab-patient-advice-and-support-service-pass-royal-hospital-children,,"Wednesdays 12.30-14.30. This Outreach service offers advice for patients, their carers and their families, in dealings with the NHS and on matters affecting their health.",TRUE,FALSE,FALSE,2025-01-16 12:54:15 +0000,2025-01-16 12:54:16 +0000,,,FALSE,FALSE,TRUE,FALSE,www.cas.org.uk/bureaux/glasgow-bridgeton-cab-patient-advice-and-support-service-pass-royal-hospital-children,,,FALSE,6
Glasgow - Castlemilk Citizens Advice Bureau,27 Dougrie Drive,Glasgow,,G45 9AD,55.8072,-4.23458,,https://www.cas.org.uk/bureaux/glasgow-castlemilk-citizens-advice-bureau,,Mondays - Thursday 09.00-13.00,TRUE,FALSE,FALSE,2025-01-16 12:54:16 +0000,2025-01-16 12:54:16 +0000,0141 634 0338,,FALSE,FALSE,TRUE,FALSE,www.cas.org.uk/bureaux/glasgow-castlemilk-citizens-advice-bureau,,,FALSE,6
Glasgow - Central Citizens Advice Bureau,"3rd Floor, The Mitchell Library, 201 North Street",Glasgow,,G3 7DN,55.8651,-4.27219,,https://www.glasgowcentralcab.org.uk/get-advice,,Central CAB will only see clients who live or work in the Glasgow City Council Tax area. For opening times please visit the website.,TRUE,FALSE,FALSE,2025-01-16 12:54:17 +0000,2025-01-16 12:54:17 +0000,0141 552 5556,,FALSE,FALSE,TRUE,FALSE,www.glasgowcentralcab.org.uk/get-advice,,,FALSE,6
Glasgow - Drumchapel Citizens Advice Bureau,195c Drumry Road East,Glasgow,,G15 8NS,55.9081,-4.37436,bureau@drumchapelcab.casonline.org.uk,https://www.cas.org.uk/bureaux/glasgow-drumchapel-citizens-advice-bureau,,For opening times please visit the website.,TRUE,FALSE,FALSE,2025-01-16 12:54:17 +0000,2025-01-16 12:54:17 +0000,0141 944 2612,,FALSE,FALSE,TRUE,FALSE,www.cas.org.uk/bureaux/glasgow-drumchapel-citizens-advice-bureau,,,FALSE,6
Glasgow - Drumchapel Citizens Advice Bureau - Drumchapel Library Outreach,"G65 Hecla Avenue, Drumchapel",Glasgow,,G15 8LX,55.9103,-4.37549,bureau@drumchapelcab.casonline.org.uk,https://www.cas.org.uk/bureaux/glasgow-drumchapel-cab-drumchapel-library-outreach,,Wednesdays 13.00-17.00,TRUE,FALSE,FALSE,2025-01-16 12:54:18 +0000,2025-01-16 12:54:18 +0000,0141 276 1545,,FALSE,FALSE,TRUE,FALSE,www.cas.org.uk/bureaux/glasgow-drumchapel-cab-drumchapel-library-outreach,,,FALSE,6
Glasgow - Drumchapel Citizens Advice Bureau - Netherton Outreach,"Netherton Community Centre, 358 Netherton Road",Glasgow,,G13 1AX,55.8978,-4.33271,bureau@drumchapelcab.casonline.org.uk,https://www.cas.org.uk/bureaux/glasgow-drumchapel-cab-netherton-outreach,,Tuesday  09.30 - 11.00 (Appointment only),TRUE,FALSE,FALSE,2025-01-16 12:54:18 +0000,2025-01-16 12:54:18 +0000,0141 944 2612,,FALSE,FALSE,TRUE,FALSE,www.cas.org.uk/bureaux/glasgow-drumchapel-cab-netherton-outreach,,,FALSE,6
Glasgow - Drumchapel Citizens Advice Bureau - Royal Crescent Outreach,Argyll Advice Project 3 Royal Crescent,Glasgow,,G3 5LS,55.8644,-4.27799,bureau@drumchapelcab.casonline.org.uk,https://www.cas.org.uk/bureaux/glasgow-drumchapel-cab-royal-crescent-outreach,,Alternate Wednesdays of month 9.30 - 13.00 (Appointments only),TRUE,FALSE,FALSE,2025-01-16 12:54:19 +0000,2025-01-16 12:54:19 +0000,0141 944 2612,,FALSE,FALSE,TRUE,FALSE,www.cas.org.uk/bureaux/glasgow-drumchapel-cab-royal-crescent-outreach,,,FALSE,6
Glasgow - Drumchapel Citizens Advice Bureau - Townhead Outreach,"Townhead Village Hall, 60 St Mungo Avenue, Townhead",Glasgow,,G4 0PL,55.8652,-4.2402,bureau@drumchapelcab.casonline.org.uk,https://www.cas.org.uk/bureaux/glasgow-drumchapel-cab-townhead-outreach,,Thursday  14.00 - 17.00 (Appointment only),TRUE,FALSE,FALSE,2025-01-16 12:54:19 +0000,2025-01-16 12:54:19 +0000,0141 944 2612,,FALSE,FALSE,TRUE,FALSE,www.cas.org.uk/bureaux/glasgow-drumchapel-cab-townhead-outreach,,,FALSE,6
Glasgow - Drumchapel Citizens Advice Bureau - Yoker Outreach,"Yoker Resource Centre , 10 Kelso Place",Glasgow,,G14 0LL,55.8888,-4.3782,bureau@drumchapelcab.casonline.org.uk,https://www.cas.org.uk/bureaux/glasgow-drumchapel-cab-yoker-outreach,,Mondays 09.30-13.00 (Appointment only),TRUE,FALSE,FALSE,2025-01-16 12:54:20 +0000,2025-01-16 12:54:20 +0000,0141 944 2612,,FALSE,FALSE,TRUE,FALSE,www.cas.org.uk/bureaux/glasgow-drumchapel-cab-yoker-outreach,,,FALSE,6
Glasgow - Easterhouse Citizens Advice Bureau,46 Shandwick Square,Glasgow,,G34 9DT,55.8702,-4.10888,adminuser@easterhousecab.casonline.org.uk,https://www.cas.org.uk/bureaux/glasgow-easterhouse-citizens-advice-bureau,,For opening times please visit the website.,TRUE,FALSE,FALSE,2025-01-16 12:54:20 +0000,2025-01-16 12:54:21 +0000,0141 771 2328,,FALSE,FALSE,TRUE,FALSE,www.cas.org.uk/bureaux/glasgow-easterhouse-citizens-advice-bureau,,,FALSE,6
Glasgow - Greater Pollok Citizens Advice Bureau,Pollock Civic Realm 27 Cowglen Road,Glasgow,,G53 6EW,55.8232,-4.34487,,https://www.cas.org.uk/bureaux/glasgow-greater-pollok-citizens-advice-bureau,,For opening times please visit the website.,TRUE,FALSE,FALSE,2025-01-16 12:54:21 +0000,2025-01-16 12:54:21 +0000,0141 881 2462,,FALSE,FALSE,TRUE,FALSE,www.cas.org.uk/bureaux/glasgow-greater-pollok-citizens-advice-bureau,,,FALSE,6
Glasgow - Greater Pollok Citizens Advice Bureau - Cardonald Medical Centre Outreach,"Cardonald Medical Centre , 1831 Paisley Road West",Glasgow,,G52 3SS,55.8454,-4.34229,,https://www.cas.org.uk/bureaux/glasgow-greater-pollok-cab-cardonald-medical-centre-outreach,,Fridays 10.00-15.00 (Appointment only),TRUE,FALSE,FALSE,2025-01-16 12:54:21 +0000,2025-01-16 12:54:22 +0000,0141 892 2548,,FALSE,FALSE,TRUE,FALSE,www.cas.org.uk/bureaux/glasgow-greater-pollok-cab-cardonald-medical-centre-outreach,,,FALSE,6
Glasgow - Greater Pollok Citizens Advice Bureau - Chris Stephens MP Office Outreach,"Chris Stephens MP Office , 1612-1614 Paisley Road West",Glasgow,,G52 3QN,55.8462,-4.33611,,https://www.cas.org.uk/bureaux/glasgow-greater-pollok-cab-chris-stephens-mp-office-outreach,,Fridays 10.00-15.00 (Appointment only),TRUE,FALSE,FALSE,2025-01-16 12:54:22 +0000,2025-01-16 12:54:22 +0000,0141 883 0875,,FALSE,FALSE,TRUE,FALSE,www.cas.org.uk/bureaux/glasgow-greater-pollok-cab-chris-stephens-mp-office-outreach,,,FALSE,6
Glasgow - Greater Pollok Citizens Advice Bureau - Rossdale Resource Centre Outreach,"Rossdale Resource Centre, 12 Haughburn Road",Glasgow,,G53 6BD,55.8235,-4.34815,,https://www.cas.org.uk/bureaux/glasgow-greater-pollok-cab-rossdale-resource-centre-outreach,,Thursday 10.00-15.00,TRUE,FALSE,FALSE,2025-01-16 12:54:23 +0000,2025-01-16 12:54:23 +0000,0141 232 4750,,FALSE,FALSE,TRUE,FALSE,www.cas.org.uk/bureaux/glasgow-greater-pollok-cab-rossdale-resource-centre-outreach,,,FALSE,6
Glasgow - North West Citizens Advice Bureau,"2nd Floor, 1455 Maryhill Road",Glasgow,,G20 9AA,55.8902,-4.28982,,https://www.cas.org.uk/bureaux/gnwcab-glasgow-north-west-citizens-advice-bureau,,For opening times please visit the website.,TRUE,FALSE,FALSE,2025-01-16 12:54:23 +0000,2025-01-16 12:54:23 +0000,0141 948 0204,,FALSE,FALSE,TRUE,FALSE,www.cas.org.uk/bureaux/gnwcab-glasgow-north-west-citizens-advice-bureau,,,FALSE,6
Glasgow - North West Citizens Advice Bureau - Chinese Community Outreach,"Possilpark Library , 127 Allander Street",Glasgow,,G22 5JJ,55.8824,-4.25506,,https://www.cas.org.uk/bureaux/gnwcab-glasgow-north-west-citizens-advice-bureau-chinese-community-outreach,,Friday 10.00-13.00 (Appointments only),TRUE,FALSE,FALSE,2025-01-16 12:54:24 +0000,2025-01-16 12:54:24 +0000,0141 276 0928,,FALSE,FALSE,TRUE,FALSE,www.cas.org.uk/bureaux/gnwcab-glasgow-north-west-citizens-advice-bureau-chinese-community-outreach,,,FALSE,6
Glasgow - North West Citizens Advice Bureau - Maryhill Library Outreach,"Maryhill Library , 1508  Maryhill Road",Glasgow,,G20 9AD,55.8913,-4.29103,,https://www.cas.org.uk/bureaux/gnwcab-glasgow-north-west-citizens-advice-bureau-maryhill-library-outreach,,Wednesdays 16.30-19.00 (Appointment only),TRUE,FALSE,FALSE,2025-01-16 12:54:24 +0000,2025-01-16 12:54:24 +0000,0141 276 0715,,FALSE,FALSE,TRUE,FALSE,www.cas.org.uk/bureaux/gnwcab-glasgow-north-west-citizens-advice-bureau-maryhill-library-outreach,,,FALSE,6
Glasgow - North West Citizens Advice Bureau - Possilpark Library Outreach,"Possilpark Library, 127 Allander Street",Glasgow,,G22 5JJ,55.8824,-4.25506,,https://www.cas.org.uk/bureaux/gnwcab-glasgow-north-west-citizens-advice-bureau-possilpark-library-outreach,,For opening times please visit the website.,TRUE,FALSE,FALSE,2025-01-16 12:54:25 +0000,2025-01-16 12:54:25 +0000,0141 948 0204,,FALSE,FALSE,TRUE,FALSE,www.cas.org.uk/bureaux/gnwcab-glasgow-north-west-citizens-advice-bureau-possilpark-library-outreach,,,FALSE,6
Glasgow - Parkhead Citizens Advice Bureau,1361 - 1369 Gallowgate,Glasgow,,G31 4DN,55.8522,-4.19964,,https://www.cas.org.uk/bureaux/glasgow-parkhead-citizens-advice-bureau,,For opening times please visit the website.,TRUE,FALSE,FALSE,2025-01-16 12:54:25 +0000,2025-01-16 12:54:25 +0000,0141 554 0004,,FALSE,FALSE,TRUE,FALSE,www.cas.org.uk/bureaux/glasgow-parkhead-citizens-advice-bureau,,,FALSE,6
Glasgow - Parkhead Citizens Advice Bureau - Barlinnie Prison Outreach,Barlinnie Prison,Glasgow,,G33 2QX,55.8698,-4.18421,,https://www.cas.org.uk/bureaux/glasgow-parkhead-cab-barlinnie-prison-outreach,,"Wednesday  10.30 - 13.00
Thursday 13.00-16.00",TRUE,FALSE,FALSE,2025-01-16 12:54:26 +0000,2025-01-16 12:54:26 +0000,,,FALSE,FALSE,TRUE,FALSE,www.cas.org.uk/bureaux/glasgow-parkhead-cab-barlinnie-prison-outreach,,,FALSE,6
Grangemouth and Bo'ness Citizens Advice Bureau,4/6 York Arcade,Grangemouth,,FK3 8BA,56.0192,-3.72365,bureau@grangemouthcab.casonline.org.uk,https://www.cas.org.uk/bureaux/grangemouth-and-boness-citizens-advice-bureau,,For opening times please visit the website.,TRUE,FALSE,FALSE,2025-01-16 12:54:26 +0000,2025-01-16 12:54:26 +0000,1325 483 467,,FALSE,FALSE,TRUE,FALSE,www.grangemouthcab.org.uk/holding.html,,,FALSE,6
Grangemouth and Bo'ness Citizens Advice Bureau - Bo'ness Health Centre Outreach,Dean Road,Bo'ness,,EH51 0DQ,56.012,-3.61368,bureau@grangemouthcab.casonline.org.uk,https://www.cas.org.uk/bureaux/grangemouth-and-boness-cab-boness-health-centre-outreach,,"Wednesday 09.30-11.30. This is a Drop-In Service, no appointment required",TRUE,FALSE,FALSE,2025-01-16 12:54:27 +0000,2025-01-16 12:54:27 +0000,,,FALSE,FALSE,TRUE,FALSE,www.cas.org.uk/bureaux/grangemouth-and-boness-cab-boness-health-centre-outreach,,,FALSE,6
Haddington Citizens Advice Bureau,46 Court Street,Haddington,,EH41 3NP,55.9557,-2.78129,,https://www.cas.org.uk/bureaux/haddington-citizens-advice-bureau,,For opening times please visit the website.,TRUE,FALSE,FALSE,2025-01-16 12:54:27 +0000,2025-01-16 12:54:28 +0000,01620 824471,,FALSE,FALSE,TRUE,FALSE,www.cas.org.uk/bureaux/haddington-citizens-advice-bureau,,,FALSE,6
Haddington Citizens Advice Bureau - Dunbar Health Centre Outreach,Dunbar Health Centre Queens Road,Dunbar,,EH42 1EE,55.9995,-2.51289,,https://www.cas.org.uk/bureaux/haddington-cab-dunbar-health-centre-outreach,,GP Referral only. Thursday 09.30-12.00,TRUE,FALSE,FALSE,2025-01-16 12:54:28 +0000,2025-01-16 12:54:28 +0000,,,FALSE,FALSE,TRUE,FALSE,www.cas.org.uk/bureaux/haddington-cab-dunbar-health-centre-outreach,,,FALSE,6
Haddington Citizens Advice Bureau - Dunbar Outreach,Bleachingfield Centre Countess Crescent,Dunbar,,EH42 1DX,55.9999,-2.51987,,https://www.cas.org.uk/bureaux/haddington-cab-dunbar-outreach,,Tuesday 09.30-12.00,TRUE,FALSE,FALSE,2025-01-16 12:54:28 +0000,2025-01-16 12:54:29 +0000,01620 824471,,FALSE,FALSE,TRUE,FALSE,www.cas.org.uk/bureaux/haddington-cab-dunbar-outreach,,,FALSE,6
Haddington Citizens Advice Bureau - North Berwick Outreach,"Coastal Communities Museum, School Road",North Berwick,,EH39 4JU,56.0587,-2.71511,,https://www.cas.org.uk/bureaux/haddington-cab-north-berwick-outreach,,Wednesday 10.00-12.00,TRUE,FALSE,FALSE,2025-01-16 12:54:29 +0000,2025-01-16 12:54:29 +0000,01620 824471,,FALSE,FALSE,TRUE,FALSE,www.cas.org.uk/bureaux/haddington-cab-north-berwick-outreach,,,FALSE,6
Hamilton Citizens Advice Bureau,13 Regent Way,Hamilton,,ML3 7DZ,55.7747,-4.03379,advice@hamiltoncab.casonline.org.uk,https://www.cas.org.uk/bureaux/hamilton-citizens-advice-bureau,,For opening times please visit the website.,TRUE,FALSE,FALSE,2025-01-16 12:54:30 +0000,2025-01-16 12:54:30 +0000,01698 283 477,,FALSE,FALSE,TRUE,FALSE,www.cas.org.uk/bureaux/hamilton-citizens-advice-bureau,,,FALSE,6
Hamilton Citizens Advice Bureau - In-Court Lay Representation,"Birnie House, Caird Park , Caird Street",Hamilton,,ML3 0AL,55.7826,-4.05078,advice@hamiltoncab.casonline.org.uk,https://www.cas.org.uk/bureaux/hamilton-cab-court-lay-representation,,For opening times please visit the website.,TRUE,FALSE,FALSE,2025-01-16 12:54:30 +0000,2025-01-16 12:54:30 +0000,01698 476853,,FALSE,FALSE,TRUE,FALSE,www.cas.org.uk/bureaux/hamilton-cab-court-lay-representation,,,FALSE,6
Harris Citizens Advice Bureau (Western Isles),Pier Road,Tarbert,Isle of Harris,HS3 3BG,57.9021,-6.8142,bureau@harriscab.casonline.org.uk,https://www.cas.org.uk/bureaux/harris-citizens-advice-bureau-western-isles,,For opening times please visit the website.,TRUE,FALSE,FALSE,2025-01-16 12:54:31 +0000,2025-01-16 12:54:31 +0000,1860 502 431,,FALSE,FALSE,TRUE,FALSE,www.cas.org.uk/bureaux/harris-citizens-advice-bureau-western-isles,,,FALSE,6
Inverness Badenoch & Strathspey Citizens Advice Bureau,29-31 Union Street,Inverness,,IV1 1QA,57.4786,-4.22518,enquiries@invernesscab.casonline.org.uk,https://www.cas.org.uk/bureaux/inverness-badenoch-and-strathspey-citizens-advice-bureau,,For opening times please visit the website.,TRUE,FALSE,FALSE,2025-01-16 12:54:31 +0000,2025-01-16 12:54:31 +0000,01463 237 664,,FALSE,FALSE,TRUE,FALSE,www.cas.org.uk/bureaux/inverness-badenoch-and-strathspey-citizens-advice-bureau,,,FALSE,6
Inverness Badenoch & Strathspey Citizens Advice Bureau - MacMillan Partnership,Raigmore Hospital Old Perth Road,Inverness,,IV2 3UJ,57.4738,-4.19247,,https://www.cas.org.uk/bureaux/inverness-badenoch-strathspey-cab-macmillan-partnership,,This service is for people and families affected by cancer in Highland Region only. Monday - Friday 09.00-17.00,TRUE,FALSE,FALSE,2025-01-16 12:54:32 +0000,2025-01-16 12:54:32 +0000,01463 706178,,FALSE,FALSE,TRUE,FALSE,www.cas.org.uk/bureaux/inverness-badenoch-strathspey-cab-macmillan-partnership,,,FALSE,6
Inverness Badenoch and Strathspey Citizens Advice Bureau - Aviemore Extension,2 Inverewe Grampian Road,Aviemore,,PH22 1RH,57.1912,-3.82933,,https://www.cas.org.uk/bureaux/inverness-badenoch-strathspey-cab-aviemore-extension,,By appointment only. For opening times please visit the website.,TRUE,FALSE,FALSE,2025-01-16 12:54:32 +0000,2025-01-16 12:54:32 +0000,01479 810919,,FALSE,FALSE,TRUE,FALSE,www.cas.org.uk/bureaux/inverness-badenoch-strathspey-cab-aviemore-extension,,,FALSE,6
Inverness Badenoch and Strathspey Citizens Advice Bureau - Raigmore Hospital Outreach,Raigmore Hospital Old Perth Road,Inverness,,IV2 3UJ,57.4738,-4.19247,Enquiries@raigmorehospitalcab.casonline.org.uk,https://www.cas.org.uk/bureaux/inverness-badenoch-strathspey-cab-raigmore-outreach,,This outreach is specifically for inpatients outpatients and staff of Raigmore Hospital,TRUE,FALSE,FALSE,2025-01-16 12:54:33 +0000,2025-01-16 12:54:33 +0000,01463 706014,,FALSE,FALSE,TRUE,FALSE,www.cas.org.uk/bureaux/inverness-badenoch-strathspey-cab-raigmore-outreach,,,FALSE,6
Kincardine & Mearns Citizens Advice Bureau,Ground Floor Sheriff Court Building,Dunnottar Avenue,Stonehaven,AB39 2JD,56.9615,-2.21036,,https://www.kamcab.org.uk/visiting-us,,For opening times please visit the website.,TRUE,FALSE,FALSE,2025-01-16 12:54:33 +0000,2025-01-16 12:54:33 +0000,01569 766 578,,FALSE,FALSE,TRUE,FALSE,www.kamcab.org.uk,,,FALSE,6
Kincardine and Mearns Citizens Advice Bureau - Inverbervie Outreach,"Inverbervie Medical Practice, Church Street",Inverbervie,,DD10 0RU,56.8455,-2.28203,,https://www.kamcab.org.uk/visiting-us,,Wednesdays 12.30-16.30,TRUE,FALSE,FALSE,2025-01-16 12:54:34 +0000,2025-01-16 12:54:34 +0000,01569 766 578,,FALSE,FALSE,TRUE,FALSE,www.kamcab.org.uk,,,FALSE,6
Kincardine and Mearns Citizens Advice Bureau - Laurencekirk Outreach,"Laurencekirk Health Care Centre , Blackiemuir Avenue",Laurencekirk,,AB30 1GX,56.8318,-2.47553,,https://www.kamcab.org.uk/visiting-us,,Thursdays 09.30-13.30,TRUE,FALSE,FALSE,2025-01-16 12:54:34 +0000,2025-01-16 12:54:35 +0000,01569 766 578,,FALSE,FALSE,TRUE,FALSE,www.kamcab.org.uk,,,FALSE,6
Kincardine and Mearns Citizens Advice Bureau - Portlethen Outreach,Portlethen Medical Centre,Portlethen,,AB12 4QP,57.0606,-2.12553,,https://www.kamcab.org.uk/visiting-us,,Tuesdays 14.30-17.30 (Appointment only),TRUE,FALSE,FALSE,2025-01-16 12:54:35 +0000,2025-01-16 12:54:35 +0000,01569 766 578,,FALSE,FALSE,TRUE,FALSE,www.kamcab.org.uk,,,FALSE,6
Lewis Citizens Advice Bureau (Western Isles),41-43 Westview Terrace,Stornoway,Isle of Lewis,HS1 2HP,58.2154,-6.38185,bureau@lewiscab.casonline.org.uk,https://www.cas.org.uk/bureaux/lewis-citizens-advice-bureau-western-isles,,For opening times please visit the website.,TRUE,FALSE,FALSE,2025-01-16 12:54:36 +0000,2025-01-16 12:54:36 +0000,1852 705727,,FALSE,FALSE,TRUE,FALSE,www.cas.org.uk/bureaux/lewis-citizens-advice-bureau-western-isles,,,FALSE,6
Lochaber Citizens Advice Bureau,Dudley Road,Fort William,,PH33 6JB,56.8182,-5.1081,,https://www.lochabercab.org.uk/visiting-us,,For opening times please visit the website.,TRUE,FALSE,FALSE,2025-01-16 12:54:36 +0000,2025-01-16 12:54:36 +0000,01397 705311,,FALSE,FALSE,TRUE,FALSE,www.lochabercab.org.uk,,,FALSE,6
Lochaber Citizens Advice Bureau - Kinlochleven Outreach,Leven Centre,Kinlochleven,,PH50 4SH,56.714,-4.96057,,https://www.lochabercab.org.uk/visiting-us,,Thursday  12.00 - 15.00 (drop in) every 2nd week,TRUE,FALSE,FALSE,2025-01-16 12:54:37 +0000,2025-01-16 12:54:37 +0000,01397 705311,,FALSE,FALSE,TRUE,FALSE,www.lochabercab.org.uk,,,FALSE,6
Lochaber Citizens Advice Bureau - MacMillan Cancer Information and Support Service,"The Library , High Street, Airds Crossing",Fort William,,PH33 6EU,56.8192,-5.10916,,https://www.cas.org.uk/bureaux/lochaber-cab-macmillan-cancer-information-and-support-service,,"This service is for people, families and carers, living in the region, affected by cancer. Drop-in service - no appointment required.
Monday 15.00-17.00 (Drop in)
Wednesday 10.00-12.00 (Drop in)",TRUE,FALSE,FALSE,2025-01-16 12:54:37 +0000,2025-01-16 12:54:37 +0000,01397 705311,,FALSE,FALSE,TRUE,FALSE,www.cas.org.uk/bureaux/lochaber-cab-macmillan-cancer-information-and-support-service,,,FALSE,6
Lochaber Citizens Advice Bureau - Mallaig Outreach,Mallaig and Morar Community Centre,Mallaig,,PH41 4PX,57.0061,-5.83019,,https://www.lochabercab.org.uk/visiting-us,,First Monday of every month 10.30-14.30 . Drop in service - no appointment required.,TRUE,FALSE,FALSE,2025-01-16 12:54:38 +0000,2025-01-16 12:54:38 +0000,01397 507311,,FALSE,FALSE,TRUE,FALSE,www.lochabercab.org.uk,,,FALSE,6
Lochaber Citizens Advice Bureau - Patient Advice and Support Service (PASS),"Lochaber Citizens Advice Bureau, Dudley Road",Fort William,,PH33 6JB,56.8182,-5.1081,,https://www.cas.org.uk/bureaux/lochaber-cab-patient-advice-and-support-service-pass,,For opening times please visit the website.,TRUE,FALSE,FALSE,2025-01-16 12:54:38 +0000,2025-01-16 12:54:38 +0000,01397 507311,,FALSE,FALSE,TRUE,FALSE,www.cas.org.uk/bureaux/lochaber-cab-patient-advice-and-support-service-pass,,,FALSE,6
Moray Citizens Advice Bureau,6 Moss Street,Elgin,Morayshire,IV30 1LU,57.6471,-3.3124,bureau@moraycab.casonline.org.uk,https://www.cas.org.uk/bureaux/moray-citizens-advice-bureau,,For opening times please visit the website.,TRUE,FALSE,FALSE,2025-01-16 12:54:39 +0000,2025-01-16 12:54:39 +0000,01343 550 088,,FALSE,FALSE,TRUE,FALSE,www.cas.org.uk/bureaux/moray-citizens-advice-bureau,,,FALSE,6
Moray Citizens Advice Bureau - Buckie Outreach,"Jobcentre, Shanks Lane",Buckie,,AB56 1AD,57.6768,-2.96272,bureau@moraycab.casonline.org.uk,https://www.cas.org.uk/bureaux/moray-cab-buckie-outreach,,Wednesdays 10.00-12.00 (Appointment only),TRUE,FALSE,FALSE,2025-01-16 12:54:39 +0000,2025-01-16 12:54:39 +0000,01343 559002 or 01343 559004,,FALSE,FALSE,TRUE,FALSE,www.cas.org.uk/bureaux/moray-cab-buckie-outreach,,,FALSE,6
Moray Citizens Advice Bureau - Dufftown Outreach,"Rinnes Medical Group, Mount Street",Dufftown,,AB55 4FJ,57.4455,-3.12404,bureau@moraycab.casonline.org.uk,https://www.cas.org.uk/bureaux/moray-cab-dufftown-outreach,,"Thursday 14.00 - 16.00 (Fortnightly, by Appointment only)",TRUE,FALSE,FALSE,2025-01-16 12:54:40 +0000,2025-01-16 12:54:40 +0000,01343 559002 or 01343 559004,,FALSE,FALSE,TRUE,FALSE,www.cas.org.uk/bureaux/moray-cab-dufftown-outreach,,,FALSE,6
Moray Citizens Advice Bureau - Forres Outreach,"Forres Access Point, Moray Council, High Street",Forres,,IV36 1DX,57.6092,-3.61635,bureau@moraycab.casonline.org.uk,https://www.cas.org.uk/bureaux/moray-cab-forres-outreach,,Thursday 13.00 - 15.00 (Appointment only),TRUE,FALSE,FALSE,2025-01-16 12:54:40 +0000,2025-01-16 12:54:41 +0000,01343 559002 or 01343 559004,,FALSE,FALSE,TRUE,FALSE,www.cas.org.uk/bureaux/moray-cab-forres-outreach,,,FALSE,6
Moray Citizens Advice Bureau - Keith Outreach,"Keith Resource Centre , Mid Street",Keith,,AB55 5AH,57.5378,-2.95044,bureau@moraycab.casonline.org.uk,https://www.cas.org.uk/bureaux/moray-cab-keith-outreach,,Wednesdays 13.00-15.00 (Appointment only),TRUE,FALSE,FALSE,2025-01-16 12:54:41 +0000,2025-01-16 12:54:41 +0000,01343 559002 or 01343 559004,,FALSE,FALSE,TRUE,FALSE,www.cas.org.uk/bureaux/moray-cab-keith-outreach,,,FALSE,6
Moray Citizens Advice Bureau - Lossiemouth Outreach,"Moray Coast Medical Practice, Muirton Road",Lossiemouth,,IV31 6TU,57.7153,-3.30537,bureau@moraycab.casonline.org.uk,https://www.cas.org.uk/bureaux/moray-cab-lossiemouth-outreach,,"Tuesday 13.00-15.00 (Monthly, by Appointment only)",TRUE,FALSE,FALSE,2025-01-16 12:54:42 +0000,2025-01-16 12:54:42 +0000,01343 559002 or 01343 559004,,FALSE,FALSE,TRUE,FALSE,www.cas.org.uk/bureaux/moray-cab-lossiemouth-outreach,,,FALSE,6
Moray Citizens Advice Bureau - Tomintoul Outreach,"Rinnes Medical Group, Rattray's Lane",Tomintoul,,AB37 9HF,57.2537,-3.38073,bureau@moraycab.casonline.org.uk,https://www.cas.org.uk/bureaux/moray-cab-tomintoul-outreach,,"Tuesday 10.00-12.00 (Monthly, by Appointment only)",TRUE,FALSE,FALSE,2025-01-16 12:54:42 +0000,2025-01-16 12:54:42 +0000,01343 559002 or 01343 559004,,FALSE,FALSE,TRUE,FALSE,www.cas.org.uk/bureaux/moray-cab-tomintoul-outreach,,,FALSE,6
Motherwell and Wishaw Citizens Advice Bureau,90 Brandon Parade East,Motherwell,,ML1 1LY,55.7909,-3.99121,bureau2@motherwellcab.casonline.org.uk,http://www.motherwellwishawcab.org.uk/services/debt-and-money,,For opening times please visit the website. Advice also provided via the telephone and webchat,TRUE,FALSE,FALSE,2025-01-16 12:54:43 +0000,2025-01-16 12:54:43 +0000,0800 328 1131,,FALSE,FALSE,TRUE,FALSE,www.motherwellwishawcab.org.uk/services/debt-and-money,,,FALSE,6
Motherwell and Wishaw Citizens Advice Bureau - Cleland  Outreach,"Cleland Library, Main Street",Cleland,,ML1 5QW,55.8022,-3.91404,,http://www.motherwellwishawcab.org.uk/services/debt-and-money,,Tuesdays 13.30-16.30 (Appointments only),TRUE,FALSE,FALSE,2025-01-16 12:54:43 +0000,2025-01-16 12:54:43 +0000,0800 328 1131,,FALSE,FALSE,TRUE,FALSE,www.motherwellwishawcab.org.uk/services/debt-and-money,,,FALSE,6
Motherwell and Wishaw Citizens Advice Bureau - Craigneuk Outreach,"Craigneuk Lifelong Learning Association, 641 Glasgow Road",Wishaw,,ML2 7SR,55.7775,-3.95014,,http://www.motherwellwishawcab.org.uk/services/debt-and-money,,Mondays 10.00-13.00 (Appointment only),TRUE,FALSE,FALSE,2025-01-16 12:54:44 +0000,2025-01-16 12:54:44 +0000,0800 328 1131,,FALSE,FALSE,TRUE,FALSE,www.motherwellwishawcab.org.uk/services/debt-and-money,,,FALSE,6
Motherwell and Wishaw Citizens Advice Bureau - Newmains Outreach,"Newmains Community Trust, 15 Manse Road",Newmains,,ML2 9AX,55.7832,-3.87876,,http://www.motherwellwishawcab.org.uk/services/debt-and-money,,Fridays 09.30-14.30 (Appointments only),TRUE,FALSE,FALSE,2025-01-16 12:54:44 +0000,2025-01-16 12:54:44 +0000,0800 328 1131,,FALSE,FALSE,TRUE,FALSE,www.motherwellwishawcab.org.uk/services/debt-and-money,,,FALSE,6
Motherwell and Wishaw Citizens Advice Bureau - Shotts Outreach,"Shotts Healthy Living Centre, Kirk Road",Shotts,,ML7 5ET,55.8193,-3.79261,,http://www.motherwellwishawcab.org.uk/services/debt-and-money,,Thursdays 09.30-13.30 (Drop In),TRUE,FALSE,FALSE,2025-01-16 12:54:45 +0000,2025-01-16 12:54:45 +0000,0800 328 1131,,FALSE,FALSE,TRUE,FALSE,www.motherwellwishawcab.org.uk/services/debt-and-money,,,FALSE,6
Motherwell and Wishaw Citizens Advice Bureau - Wishaw Extension,Pather Community Centre,Wishaw,,ML2 0HZ,55.769,-3.92674,,http://www.motherwellwishawcab.org.uk/services/debt-and-money,,Tuesdays and Wednesdays 09.30 -  15.00 (Drop In and Appointments). Advice also provided via the telephone and webchat,TRUE,FALSE,FALSE,2025-01-16 12:54:45 +0000,2025-01-16 12:54:46 +0000,0800 328 1131,,FALSE,FALSE,TRUE,FALSE,www.motherwellwishawcab.org.uk/services/debt-and-money,,,FALSE,6
Musselburgh and District Citizens Advice Bureau - Prestonpans Outreach,"Aldhammer house , High Street",Prestonpans,,EH32 9SH,55.9593,-2.9858,,https://www.musselburghcab.org.uk/visiting-us,,Fridays 09.30-12.30 (Alternate weeks),TRUE,FALSE,FALSE,2025-01-16 12:54:46 +0000,2025-01-16 12:54:46 +0000,0131 665 1141,,FALSE,FALSE,TRUE,FALSE,www.musselburghcab.org.uk/visiting-us,,,FALSE,6
Musselburgh Citizens Advice Bureau,141 High Street,Musselburgh,,EH21 7DD,55.9425,-3.05187,,https://www.musselburghcab.org.uk/visiting-us,,For opening times please visit the website.,TRUE,FALSE,FALSE,2025-01-16 12:54:47 +0000,2025-01-16 12:54:47 +0000,0131 653 2748,,FALSE,FALSE,TRUE,FALSE,www.musselburghcab.org.uk/visiting-us,,,FALSE,6
Musselburgh Citizens Advice Bureau - Tranent Outreach,Tranent Library The George Johnstone Centre 35 Winton Place,Tranent,,EH33 1AE,55.945,-2.95351,,https://www.musselburghcab.org.uk/visiting-us,,Tuesday 09.30-11.30,TRUE,FALSE,FALSE,2025-01-16 12:54:47 +0000,2025-01-16 12:54:47 +0000,0131 665 1141,,FALSE,FALSE,TRUE,FALSE,www.musselburghcab.org.uk/visiting-us,,,FALSE,6
Nairn Citizens Advice Bureau,6 High Street,Nairn,,IV12 4BJ,57.5837,-3.87054,bureau@nairncab.casonline.org.uk,https://www.nairncab.org.uk/visiting-us,,For opening times please visit the website.,TRUE,FALSE,FALSE,2025-01-16 12:54:48 +0000,2025-01-16 12:54:48 +0000,01667 456 677,,FALSE,FALSE,TRUE,FALSE,www.nairncab.org.uk/visiting-us,,,FALSE,6
Nairn Citizens Advice Bureau - Town and County Hospital Outreach,Town and County Hospital Cawdor Road,Nairn,,IV12 5EE,57.5781,-3.87256,bureau@nairncab.casonline.org.uk,https://www.nairncab.org.uk/visiting-us,,Monday -Wednesday 10.00-15.00 (Drop In),TRUE,FALSE,FALSE,2025-01-16 12:54:48 +0000,2025-01-16 12:54:48 +0000,01667 456677,,FALSE,FALSE,TRUE,FALSE,www.nairncab.org.uk/visiting-us,,,FALSE,6
North and West Sutherland Citizens Advice Bureau,The Harbour,Kinlochbervie,Sutherland,IV27 4RR,58.4585,-5.0527,nwais@kinlochbervie3.fsnet.co.uk,https://www.cas.org.uk/bureaux/north-and-west-sutherland-citizens-advice-bureau,,For opening times please visit the website.,TRUE,FALSE,FALSE,2025-01-16 12:54:49 +0000,2025-01-16 12:54:49 +0000,01971 521730,,FALSE,FALSE,TRUE,FALSE,www.cas.org.uk/bureaux/north-and-west-sutherland-citizens-advice-bureau,,,FALSE,6
North West Aberdeenshire Citizens Advice Bureau,Masonic Building Gladstone Terrace,Turriff,,AB53 4AT,57.5399,-2.46435,,https://www.cas.org.uk/bureaux/turriff-and-district-citizens-advice-bureau,,Turriff & District CAB is an appointment only service. Emergency drop in advice is available during opening times. For opening times please visit the website.,TRUE,FALSE,FALSE,2025-01-16 12:54:49 +0000,2025-01-16 12:54:49 +0000,01888 562 495,,FALSE,FALSE,TRUE,FALSE,www.cas.org.uk/bureaux/turriff-and-district-citizens-advice-bureau,,,FALSE,6
North West Aberdeenshire Citizens Advice Bureau,Church Cottage Church Road,Macduff,,AB44 1UN,57.6687,-2.49979,,,,,FALSE,FALSE,FALSE,2025-01-16 12:54:50 +0000,2025-01-16 12:54:50 +0000,,,FALSE,FALSE,FALSE,FALSE,,,,FALSE,6
Orkney Citizens Advice Bureau,Anchor Buildings 6 Bridge Street,Kirkwall,,KW15 1HR,58.9842,-2.95819,bureau@orkneycab.casonline.org.uk,https://www.cas.org.uk/bureaux/orkney-citizens-advice-bureau,,Orkney Bureau operates an appointment only system. You can make an appointment to see an adviser by contacting the Bureau's reception in person or by telephone. The reception opening hours are: Mon Fri 10.00-12.30 and 13.30-15.00.,TRUE,FALSE,FALSE,2025-01-16 12:54:50 +0000,2025-01-16 12:54:51 +0000,01856 875266,,FALSE,FALSE,TRUE,FALSE,www.cas.org.uk/bureaux/orkney-citizens-advice-bureau,,,FALSE,6
Peebles and District Citizens Advice Bureau,Chambers Institution High Street,Peebles,,EH45 8AJ,55.6513,-3.19072,manager@peeblescab.casonline.org.uk,https://www.cas.org.uk/bureaux/peebles-and-district-citizens-advice-bureau,,For opening times please visit the website.,TRUE,FALSE,FALSE,2025-01-16 12:54:51 +0000,2025-01-16 12:54:51 +0000,01721 721722,,FALSE,FALSE,TRUE,FALSE,www.cas.org.uk/bureaux/peebles-and-district-citizens-advice-bureau,,,FALSE,6
Penicuik Citizens Advice Bureau,14a John Street,Penicuik,Midlothian,EH26 8AB,55.8274,-3.22227,,https://www.cas.org.uk/bureaux/penicuik-citizens-advice-bureau,,For opening times please visit the website.,TRUE,FALSE,FALSE,2025-01-16 12:54:51 +0000,2025-01-16 12:54:52 +0000,01968 675259 (Advice and Appointments) or 0800 0327077 (Advice),,FALSE,FALSE,TRUE,FALSE,www.cas.org.uk/bureaux/penicuik-citizens-advice-bureau,,,FALSE,6
Penicuik Citizens Advice Bureau - Carers Project Outreach,VOCAL Dalkeith 30/1 Dalhousie Road,Dalkeith,,EH22 3NX,55.8837,-3.08152,,https://www.cas.org.uk/bureaux/penicuik-cab-carers-project,,Wednesday/Thursday Appointments through VOCAL,TRUE,FALSE,FALSE,2025-01-16 12:54:52 +0000,2025-01-16 12:54:52 +0000,0131 663 6869,,FALSE,FALSE,TRUE,FALSE,,,,FALSE,6
Penicuik Citizens Advice Bureau - Lasswade Outreach,"Lasswade Library, Lasswade Centre, 19 Eskdale Drive",Bonnyrigg,,EH19 2LA,55.8747,-3.11761,,https://www.cas.org.uk/bureaux/penicuik-cab-lasswade-outreach,,Tuesdays 09.30-11.30 (Drop In),TRUE,FALSE,FALSE,2025-01-16 12:54:53 +0000,2025-01-16 12:54:53 +0000,01968 675259,,FALSE,FALSE,TRUE,FALSE,www.cas.org.uk/bureaux/penicuik-cab-lasswade-outreach,,,FALSE,6
Penicuik Citizens Advice Bureau - Loanhead Miners Outreach,74 The Loan,Loanhead,,EH20 9AN,55.8765,-3.1581,,https://www.cas.org.uk/bureaux/penicuik-cab-loanhead-miners-outreach,,Wednesdays 10.00-13.00 (Drop In),TRUE,FALSE,FALSE,2025-01-16 12:54:53 +0000,2025-01-16 12:54:53 +0000,01968 675 259,,FALSE,FALSE,TRUE,FALSE,www.cas.org.uk/bureaux/penicuik-cab-loanhead-miners-outreach,,,FALSE,6
Penicuik Citizens Advice Bureau - Loanhead Outreach,"The Loanhead Centre , George Avenue",Loanhead,,EH20 9LA,55.8789,-3.15443,,https://www.cas.org.uk/bureaux/penicuik-cab-loanhead-outreach,,Mondays 10.00-13.00 (Drop In),TRUE,FALSE,FALSE,2025-01-16 12:54:54 +0000,2025-01-16 12:54:54 +0000,01968 675259,,FALSE,FALSE,TRUE,FALSE,www.cas.org.uk/bureaux/penicuik-cab-loanhead-outreach,,,FALSE,6
Penicuik Citizens Advice Bureau - Loganlea Outreach,Loganlea Centre Eastfield Farm Road,Penicuik,,EH26 8EZ,55.8366,-3.21741,,https://www.cas.org.uk/bureaux/penicuik-cab-loganlea-outreach,,Tuesdays 13.00-15.00 (Appointments only). Referrals only: telephone 01968 675259 for details,TRUE,FALSE,FALSE,2025-01-16 12:54:54 +0000,2025-01-16 12:54:54 +0000,01968 675259,,FALSE,FALSE,TRUE,FALSE,www.cas.org.uk/bureaux/penicuik-cab-loganlea-outreach,,,FALSE,6
Penicuik Citizens Advice Bureau - Mayfield Outreach,"Mayfield and Easthouses Development Trust (MAEDT), 12 Bogwood Court",Dalkeith,,EH22 5DG,55.8746,-3.04281,,https://www.cas.org.uk/bureaux/penicuik-cab-mayfield-outreach,,Mondays 10.00-13.00 (Appointment only),TRUE,FALSE,FALSE,2025-01-16 12:54:55 +0000,2025-01-16 12:54:55 +0000,0131 663 5317,,FALSE,FALSE,TRUE,FALSE,www.cas.org.uk/bureaux/penicuik-cab-mayfield-outreach,,,FALSE,6
Penicuik Citizens Advice Bureau - Midlothian Sure Start Family Learning Centres,"Penicuik Family Learning Centre, 60 Queensway",Penicuik,,EH26 0HE,55.837,-3.22269,,https://www.cas.org.uk/bureaux/penicuik-cab-midlothian-sure-start-family-learning-centres,,Sure Start Advice for families is available by appointment through the following Sure Start Family Learning Centres. For information on the Learning Centres included please visit the website.,TRUE,FALSE,FALSE,2025-01-16 12:54:55 +0000,2025-01-16 12:54:56 +0000,01968 679215,,FALSE,FALSE,TRUE,FALSE,www.cas.org.uk/bureaux/penicuik-cab-midlothian-sure-start-family-learning-centres,,,FALSE,6
Penicuik Citizens Advice Bureau - Royal Edinburgh Hospital Outreach,"Royal Edinburgh Hospital , Morningside Place, Hermitage Ward",Edinburgh,,EH10 5HF,55.9272,-3.21586,,https://www.cas.org.uk/bureaux/penicuik-cab-royal-edinburgh-hospital-outreach,,This Outreach Service is for patients and staff of the hospital only and is by appointment only.,TRUE,FALSE,FALSE,2025-01-16 12:54:56 +0000,2025-01-16 12:54:56 +0000,,,FALSE,FALSE,TRUE,FALSE,www.cas.org.uk/bureaux/penicuik-cab-royal-edinburgh-hospital-outreach,,,FALSE,6
Perth Citizens Advice Bureau,7 Atholl Crescent,Perth,,PH1 5NG,56.3994,-3.43155,,https://www.cas.org.uk/bureaux/perth-citizens-advice-bureau,,For opening times please visit the website.,TRUE,FALSE,FALSE,2025-01-16 12:54:56 +0000,2025-01-16 12:54:57 +0000,01738 450580 (Helpline); 01738 450 581 (Appointment Line),,FALSE,FALSE,TRUE,FALSE,www.cas.org.uk/bureaux/perth-citizens-advice-bureau,,,FALSE,6
Perth Citizens Advice Bureau - Blairgowrie Outreach,"Blairgowrie Community Hospital , Perth Road",Blairgowrie,,PH10 6EE,56.5859,-3.34629,,https://www.cas.org.uk/bureaux/perth-cab-blairgowrie-outreach,,Thursdays 10.00-12.00 (Drop In),TRUE,FALSE,FALSE,2025-01-16 12:54:57 +0000,2025-01-16 12:54:57 +0000,,,FALSE,FALSE,TRUE,FALSE,www.cas.org.uk/bureaux/perth-cab-blairgowrie-outreach,,,FALSE,6
Perth Citizens Advice Bureau - Crieff Outreach,Crieff Hospital King Street,Crieff,,PH7 3HR,56.3704,-3.84262,,https://www.cas.org.uk/bureaux/perth-cab-crieff-outreach,,Tuesdays 10.00-12.00 (Drop In),TRUE,FALSE,FALSE,2025-01-16 12:54:58 +0000,2025-01-16 12:54:58 +0000,,,FALSE,FALSE,TRUE,FALSE,www.cas.org.uk/bureaux/perth-cab-crieff-outreach,,,FALSE,6
Perth Citizens Advice Bureau - Kinross Outreach,"Loch Leven Community Campus, The Muirs",Kinross,,KY13 8FQ,56.2165,-3.42554,,https://www.cas.org.uk/bureaux/perth-cab-kinross-outreach,,Tuesdays (Appointment only),TRUE,FALSE,FALSE,2025-01-16 12:54:58 +0000,2025-01-16 12:54:58 +0000,,,FALSE,FALSE,TRUE,FALSE,www.cas.org.uk/bureaux/perth-cab-kinross-outreach,,,FALSE,6
Renfrewshire Citizens Advice Bureau,7 Glasgow Road,Paisley,,PA1 3QS,55.8473,-4.41501,,https://www.renfrewshirecab.org.uk/get-advice,,Please use our on-line booking system at Renfrewshirecab.org.uk to book your own appointment or phone us on 0141-889-2121.,TRUE,FALSE,FALSE,2025-01-16 12:54:59 +0000,2025-01-16 12:54:59 +0000,0141 889 2121,,FALSE,FALSE,TRUE,FALSE,www.renfrewshirecab.org.uk/get-advice,,,FALSE,6
Renfrewshire Citizens Advice Bureau - Bridge of Weir Outreach,"Bridge Community Centre, Main Street, Bridge of Weir",Renfrewshire,,PA11 3LJ,55.8562,-4.57278,,https://www.renfrewshirecab.org.uk/get-advice,,Please use our on-line booking system at Renfrewshirecab.org.uk to book your own appointment or phone us on 0141-889-2121.,TRUE,FALSE,FALSE,2025-01-16 12:54:59 +0000,2025-01-16 12:54:59 +0000,0141 889 2121,,FALSE,FALSE,TRUE,FALSE,www.renfrewshirecab.org.uk/get-advice,,,FALSE,6
Renfrewshire Citizens Advice Bureau - Disability Resource Centre Outreach,"Disability Resource Centre, 74 Love Street",Renfrew,,PA3 2EA,55.853,-4.42598,,https://www.renfrewshirecab.org.uk/get-advice,,Please use our on-line booking system at Renfrewshirecab.org.uk to book your own appointment or phone us on 0141-889-2121.,TRUE,FALSE,FALSE,2025-01-16 12:55:00 +0000,2025-01-16 12:55:00 +0000,0141 889 2121,,FALSE,FALSE,TRUE,FALSE,www.renfrewshirecab.org.uk/get-advice,,,FALSE,6
Renfrewshire Citizens Advice Bureau - Erskine Outreach,Erskine Community Library Bridgewater Shopping Centre,Erskine,,PA8 7AA,55.9039,-4.44861,,https://www.renfrewshirecab.org.uk/get-advice,,Please use our on-line booking system at Renfrewshirecab.org.uk to book your own appointment or phone us on 0141-889-2121.,TRUE,FALSE,FALSE,2025-01-16 12:55:00 +0000,2025-01-16 12:55:01 +0000,0141 889 2121,,FALSE,FALSE,TRUE,FALSE,www.renfrewshirecab.org.uk/get-advice,,,FALSE,6
Renfrewshire Citizens Advice Bureau - Ferguslie Outreach,Tannahill Centre 76 Blackstoun Street,Ferguslie,,PA3 1NT,55.8492,-4.45346,,https://www.renfrewshirecab.org.uk/get-advice,,Please use our on-line booking system at Renfrewshirecab.org.uk to book your own appointment or phone us on 0141-889-2121.,TRUE,FALSE,FALSE,2025-01-16 12:55:01 +0000,2025-01-16 12:55:01 +0000,0141 889 2121,,FALSE,FALSE,TRUE,FALSE,www.renfrewshirecab.org.uk/get-advice,,,FALSE,6
Renfrewshire Citizens Advice Bureau - Foxbar Outreach,Foxbar Clinic Morar Drive,Paisley,,PA2 9QR,55.8291,-4.45938,,https://www.renfrewshirecab.org.uk/get-advice,,Please use our on-line booking system at Renfrewshirecab.org.uk to book your own appointment or phone us on 0141-889-2121.,TRUE,FALSE,FALSE,2025-01-16 12:55:01 +0000,2025-01-16 12:55:02 +0000,0141 889 2121,,FALSE,FALSE,TRUE,FALSE,www.renfrewshirecab.org.uk/get-advice,,,FALSE,6
Renfrewshire Citizens Advice Bureau - Glenburn Outreach,"Glenburn Health Centre , Fairway Avenue",Paisley,,PA5 8EY,55.8342,-4.51392,,https://www.renfrewshirecab.org.uk/get-advice,,Please use our on-line booking system at Renfrewshirecab.org.uk to book your own appointment or phone us on 0141-889-2121.,TRUE,FALSE,FALSE,2025-01-16 12:55:02 +0000,2025-01-16 12:55:02 +0000,0141 889 2121,,FALSE,FALSE,TRUE,FALSE,www.renfrewshirecab.org.uk/get-advice,,,FALSE,6
Renfrewshire Citizens Advice Bureau - Johnstone Outreach,"Johnstone Health Centre, 60 Quarry Street, Johnstone",Johnstone,,PA5 8EY,55.8342,-4.51392,,https://www.renfrewshirecab.org.uk/get-advice,,Please use our on-line booking system at Renfrewshirecab.org.uk to book your own appointment or phone us on 0141-889-2121.,TRUE,FALSE,FALSE,2025-01-16 12:55:03 +0000,2025-01-16 12:55:03 +0000,0141 889 2121,,FALSE,FALSE,TRUE,FALSE,www.renfrewshirecab.org.uk/get-advice,,,FALSE,6
Renfrewshire Citizens Advice Bureau - Linwood Health Centre Outreach,Linwood Health Centre Ardlamont Square,Linwood,,PA3 3DE,55.3781,-3.43597,,https://www.renfrewshirecab.org.uk/get-advice,,Please use our on-line booking system at Renfrewshirecab.org.uk to book your own appointment or phone us on 0141-889-2121.,TRUE,FALSE,FALSE,2025-01-16 12:55:03 +0000,2025-01-16 12:55:03 +0000,0141 889 2121,,FALSE,FALSE,TRUE,FALSE,www.renfrewshirecab.org.uk/get-advice,,,FALSE,6
Renfrewshire Citizens Advice Bureau - Northcroft Medical Centre Outreach,Northcroft Medical Centre North Croft Street,Paisley,,PA3 4AD,55.8486,-4.42013,,https://www.renfrewshirecab.org.uk/get-advice,,Please use our on-line booking system at Renfrewshirecab.org.uk to book your own appointment or phone us on 0141-889-2121.,TRUE,FALSE,FALSE,2025-01-16 12:55:03 +0000,2025-01-16 12:55:04 +0000,0141 889 2121,,FALSE,FALSE,TRUE,FALSE,www.renfrewshirecab.org.uk/get-advice,,,FALSE,6
Renfrewshire Citizens Advice Bureau - Renfrew Health Centre Outreach,Renfrew health Centre 100 Ferry Road,Renfrew,,PA4 8RU,55.8805,-4.38452,,https://www.renfrewshirecab.org.uk/get-advice,,Please use our on-line booking system at Renfrewshirecab.org.uk to book your own appointment or phone us on 0141-889-2121.,TRUE,FALSE,FALSE,2025-01-16 12:55:04 +0000,2025-01-16 12:55:04 +0000,0141 889 2121,,FALSE,FALSE,TRUE,FALSE,www.renfrewshirecab.org.uk/get-advice,,,FALSE,6
Ross and Cromarty Citizens Advice Bureau - Alness,Suie House Market Square,Alness,,IV17 0QG,57.696,-4.25977,adviser@alnesscab.casonline.org.uk,https://www.rossandcromartycab.org.uk/,,For opening times please visit the website.,TRUE,FALSE,FALSE,2025-01-16 12:55:05 +0000,2025-01-16 12:55:05 +0000,01349 883 333,,FALSE,FALSE,TRUE,FALSE,www.rossandcromartycab.org.uk/,,,FALSE,6
Ross and Cromarty Citizens Advice Bureau - Dingwall Extension,2 Achany Road,Dingwall,Ross-shire,IV15 9JB,57.5961,-4.4225,,https://www.rossandcromartycab.org.uk/,,For opening times please visit the website.,TRUE,FALSE,FALSE,2025-01-16 12:55:05 +0000,2025-01-16 12:55:05 +0000,01349 864850,,FALSE,FALSE,TRUE,FALSE,www.rossandcromartycab.org.uk/,,,FALSE,6
Ross and Cromarty Citizens Advice Bureau - Tain Outreach,"Units 1 and 2 , Market Street",Tain,,IV19 1AR,57.8112,-4.05485,,https://www.rossandcromartycab.org.uk/,,For opening times please visit the website.,TRUE,FALSE,FALSE,2025-01-16 12:55:06 +0000,2025-01-16 12:55:06 +0000,01349 883 333,,FALSE,FALSE,TRUE,FALSE,www.rossandcromartycab.org.uk/,,,FALSE,6
Roxburgh and Berwickshire Citizens Advice Bureau,1 Towerdykeside,Hawick,,TD9 9EA,55.4214,-2.78748,enquiries@roxburghcab.casonline.org.uk,https://www.cas.org.uk/bureaux/roxburgh-and-berwickshire-citizens-advice-bureau,,For opening times please visit the website.,TRUE,FALSE,FALSE,2025-01-16 12:55:06 +0000,2025-01-16 12:55:06 +0000,01450 374266,,FALSE,FALSE,TRUE,FALSE,www.cas.org.uk/bureaux/roxburgh-and-berwickshire-citizens-advice-bureau,,,FALSE,6
Roxburgh and Berwickshire Citizens Advice Bureau - Duns Extension,Southfield Community Centre Station Road,Duns,,TD11 3EL,55.7726,-2.34142,,https://www.cas.org.uk/bureaux/roxburgh-berwickshire-cab-duns-extension,,"Tuesday  12.00 - 15.00
Wednesday and Thursday  10.00 - 13.00",TRUE,FALSE,FALSE,2025-01-16 12:55:07 +0000,2025-01-16 12:55:07 +0000,01361 883 340,,FALSE,FALSE,TRUE,FALSE,www.cas.org.uk/bureaux/roxburgh-berwickshire-cab-duns-extension,,,FALSE,6
Roxburgh and Berwickshire Citizens Advice Bureau - Eyemouth Extension,Community Centre Albert Road,Eyemouth,,TD14 5DE,55.8712,-2.09072,,https://www.cas.org.uk/bureaux/roxburgh-berwickshire-cab-eyemouth-extension,,"Monday  12.00 - 15.00
Wednesday 10.00 - 13.00
Friday  09.30 - 12.30",TRUE,FALSE,FALSE,2025-01-16 12:55:07 +0000,2025-01-16 12:55:08 +0000,01890 750 500,,FALSE,FALSE,TRUE,FALSE,www.cas.org.uk/bureaux/roxburgh-berwickshire-cab-eyemouth-extension,,,FALSE,6
Roxburgh and Berwickshire Citizens Advice Bureau - Kelso Extension,20 Shedden Park Road,Kelso,,TD5 7AL,55.599,-2.42922,,https://www.cas.org.uk/bureaux/roxburgh-berwickshire-cab-kelso-extension,,"Drop In Service - no appointment required.
Tuesday and Wednesday 10.00 - 13.00
Thursday 12.00-15.00",TRUE,FALSE,FALSE,2025-01-16 12:55:08 +0000,2025-01-16 12:55:08 +0000,01573 223 516,,FALSE,FALSE,TRUE,FALSE,www.cas.org.uk/bureaux/roxburgh-berwickshire-cab-kelso-extension,,,FALSE,6
Rutherglen & Cambuslang Citizens Advice Bureau,Kyle Court 17 Main Street,Cambuslang,,G72 7EX,55.8194,-4.16585,bureau@rutherglencab.casonline.org.uk,https://www.cas.org.uk/bureaux/rutherglen-and-cambuslang-citizens-advice-bureau,,For opening times please visit the website.,TRUE,FALSE,FALSE,2025-01-16 12:55:08 +0000,2025-01-16 12:55:09 +0000,0141 646 3191,,FALSE,FALSE,FALSE,FALSE,www.cas.org.uk/bureaux/rutherglen-and-cambuslang-citizens-advice-bureau,,,FALSE,6
Rutherglen & Cambuslang Citizens Advice Bureau - Burnhill Outreach,"Rutherglen West and Wardlawhill Parish Church, 3 Western Road",Rutherglen,,G73 1JQ,55.8297,-4.22339,,https://www.cas.org.uk/bureaux/rutherglen-and-cambuslang-cab-burnhill-outreach,,"This is a drop in Service, no appointment required. Thursdays 13.00-15.30",TRUE,FALSE,FALSE,2025-01-16 12:55:09 +0000,2025-01-16 12:55:09 +0000,0141 646 3191,,FALSE,FALSE,TRUE,FALSE,www.cas.org.uk/bureaux/rutherglen-and-cambuslang-cab-burnhill-outreach,,,FALSE,6
Rutherglen & Cambuslang Citizens Advice Bureau - Cathkin Outreach,Cathkin Braes Tenants Management Co-operative 28 Skye Road,Rutherglen,,G73 5LA,55.8058,-4.18959,,https://www.cas.org.uk/bureaux/rutherglen-and-cambuslang-cab-cathkin-outreach,,This is a drop in service no appointments required. Wednesday 14.00-16.30.,TRUE,FALSE,FALSE,2025-01-16 12:55:09 +0000,2025-01-16 12:55:10 +0000,0141 646 3191,,FALSE,FALSE,TRUE,FALSE,www.cas.org.uk/bureaux/rutherglen-and-cambuslang-cab-cathkin-outreach,,,FALSE,6
Rutherglen & Cambuslang Citizens Advice Bureau - Fernhill Outreach,Fernhill Community Centre 12 Auchenlarie Drive,Fernhill,,G73 4EQ,55.8081,-4.20555,,https://www.cas.org.uk/bureaux/rutherglen-cambuslang-cab-fernhill-outreach,,This is a drop in service no appointments required. Monday  10.00 - 15.00,TRUE,FALSE,FALSE,2025-01-16 12:55:10 +0000,2025-01-16 12:55:10 +0000,0141 646 3191,,FALSE,FALSE,TRUE,FALSE,www.cas.org.uk/bureaux/rutherglen-cambuslang-cab-fernhill-outreach,,,FALSE,6
Rutherglen & Cambuslang Citizens Advice Bureau - Halfway Outreach,Particip8 234-236 Hamilton Road,Halfway,,G72 7PF,55.812,-4.14338,,https://www.cas.org.uk/bureaux/rutherglen-and-cambuslang-citizens-advice-bureau,,,TRUE,FALSE,FALSE,2025-01-16 12:55:11 +0000,2025-01-16 12:55:11 +0000,,,FALSE,FALSE,FALSE,FALSE,,,,FALSE,6
Rutherglen & Cambuslang Citizens Advice Bureau - Housing Association Outreach,Aspire Business Centre 16 Farmeloan Road,Rutherglen,,G73 1DL,55.8286,-4.21015,,https://www.cas.org.uk/bureaux/rutherglen-cambuslang-cab-housing-association-outreach,,"This is a drop in service no appointments required
Tuesday  10.00 - 12.00
Wednesday 09.30 - 11.30",TRUE,FALSE,FALSE,2025-01-16 12:55:11 +0000,2025-01-16 12:55:11 +0000,0141 647 4917,,FALSE,FALSE,TRUE,FALSE,www.cas.org.uk/bureaux/rutherglen-cambuslang-cab-housing-association-outreach,,,FALSE,6
Rutherglen & Cambuslang Citizens Advice Bureau - Rutherglen Primary Care Centre Outreach,"Rutherglen Primary Care Centre , 130 Stonelaw Road",Rutherglen,,G73 2PQ,55.8235,-4.20996,,https://www.cas.org.uk/bureaux/rutherglen-and-cambuslang-cab-rutherglen-primary-care-centre-outreach,,This Outreach Service is by appointment only through the GP Surgery. Friday 09.30-16.00,TRUE,FALSE,FALSE,2025-01-16 12:55:12 +0000,2025-01-16 12:55:12 +0000,0141 531 6000,,FALSE,FALSE,TRUE,FALSE,www.cas.org.uk/bureaux/rutherglen-and-cambuslang-cab-rutherglen-primary-care-centre-outreach,,,FALSE,6
Rutherglen & Cambuslang Citizens Advice Bureau - Spittal Outreach,Spittal Community Centre 2 Carrick Road,Spittal,,G73 4LJ,55.8167,-4.21743,,https://www.cas.org.uk/bureaux/rutherglen-and-cambuslang-cab-spittal-outreach,,This is a drop in service no appointments required. Thursdays 10.00-14.00,TRUE,FALSE,FALSE,2025-01-16 12:55:12 +0000,2025-01-16 12:55:13 +0000,0141 646 3191,,FALSE,FALSE,TRUE,FALSE,www.cas.org.uk/bureaux/rutherglen-and-cambuslang-cab-spittal-outreach,,,FALSE,6
Rutherglen & Cambuslang Citizens Advice Bureau - Whitlawburn Outreach,Whitlawburn Community Resource Centre 57 Belmont Road,Cambuslang,,G72 8PG,55.8081,-4.18285,,https://www.cas.org.uk/bureaux/rutherglen-cambuslang-cab-whitlawburn-outreach,,"Monday, Tuesdays and Thursdays 10.00-12.00 and 13.00-15.00.",TRUE,FALSE,FALSE,2025-01-16 12:55:13 +0000,2025-01-16 12:55:13 +0000,0141 641 5005,,FALSE,FALSE,TRUE,FALSE,www.cas.org.uk/bureaux/rutherglen-cambuslang-cab-whitlawburn-outreach,,,FALSE,6
Shetland Citizens Advice Bureau,"Market House, 14 Market Street",Lerwick,Shetland Islands,ZE1 0JP,60.1566,-1.14683,sicab@shetland.org,https://www.shetlandcab.org.uk/get-advice,,No appointment required. Drop in at any of the opening times stated on the website. Home visits may be possible for those unable to come to the bureau.,TRUE,FALSE,FALSE,2025-01-16 12:55:13 +0000,2025-01-16 12:55:14 +0000,01595 694696,,FALSE,FALSE,TRUE,FALSE,www.shetlandcab.org.uk/get-advice,,,FALSE,6
Shetland Citizens Advice Bureau- Outreach,Bixter Health Centre,Bixter,Shetland Islands,ZE2 9NA,60.2535,-1.40422,sicab@shetland.org,https://www.shetlandcab.org.uk/get-advice,,"Once monthly, dates and times on bureau's Facebook page",TRUE,FALSE,FALSE,2025-01-16 12:55:14 +0000,2025-01-16 12:55:14 +0000,01595 694696,,FALSE,FALSE,TRUE,FALSE,www.shetlandcab.org.uk/get-advice,,,FALSE,6
Shetland Citizens Advice Bureau- Outreach,Brae Health Centre,Brae,Shetland Islands,ZE2 9QJ,60.3861,-1.3453,sicab@shetland.org,https://www.shetlandcab.org.uk/get-advice,,"Once monthly, dates and times on bureau's Facebook page",TRUE,FALSE,FALSE,2025-01-16 12:55:15 +0000,2025-01-16 12:55:15 +0000,01595 694696,,FALSE,FALSE,TRUE,FALSE,www.shetlandcab.org.uk/get-advice,,,FALSE,6
Shetland Citizens Advice Bureau- Outreach,"Hillswick Health Centre, Westray",Hillswick,Shetland Islands,ZE2 9RW,60.4784,-1.48228,sicab@shetland.org,https://www.shetlandcab.org.uk/get-advice,,"Once monthly, dates and times on bureau's Facebook page",TRUE,FALSE,FALSE,2025-01-16 12:55:15 +0000,2025-01-16 12:55:15 +0000,01595 694696,,FALSE,FALSE,TRUE,FALSE,www.shetlandcab.org.uk/get-advice,,,FALSE,6
Shetland Citizens Advice Bureau- Outreach,"Levenwick Health Centre, Gord",Levenwick,Shetland Islands,ZE2 9HX,59.9719,-1.27147,sicab@shetland.org,https://www.shetlandcab.org.uk/get-advice,,"Once monthly, dates and times on bureau's Facebook page",TRUE,FALSE,FALSE,2025-01-16 12:55:16 +0000,2025-01-16 12:55:16 +0000,01595 694696,,FALSE,FALSE,TRUE,FALSE,www.shetlandcab.org.uk/get-advice,,,FALSE,6
Shetland Citizens Advice Bureau- Outreach,"Scalloway Health Centre, New Road",Scalloway,Shetland Islands,ZE1 0TN,60.1399,-1.27342,sicab@shetland.org,https://www.shetlandcab.org.uk/get-advice,,"Once monthly, dates and times on bureau's Facebook page",TRUE,FALSE,FALSE,2025-01-16 12:55:16 +0000,2025-01-16 12:55:17 +0000,01595 694696,,FALSE,FALSE,TRUE,FALSE,www.shetlandcab.org.uk/get-advice,,,FALSE,6
Shetland Citizens Advice Bureau- Outreach,"Unst Health Centre, Baltasound",Unst,Shetland Islands,ZE2 9DY,60.7587,-0.881031,sicab@shetland.org,https://www.shetlandcab.org.uk/get-advice,,"Once monthly, dates and times on bureau's Facebook page",TRUE,FALSE,FALSE,2025-01-16 12:55:17 +0000,2025-01-16 12:55:17 +0000,01595 694696,,FALSE,FALSE,TRUE,FALSE,www.shetlandcab.org.uk/get-advice,,,FALSE,6
Shetland Citizens Advice Bureau- Outreach,Walls Health Centre,Walls,Shetland Islands,ZE29PF,60.2246,-1.55838,sicab@shetland.org,https://www.shetlandcab.org.uk/get-advice,,"Once monthly, dates and times on bureau's Facebook page",TRUE,FALSE,FALSE,2025-01-16 12:55:17 +0000,2025-01-16 12:55:18 +0000,01595 694696,,FALSE,FALSE,TRUE,FALSE,www.shetlandcab.org.uk/get-advice,,,FALSE,6
Shetland Citizens Advice Bureau- Outreach,"Whalsay Health Centre, Symbister",Whalsay,Shetland Islands,ZE2 9AE,60.3519,-1.01655,sicab@shetland.org,https://www.shetlandcab.org.uk/get-advice,,"Once monthly, dates and times on bureau's Facebook page",TRUE,FALSE,FALSE,2025-01-16 12:55:18 +0000,2025-01-16 12:55:18 +0000,01595 694696,,FALSE,FALSE,TRUE,FALSE,www.shetlandcab.org.uk/get-advice,,,FALSE,6
Shetland Citizens Advice Bureau- Outreach,Yell Health Centre,Yell,Shetland Islands,ZE2 9DX,60.7573,-0.88497,sicab@shetland.org,https://www.shetlandcab.org.uk/get-advice,,"Once monthly, dates and times on bureau's Facebook page",TRUE,FALSE,FALSE,2025-01-16 12:55:19 +0000,2025-01-16 12:55:19 +0000,01595 694696,,FALSE,FALSE,TRUE,FALSE,www.shetlandcab.org.uk/get-advice,,,FALSE,6
Skye & Lochalsh Citizens Advice Bureau,The Green,Portree,Isle of Skye,IV51 9BT,57.4124,-6.19492,,https://www.cas.org.uk/bureaux/skye-and-lochalsh-citizens-advice-bureau,,Skye and Lochalsh CAB can work with clients in a number of languages that include Gaelic. For opening times please visit the website.,TRUE,FALSE,FALSE,2025-01-16 12:55:19 +0000,2025-01-16 12:55:19 +0000,01478 612 032,,FALSE,FALSE,TRUE,FALSE,www.cas.org.uk/bureaux/skye-and-lochalsh-citizens-advice-bureau,,,FALSE,6
Skye & Lochalsh Citizens Advice Bureau - Kyle Health Centre Outreach,Kyle Health Centre Main Street,Kyle of Lochalsh,,IV40 8AE,57.2808,-5.71502,,https://www.cas.org.uk/bureaux/skye-and-lochalsh-cab-kyle-health-centre-outreach,,Drop In Service - no appointment required. Wednesday  10.00 - 12.30 and 13.30 - 16.00,TRUE,FALSE,FALSE,2025-01-16 12:55:20 +0000,2025-01-16 12:55:20 +0000,01478 612 032,,FALSE,FALSE,TRUE,FALSE,www.cas.org.uk/bureaux/skye-and-lochalsh-cab-kyle-health-centre-outreach,,,FALSE,6
South West Aberdeenshire Citizens Advice Bureau,Suite 2 1st Floor Offices Westhill Shopping Centre Old Skene Road,Westhill,,AB32 6RL,57.1539,-2.27813,enquiries@westhillcab.casonline.org.uk,https://www.cas.org.uk/bureaux/south-west-aberdeenshire-citizens-advice-bureau-westhill,,For opening times please visit the website.,TRUE,FALSE,FALSE,2025-01-16 12:55:20 +0000,2025-01-16 12:55:20 +0000,01224 747 714,,FALSE,FALSE,TRUE,FALSE,www.cas.org.uk/bureaux/south-west-aberdeenshire-citizens-advice-bureau-westhill,,,FALSE,6
South West Aberdeenshire Citizens Advice Bureau - Aboyne Outreach,Aboyne Business Centre Huntly Road,Aboyne,,AB34 5HE,57.073,-2.78656,,https://www.cas.org.uk/bureaux/south-west-aberdeenshire-cab-aboyne-outreach,,Tuesday  09.30 - 12.30 (Appointment only),TRUE,FALSE,FALSE,2025-01-16 12:55:21 +0000,2025-01-16 12:55:21 +0000,01224 747 714,,FALSE,FALSE,TRUE,FALSE,www.cas.org.uk/bureaux/south-west-aberdeenshire-cab-aboyne-outreach,,,FALSE,6
South West Aberdeenshire Citizens Advice Bureau - Alford Outreach,Howe Trinity Church Centre Main Street,Alford,,AB33 8AD,57.2311,-2.69616,,https://www.cas.org.uk/bureaux/south-west-aberdeenshire-cab-alford-outreach,,Tuesday  10.00 - 13.00 (Appointment only),TRUE,FALSE,FALSE,2025-01-16 12:55:21 +0000,2025-01-16 12:55:21 +0000,01224 747 714,,FALSE,FALSE,TRUE,FALSE,www.cas.org.uk/bureaux/south-west-aberdeenshire-cab-alford-outreach,,,FALSE,6
South West Aberdeenshire Citizens Advice Bureau - Ballater Outreach,"The Beaton Craigie Room, Victoria and Albert Halls , Station Square",Ballater,,AB35 5PQ,57.0493,-3.03696,,https://www.cas.org.uk/bureaux/south-west-aberdeenshire-cab-ballater-outreach,,Wednesday 10.00-13.30 (Appointment only),TRUE,FALSE,FALSE,2025-01-16 12:55:22 +0000,2025-01-16 12:55:22 +0000,01224 747 714,,FALSE,FALSE,TRUE,FALSE,www.cas.org.uk/bureaux/south-west-aberdeenshire-cab-ballater-outreach,,,FALSE,6
South West Aberdeenshire Citizens Advice Bureau - Banchory,"Unit 8 & 9, Scott Skinner Square , Posties' Walk, High Street",Banchory,,AB31 5SE,57.051,-2.50373,,https://www.cas.org.uk/bureaux/south-west-aberdeenshire-citizens-advice-bureau-banchory,,"This Outreach Service is by appointment only
Monday 10.00-14.00 (Specialist Appointments only)
Tuesday and Wednesday  10.00 - 13.00",TRUE,FALSE,FALSE,2025-01-16 12:55:22 +0000,2025-01-16 12:55:23 +0000,01224 747 714,,FALSE,FALSE,TRUE,FALSE,www.cas.org.uk/bureaux/south-west-aberdeenshire-citizens-advice-bureau-banchory,,,FALSE,6
South West Aberdeenshire Citizens Advice Bureau - Braemar Outreach,"Braemar Medical Practice , St Andrews Terrace",Braemar,,AB35 5WR,57.0077,-3.40215,,https://www.cas.org.uk/bureaux/south-west-aberdeenshire-cab-braemar-outreach,,This Outreach Service is available on the 1st and 3rd Monday of the month and is by appointment only. Mondays 10.00-13.30,TRUE,FALSE,FALSE,2025-01-16 12:55:23 +0000,2025-01-16 12:55:23 +0000,01224 747 714,,FALSE,FALSE,TRUE,FALSE,www.cas.org.uk/bureaux/south-west-aberdeenshire-cab-braemar-outreach,,,FALSE,6
South West Aberdeenshire Citizens Advice Bureau - Strathdon/Lonach Outreach,The Lonach Hall,Strathdon,,AB36 8UN,57.2019,-3.05787,,https://www.cas.org.uk/bureaux/south-west-aberdeenshire-cab-strathdon/lonach-outreach,,This Outreach Service is available 2nd and 4th Tuesday of the month and is by appointment only. Tuesdays 10.00-13.30,TRUE,FALSE,FALSE,2025-01-16 12:55:24 +0000,2025-01-16 12:55:24 +0000,01224 747 714,,FALSE,FALSE,TRUE,FALSE,www.cas.org.uk/bureaux/south-west-aberdeenshire-cab-strathdon/lonach-outreach,,,FALSE,6
South West Aberdeenshire Citizens Advice Bureau - Tarland Outreach,"The MacRobert Hall , The Square",Tarland,,AB34 4YL,57.1273,-2.85943,,https://www.cas.org.uk/bureaux/south-west-aberdeenshire-cab-tarland-outreach,,This Outreach Service is available 1st and 3rd Tuesday of the month and is by appointment only. Tuesdays 10.00-13.30,TRUE,FALSE,FALSE,2025-01-16 12:55:24 +0000,2025-01-16 12:55:24 +0000,01224 747 714,,FALSE,FALSE,TRUE,FALSE,www.cas.org.uk/bureaux/south-west-aberdeenshire-cab-tarland-outreach,,,FALSE,6
Stirling Citizens Advice Bureau - Cowie Outreach,"Cowie Library, Burns Terrace",Cowie,,FK7 7BS,56.0803,-3.86839,,https://www.stirlingcab.org.uk/visiting-us,,Monday  10:00 - 12:30 (drop in),TRUE,FALSE,FALSE,2025-01-16 12:55:25 +0000,2025-01-16 12:55:25 +0000,01786 451 225,,FALSE,FALSE,TRUE,FALSE,www.stirlingcab.org.uk/visiting-us,,,FALSE,6
Stirling District Citizens Advice Bureau,"The Norman MacEwan Centre, Cameronian Street",Stirling,,FK8 2DX,56.1162,-3.93519,SessionSupervisor@StirlingCAB.casonline.org.uk,https://www.stirlingcab.org.uk/visiting-us,,Monday - Thursday 10.00-15.00,TRUE,FALSE,FALSE,2025-01-16 12:55:25 +0000,2025-01-16 12:55:25 +0000,01786 470239,,FALSE,FALSE,TRUE,FALSE,www.cas.org.uk/bureaux/stirling-district-citizens-advice-bureau-ltd,,,FALSE,6
Stirling District Citizens Advice Bureau - Callander Outreach,"Callander Library, South Church Street",Callander,,FK17 8BN,56.2425,-4.21386,,https://www.stirlingcab.org.uk/visiting-us,,"This is a drop in service, no appointment required. Wednesday 10.00-13.00",TRUE,FALSE,FALSE,2025-01-16 12:55:26 +0000,2025-01-16 12:55:26 +0000,,,FALSE,FALSE,TRUE,FALSE,www.stirlingcab.org.uk/visiting-us,,,FALSE,6
Uist Citizens Advice Bureau (Western Isles),46 Winfield Way,Balivanich,Benbecula,HS7 5LH,57.473,-7.38844,bureau@uistcab.casonline.org.uk,https://www.cas.org.uk/bureaux/uist-citizens-advice-bureau-western-isles,,For opening times please visit the website. For Money Advice contact: 01870 603808,TRUE,FALSE,FALSE,2025-01-16 12:55:26 +0000,2025-01-16 12:55:26 +0000,1871 602421,,FALSE,FALSE,TRUE,FALSE,www.cas.org.uk/bureaux/uist-citizens-advice-bureau-western-isles,,,FALSE,6
West Dunbartonshire Citizens Advice Bureau - Alexandria Extension,77 Bank Street,Alexandria,,G83 0LW,55.9864,-4.58034,,https://www.cas.org.uk/bureaux/west-dunbartonshire-cab-alexandria-extension,,For opening times please visit the website.,TRUE,FALSE,FALSE,2025-01-16 12:55:27 +0000,2025-01-16 12:55:27 +0000,01389 752 727,,FALSE,FALSE,TRUE,FALSE,www.cas.org.uk/bureaux/west-dunbartonshire-cab-alexandria-extension,,,FALSE,6
West Dunbartonshire Citizens Advice Bureau - Clydebank Extension,Social Economy Centre 63 Kilbowie Road,Clydebank,,G81 1BL,55.9017,-4.40589,,https://www.cas.org.uk/bureaux/west-dunbartonshire-cab-clydebank-extension,,For opening times please visit the website.,TRUE,FALSE,FALSE,2025-01-16 12:55:27 +0000,2025-01-16 12:55:27 +0000,0141 435 7590,,FALSE,FALSE,TRUE,FALSE,www.cas.org.uk/bureaux/west-dunbartonshire-cab-clydebank-extension,,,FALSE,6
West Dunbartonshire Citizens Advice Bureau - Main Office,179 High Street,Dumbarton,,G82 1NW,55.9448,-4.57351,,https://www.cas.org.uk/bureaux/west-dunbartonshire-citizens-advice-bureau,,For opening times please visit the website.,TRUE,FALSE,FALSE,2025-01-16 12:55:28 +0000,2025-01-16 12:55:28 +0000,01389 744690,,FALSE,FALSE,TRUE,FALSE,www.cas.org.uk/bureaux/west-dunbartonshire-citizens-advice-bureau,,,FALSE,6
Advice NI,"Forestview, Purdy's Lane, Newtownbreda",Belfast,Antrim,BT8 7AR,55.3781,-3.43597,advice@adviceni.net,http://www.adviceni.net/advice/debt,,"Advice NI also delivers a range of advice services to the public including Debt and Money, Tax and Benefits and Business Debt.",FALSE,TRUE,TRUE,2025-01-16 12:51:46 +0000,2025-01-16 12:51:46 +0000,0800 915 4604,,FALSE,TRUE,FALSE,FALSE,www.adviceni.net/advice/debt,,,FALSE,2
Advice North West - Embassy Building Office,"Embassy Building, 3 Strand Road",Derry,Derry,BT48 7BH,54.9985,-7.32185,advice@advicenorthwest.com,https://advicenorthwest.com/,,,TRUE,FALSE,FALSE,2025-01-16 12:51:47 +0000,2025-01-16 12:51:47 +0000,0300 303 3650,,FALSE,TRUE,FALSE,FALSE,www.advicenorthwest.com,,,FALSE,2
Advice North West - Strabane Office,17 Dock Street,Strabane,Tyrone,BT82 8EE,54.8288,-7.46524,advice@advicenorthwest.com,https://advicenorthwest.com/,,,TRUE,FALSE,FALSE,2025-01-16 12:51:47 +0000,2025-01-16 12:51:47 +0000,0300 303 3650,,FALSE,TRUE,FALSE,FALSE,www.advicenorthwest.com,,,FALSE,2
Community Advice Antrim & Newtownabbey (CAAN) - Antrim Office,"Farranshane House, 1 Ballygore Road",Antrim,Antrim,BT41 2RN,54.7189,-6.18857,advice@advicean.com,https://communityadvicean.co.uk/,,,TRUE,FALSE,FALSE,2025-01-16 12:51:48 +0000,2025-01-16 12:51:48 +0000,028 3836 1181,,FALSE,TRUE,FALSE,FALSE,www.communityadvicean.co.uk,,,FALSE,2
Community Advice Antrim & Newtownabbey (CAAN) - Newtownabbey Office,Dunanney Centre,Rathmullan Drive,Newtownabbey,BT37 9DQ,54.6647,-5.9174,advice@advicean.com,https://communityadvicean.co.uk/,,,TRUE,FALSE,FALSE,2025-01-16 12:51:48 +0000,2025-01-16 12:51:49 +0000,028 9590 6505,,FALSE,TRUE,FALSE,FALSE,www.communityadvicean.co.uk,,,FALSE,2
Community Advice Ards and North Down - Ards Office,30 Frances Street,Newtownards,Down,BT23 7DN,54.594,-5.69371,advice@caand.co.uk,https://www.caand.co.uk/debt.html,,,TRUE,FALSE,FALSE,2025-01-16 12:51:49 +0000,2025-01-16 12:51:49 +0000,0300 123 9287,,FALSE,TRUE,FALSE,FALSE,www.caand.co.uk/debt,,,FALSE,2
Community Advice Ards and North Down - Holywood Office,"Queen's Leisure Complex, Sullivan Close",Holywood,Down,BT18 9JF,54.6412,-5.83649,advice@caand.co.uk,https://www.caand.co.uk/debt.html,,,TRUE,FALSE,FALSE,2025-01-16 12:51:50 +0000,2025-01-16 12:51:50 +0000,0300 123 9287,,FALSE,TRUE,FALSE,FALSE,www.caand.co.uk/debt,,,FALSE,2
Community Advice Armagh,9 McCrums Court,Armagh,Armagh,BT61 7RS,54.3481,-6.65378,contact@adviceabc.co.uk,https://www.adviceni.net/local-advice/community-advice-craigavon,,,TRUE,FALSE,FALSE,2025-01-16 12:51:50 +0000,2025-01-16 12:51:50 +0000,0330 1359733,,FALSE,TRUE,FALSE,FALSE,www.communityadvicean.co.uk,,,FALSE,2
Community Advice Banbridge,"Banbridge Town Hall, 1 Scarva Street",Banbridge,Down,BT32 3DA,54.3486,-6.27258,contact@adviceabc.co.uk,https://www.adviceni.net/local-advice/community-advice-craigavon,,,TRUE,FALSE,FALSE,2025-01-16 12:51:51 +0000,2025-01-16 12:51:51 +0000,0330 1359733,,FALSE,TRUE,FALSE,FALSE,www.communityadvicean.co.uk,,,FALSE,2
Community Advice Causeway,"2nd Floor CRUN Building, 1-5 Brook Street",Coleraine,Derry,BT52 1PW,55.1321,-6.66711,advice@advicecauseway.com,https://www.communityni.org/organisation/community-advice-causeway-previously-citizens-advice,,,TRUE,FALSE,FALSE,2025-01-16 12:51:51 +0000,2025-01-16 12:51:52 +0000,028 703 44817,,FALSE,TRUE,FALSE,FALSE,www.communityni.org/organisation/community-advice-causeway-previously-citizens-advice,,,FALSE,2
Community Advice Craigavon,Portadown Health Centre,Tavanagh Ave,Portadown,BT62 3BU,54.4183,-6.43767,contact@adviceabc.co.uk,https://www.adviceni.net/local-advice/community-advice-craigavon,,,TRUE,FALSE,FALSE,2025-01-16 12:51:52 +0000,2025-01-16 12:51:52 +0000,0330 1359733,,FALSE,TRUE,FALSE,FALSE,www.communityadvicean.co.uk,,,FALSE,2
Community Advice Craigavon,"The Annex, Lurgan Town Hall, 6 Union Street",Lurgan,Lurgan,BT66 8DY,54.4611,-6.33127,contact@adviceabc.co.uk,https://www.adviceni.net/local-advice/community-advice-craigavon,,,TRUE,FALSE,FALSE,2025-01-16 12:51:52 +0000,2025-01-16 12:51:53 +0000,0330 1359733,,FALSE,TRUE,FALSE,FALSE,www.adviceni.net/local-advice/community-advice-craigavon,,,FALSE,2
Community Advice Fermanagh,"Fermanagh House, Broadmeadow Place",Enniskillen,Fermanagh,BT74 7HR,54.3447,-7.64254,website@communityadvicefermanagh.com,http://www.communityadvicefermanagh.com,,,TRUE,FALSE,FALSE,2025-01-16 12:51:53 +0000,2025-01-16 12:51:53 +0000,028 66324334,,FALSE,TRUE,FALSE,FALSE,www.communityadvicefermanagh.com,,,FALSE,2
Community Advice Lisburn and Castlereagh,50 Railway Street,Lisburn,Antrim,BT28 1XP,54.5132,-6.04442,calc@calcni.com,https://calcni.com/,,,TRUE,FALSE,FALSE,2025-01-16 12:51:54 +0000,2025-01-16 12:51:54 +0000,028 9266 2251,,FALSE,TRUE,FALSE,FALSE,www.fermanaghhouse.org/community-advice-fermanagh,,,FALSE,2
Community Advice Newry Mourne & Down - Downpatrick Office,"Ballymote Centre, 40 Killough Road",Downpatrick,Down,BT30 6PY,54.3159,-5.7096,advice@advicenmd.com,https://advicenmd.com/,,,TRUE,FALSE,FALSE,2025-01-16 12:51:54 +0000,2025-01-16 12:51:54 +0000,0300 3030 306,,FALSE,TRUE,FALSE,FALSE,www.calcni.com,,,FALSE,2
Community Advice Newry Mourne & Down - Newry Office,"Ballybot House, 28 Cornmarket",Newry,Down,BT35 8BG,54.1732,-6.34363,advice@advicenmd.com,https://advicenmd.com/,,,TRUE,FALSE,FALSE,2025-01-16 12:51:55 +0000,2025-01-16 12:51:55 +0000,0300 3030 306,,FALSE,TRUE,FALSE,FALSE,www.advicenmd.com,,,FALSE,2
East Belfast Independent Advice Centre (EBIAC),55 Templemore Avenue,Belfast,Down,BT5 4EX,54.5984,-5.90859,advice@ebiac.org,https://www.ebiac.org,,,TRUE,FALSE,FALSE,2025-01-16 12:51:56 +0000,2025-01-16 12:51:56 +0000,028 9073 5690,,FALSE,TRUE,FALSE,FALSE,www.ebiac.org,,,FALSE,2
Omagh Independent Advice Centre,"The Community House, 2 Drumragh Avenue",Omagh,Tyrone,BT78 1DP,54.5988,-7.30494,info@oias.co.uk,https://www.oias.co.uk,,,TRUE,FALSE,FALSE,2025-01-16 12:51:56 +0000,2025-01-16 12:51:56 +0000,028 8224 3252,,FALSE,TRUE,FALSE,FALSE,www.oias.co.uk,,,FALSE,2
Southcity Resource and Development Centre,2 Maldon Street,Belfast,Antrim,BT12 6HE,54.5889,-5.95392,bob.stoker@south-city.co.uk,https://www.communityni.org/organisation/southcity-resource-and-development-centre,,,TRUE,FALSE,FALSE,2025-01-16 12:51:57 +0000,2025-01-16 12:51:57 +0000,289504747,,FALSE,TRUE,FALSE,FALSE,www.communityni.org/organisation/southcity-resource-and-development-centre,,,FALSE,2
Springfield Charitable Association (SCA),27 Clonard Crescent,Belfast,Antrim,BT13 2QN,54.5991,-5.95343,info@scaltd.net,https://www.scaltd.net/,,,TRUE,FALSE,FALSE,2025-01-16 12:51:57 +0000,2025-01-16 12:51:58 +0000,2890235350,,FALSE,TRUE,FALSE,FALSE,www.scaltd.net,,,FALSE,2
STEP (Magherafelt),13 Queen Street,Magherafelt,Derry,BT45 6AA,54.7554,-6.61383,info@stepni.org,http://www.stepni.org,,,TRUE,FALSE,FALSE,2025-01-16 12:51:58 +0000,2025-01-16 12:51:58 +0000,028 7963 3079,,FALSE,TRUE,FALSE,FALSE,www.stepni.org,,,FALSE,2
The Vine Centre,193 Crumlin Road,Belfast,Antrim,BT14 7AA,54.6095,-5.94857,info@thevinecentre.org,https://vinecentre.org,,,TRUE,FALSE,FALSE,2025-01-16 12:51:58 +0000,2025-01-16 12:51:59 +0000,028 9035 1020,,FALSE,TRUE,FALSE,FALSE,www.vinecentre.org,,,FALSE,2
Mid East Antrim Community Advice Services,2 Station Road,Larne,Antrim,BT40 3AA,54.8492,-5.82271,advice@meacas.com,http://www.midandeastantrimcommunityadviceservices.com,,,TRUE,FALSE,FALSE,2025-01-16 12:51:59 +0000,2025-01-16 12:51:59 +0000,028 96001333,,FALSE,TRUE,FALSE,FALSE,www.midandeastandrimcommunityservices.com,,,FALSE,2
Mid East Antrim Community Advice Services (new premises in Ballymena),7 Mill Street,Ballymena,Antrim,BT43 5AA,54.8651,-6.27613,advice@meacas.com,http://www.midandeastantrimcommunityadviceservices.com,,,TRUE,FALSE,FALSE,2025-01-16 12:52:00 +0000,2025-01-16 12:52:00 +0000,028 96001333,,FALSE,TRUE,FALSE,FALSE,www.midandeastandrimcommunityservices.com,,,FALSE,2
STEP (Cookstown),14 Union Street,Cookstown,Tyrone,BT80 8NN,54.6474,-6.74249,info@stepni.org,http://www.stepni.org,,,TRUE,FALSE,FALSE,2025-01-16 12:52:00 +0000,2025-01-16 12:52:00 +0000,2886761875,,FALSE,TRUE,FALSE,FALSE,www.stepni.org,,,FALSE,2
STEP (Dungannon),"The Junction, 12 Beechvally Way",Dungannon,Tyrone,BT70 1BS,54.5022,-6.77954,info@stepni.org,http://www.stepni.org,,,TRUE,FALSE,FALSE,2025-01-16 12:52:01 +0000,2025-01-16 12:52:01 +0000,028 87750211,,FALSE,TRUE,FALSE,FALSE,www.stepni.org,,,FALSE,2
Anglia Care Trust,"Unit 8, The Square",Suffolk,Suffolk,IP5 3SL,52.0613,1.2721,admin@angliacaretrust.org.uk,http://www.angliacaretrust.org.uk,,,TRUE,FALSE,FALSE,2025-01-16 12:52:01 +0000,2025-01-16 12:52:02 +0000,01473 622 888,,TRUE,FALSE,FALSE,FALSE,,,,FALSE,3
Auriga Services Limited,18 Bennetts Hill,Sutton Coldfield,Birmingham,B2 5QJ,52.5646,-1.82291,info@aurigaservices.co.uk,http://www.aurigaservices.co.uk,,,TRUE,FALSE,FALSE,2025-01-16 12:52:02 +0000,2025-01-16 12:52:02 +0000,01213 11324,,TRUE,FALSE,FALSE,FALSE,,,,FALSE,3
Bangladeshi Community Association,"Surma Building, Kensington Street",Keighley,West Yorkshire,BD21 1PW,53.8629,-1.91626,enquires@bca-kieghley.org,http://www.bca-keighley.org,,,TRUE,FALSE,FALSE,2025-01-16 12:52:02 +0000,2025-01-16 12:52:03 +0000,01535 604359,,TRUE,FALSE,FALSE,FALSE,,,,FALSE,3
Bestwood Advice Centre Ltd,21 Gainsford Crescent,Nottingham,Nottinghamshire,NG5 5FH,52.9929,-1.16981,advice@bestwoodadvice.org.uk,http://www.bestwoodadvice.org.uk,,,TRUE,FALSE,FALSE,2025-01-16 12:52:03 +0000,2025-01-16 12:52:03 +0000,0115 9626579,,TRUE,FALSE,FALSE,FALSE,,,,FALSE,3
Better Leeds Communities,"The Burley Lodge Centre, 42-46 Burley Lodge Road",Leeds,,LS6 1QF,53.8072,-1.5734,info@betterleeds.org.uk,http://www.betterleeds.org.uk,,,TRUE,FALSE,FALSE,2025-01-16 12:52:04 +0000,2025-01-16 12:52:04 +0000,0113 2753498,,TRUE,FALSE,FALSE,FALSE,,,,FALSE,3
Birmingham Settlement,"Birmingham Settlement Sports and Community Centre,","600 Kingstanding Road,",Birmingham,B44 9SH,52.511,-1.88734,info@bsettlement.org.uk,http://www.birminghamsettlement.org.uk,,,TRUE,FALSE,FALSE,2025-01-16 12:52:04 +0000,2025-01-16 12:52:04 +0000,0121 250 0777,,TRUE,FALSE,FALSE,TRUE,,,,FALSE,3
Blackbird Leys Neighbourhood Support Scheme Ltd (t/a Agnes Smith Advice Centre),96 Blackbird Leys Road,Blackbird Leys,Oxford,OX4 6HS,51.7204,-1.20183,asac.reception@agnessmith.co.uk,http://www.agnessmith.co.uk,,,TRUE,FALSE,FALSE,2025-01-16 12:52:05 +0000,2025-01-16 12:52:05 +0000,01865 770206,,TRUE,FALSE,FALSE,FALSE,,,,FALSE,3
Cheetham Hill Advice Centre (or CHAC),"1-3 Morrowfield  Avenue, Cheetham Hill",Manchester,,M8 9AR,53.5058,-2.24413,office@cheethamadvice.org.uk,http://www.cheethamadvice.org.uk,,,TRUE,FALSE,FALSE,2025-01-16 12:52:05 +0000,2025-01-16 12:52:05 +0000,,,TRUE,FALSE,FALSE,FALSE,www.cheethamadvice.org.uk,,,FALSE,3
Christians Against Poverty,"1 Filey Street, Jubilee House",Bradford,,BD1 5LQ,53.797,-1.74656,info@capuk.org,http://www.capuk.org,,,TRUE,FALSE,FALSE,2025-01-16 12:52:06 +0000,2025-01-16 12:52:06 +0000,01274 760720,,TRUE,FALSE,FALSE,FALSE,,,,FALSE,3
Churches Housing Action Team (Mid Devon Ltd) CHAT - CMA Debt Advice Centre,Coggan's Well House,Phoenix Lane,"Tiverton, Devon",EX16 6LU,50.9023,-3.48732,theoffice@chatmid.co.uk,https://chatmid.org/debt-and-money-advice/,,,TRUE,FALSE,FALSE,2025-01-16 12:52:06 +0000,2025-01-16 12:52:06 +0000,01884 255606,,TRUE,FALSE,FALSE,FALSE,www.chatmid.org/debt-and-money-advice/,,,FALSE,3
Clifton Welfare Rights Advice Centre,Clifton Cornerstone,Nottingham,Nottinghamshire,NG11 8EW,52.9039,-1.17625,,http://advicenottingham.org.uk/gethelp/,,,TRUE,FALSE,FALSE,2025-01-16 12:52:07 +0000,2025-01-16 12:52:07 +0000,0115 8836165,,TRUE,FALSE,FALSE,FALSE,,,,FALSE,3
Coventry Independent Advice Service Limited,Oakwood House,Coventry,Warwickshire,CV1 2HL,52.4038,-1.5092,info@covadvice.org.uk,http://www.covadvice.org.uk,,,TRUE,FALSE,FALSE,2025-01-16 12:52:07 +0000,2025-01-16 12:52:08 +0000,024 76521100,,TRUE,FALSE,FALSE,FALSE,,,,FALSE,3
Crosslight Advice - Balham,Ascension Church Balham,Malwood Road,London,SW12 8EN,51.4511,-0.149258,info@crosslightadvice.org,https://www.crosslightadvice.org/balham,,,TRUE,FALSE,FALSE,2025-01-16 12:52:08 +0000,2025-01-16 12:52:08 +0000,020 7052 0318,,TRUE,FALSE,FALSE,FALSE,,,,FALSE,3
Crosslight Advice - Dalgarno Way Branch,St Francis Church,5 Dalgarno Way,London,W10 5EL,51.5243,-0.22323,info@crosslightadvice.org,https://www.crosslightadvice.org/kensington,,,TRUE,FALSE,FALSE,2025-01-16 12:52:09 +0000,2025-01-16 12:52:09 +0000,020 7052 0318,,TRUE,FALSE,FALSE,FALSE,,,,FALSE,3
Crosslight Advice - Hammersmith,St Paul's Church,Queen Caroline Street,London,W6 9PJ,51.4915,-0.225412,info@crosslightadvice.org,https://www.crosslightadvice.org/hammersmith,,,TRUE,FALSE,FALSE,2025-01-16 12:52:09 +0000,2025-01-16 12:52:09 +0000,020 7052 0318,,TRUE,FALSE,FALSE,FALSE,,,,FALSE,3
Crosslight Advice - Hounslow West,St Paul's Church,London,London,TW3 3DA,51.4711,-0.380085,info@crosslightadvice.org,https://www.crosslightadvice.org/twickenham,,,TRUE,FALSE,FALSE,2025-01-16 12:52:10 +0000,2025-01-16 12:52:10 +0000,020 7052 0318,,TRUE,FALSE,FALSE,FALSE,,,,FALSE,3
Crosslight Advice - Latimer Road Branch,Clement James Centre,95 Sirdar Road,London,W11 4EQ,51.5116,-0.215337,info@crosslightadvice.org,https://www.crosslightadvice.org/kensington,,,TRUE,FALSE,FALSE,2025-01-16 12:52:10 +0000,2025-01-16 12:52:10 +0000,020 7052 0318,,TRUE,FALSE,FALSE,FALSE,,,,FALSE,3
Crosslight Advice - Seven Oaks,Vine Evangelical Church,Hitchen Hatch Lane,Sevenoaks,TN13 3AT,51.2777,0.193105,info@crosslightadvice.org,https://www.crosslightadvice.org/westkent,,,TRUE,FALSE,FALSE,2025-01-16 12:52:11 +0000,2025-01-16 12:52:11 +0000,020 7052 0318,,TRUE,FALSE,FALSE,FALSE,,,,FALSE,3
Crosslight Advice - South Kensington Branch,HTB Queen's Gate church,Queen's Gate,London,SW7 5LP,51.493,-0.178017,info@crosslightadvice.org,https://www.crosslightadvice.org/kensington,,,TRUE,FALSE,FALSE,2025-01-16 12:52:11 +0000,2025-01-16 12:52:12 +0000,020 7052 0318,,TRUE,FALSE,FALSE,FALSE,,,,FALSE,3
Crosslight Advice - Swindon,Pattern Church,Penzance Drive,Swindon,SN5 7LJ,51.5946,-1.88261,info@crosslightadvice.org,https://www.crosslightadvice.org/swindon,,,TRUE,FALSE,FALSE,2025-01-16 12:52:12 +0000,2025-01-16 12:52:12 +0000,Call 020 7052 0318,,TRUE,FALSE,FALSE,FALSE,,,,FALSE,3
Crosslight Advice - Tonbridge,Tonbridge Baptist Church,Darenth Avenue,Tonbridge,TN10 3HZ,51.2113,0.275674,info@crosslightadvice.org,https://www.crosslightadvice.org/westkent,,,TRUE,FALSE,FALSE,2025-01-16 12:52:13 +0000,2025-01-16 12:52:13 +0000,020 7052 0318,,TRUE,FALSE,FALSE,FALSE,,,,FALSE,3
Crosslight Advice - Tunbridge Wells,URC Church,1 Mount Ephraim,Tunbridge Wells,TN4 8AE,51.136,0.261132,info@crosslightadvice.org,https://www.crosslightadvice.org/westkent,,,TRUE,FALSE,FALSE,2025-01-16 12:52:13 +0000,2025-01-16 12:52:13 +0000,020 7052 0318,,TRUE,FALSE,FALSE,FALSE,,,,FALSE,3
Debt Advice Foundation,"1 Anchor Court, Commercial Road",Darwen,Lancashire,BB3 0DB,53.7132,-2.47636,info@debtadvicefoundation.org,https://www.debtadvicefoundation.org,,"We are a national debt advice charity offering free, confidential support and advice to anyone worried about debt.� When you contact us, you will be assigned a qualified debt adviser, who will immediately start helping you to reduce monthly payments to an affordable level, stop creditors taking enforcement action against you and protect important assets such as your home.

 

",FALSE,TRUE,FALSE,2025-01-16 12:52:14 +0000,2025-01-16 12:52:14 +0000,0800 622 61 51,,TRUE,FALSE,FALSE,TRUE,www.debtadvicefoundation.org,Mae'r Sefydliad Cyngor Ar Ddyled yn elusen cyngor ar ddyled ac addysg cenedlaethol sy'n cynnig cymorth a chyngor cyfrinachol am ddim i unrhyw un sy'n poeni am ddyled.,,FALSE,3
Debt Advice Foundation,"1 Anchor Court, Commercial Road",Darwen,Lancashire,BB3 0DB,53.7132,-2.47636,info@debtadvicefoundation.org,https://www.debtadvicefoundation.org/maps02,,"We are a national debt advice charity offering free, confidential support and advice to anyone worried about debt.� When you contact us, you will be assigned a qualified debt adviser, who will immediately start helping you to reduce monthly payments to an affordable level, stop creditors taking enforcement action against you and protect important assets such as your home.

",FALSE,FALSE,TRUE,2025-01-16 12:52:14 +0000,2025-01-16 12:52:14 +0000,,,TRUE,FALSE,FALSE,TRUE,www.debtadvicefoundation.org,Mae'r Sefydliad Cyngor Ar Ddyled yn elusen cyngor ar ddyled ac addysg cenedlaethol sy'n cynnig cymorth a chyngor cyfrinachol am ddim i unrhyw un sy'n poeni am ddyled.,,FALSE,3
East Riding of Yorkshire Council Welfare Visiting Team,"County Hall, Cross Street",Beverley,,HU17 9BA,53.8411,-0.429066,,https://www.eastriding.gov.uk/housing/housing-benefit-and-council-tax-support/welfare-visiting-team/,,,TRUE,FALSE,FALSE,2025-01-16 12:52:15 +0000,2025-01-16 12:52:15 +0000,01482 393939,,TRUE,FALSE,FALSE,FALSE,,,,FALSE,3
Rooted Finance Ltd,Green House,244-254 Cambridge Heath Road,London,E2 9DA,51.5326,-0.0569951,enquiries@rootedfinance.org.uk,https://www.rootedfinance.org.uk/,,,TRUE,FALSE,FALSE,2025-01-16 12:52:15 +0000,2025-01-16 12:52:15 +0000,020 34758811,,TRUE,FALSE,FALSE,FALSE,,,,FALSE,3
GL Communities,"Advice and Resource Centre, Norbury Avenue",Matson,Gloucester,GL4 6AG,51.8415,-2.21865,info@glcommunities.org.uk,https://www.glcommunities.org.uk,,We offer a face to face drop-in advice service at our office and various outreach locations across the county. Telephone advice also provided. Online advice is available to anyone in Gloucestershire.,TRUE,FALSE,FALSE,2025-01-16 12:52:16 +0000,2025-01-16 12:52:16 +0000,01452 505544,,TRUE,FALSE,FALSE,FALSE,,,,FALSE,3
Helping Hands Community Trust,50e Blaby Road,Leicester,Leicestershire,LE18 4SD,52.5801,-1.13162,office@helpinghandscentre.co.uk,https://www.helpinghandsadvice.co.uk,,,TRUE,FALSE,FALSE,2025-01-16 12:52:17 +0000,2025-01-16 12:52:17 +0000,0116 278 2001,,TRUE,FALSE,FALSE,FALSE,,,,FALSE,3
Homemaker Southwest - Plymouth,Devonport Guildhall,Plymouth,Plymouth,PL1 4EL,50.369,-4.17631,enquiries@moneyadviceplymouth.org.uk,https://www.homemakersw.org.uk/free-debt-advice-service,,,TRUE,FALSE,FALSE,2025-01-16 12:52:17 +0000,2025-01-16 12:52:17 +0000,01752 208126,,TRUE,FALSE,FALSE,FALSE,,,,FALSE,3
Homemaker Southwest - Torbay,Devonport Guildhall,Plymouth,Plymouth,PL1 4EL,50.369,-4.17631,mail@homemakersw.org.uk,https://www.homemakersw.org.uk/new-torbay-money-advice-service,,,TRUE,FALSE,FALSE,2025-01-16 12:52:18 +0000,2025-01-16 12:52:18 +0000,01392 686752,,TRUE,FALSE,FALSE,FALSE,,,,FALSE,3
Inspired Neighbourhood Community Interest Company,Wright Watson Enterprise Centre,Bradford,Bradford,BD10 9LD,53.834,-1.72891,info@incic.co.uk,http://www.incic.co.uk/?page_id=177,,,TRUE,FALSE,FALSE,2025-01-16 12:52:18 +0000,2025-01-16 12:52:18 +0000,01274 952057,,TRUE,FALSE,FALSE,FALSE,,,,FALSE,3
Island Advice Centre,Roserton Street,London,,E14 3PG,51.4985,-0.0100223,admin@island-advice.org.uk,http://www.island-advice.org.uk/money-and-debt-advice/,,,TRUE,FALSE,FALSE,2025-01-16 12:52:19 +0000,2025-01-16 12:52:19 +0000,020 7987 9379,,TRUE,FALSE,FALSE,FALSE,,,,FALSE,3
Limehouse Project,789 - 791 Commercial Road,London,,E14 7HG,51.5123,-0.0289038,advice@limehouseproject.org.uk,http://www.limehouseproject.org.uk,,,TRUE,FALSE,FALSE,2025-01-16 12:52:20 +0000,2025-01-16 12:52:20 +0000,020 7538 0075,,TRUE,FALSE,FALSE,FALSE,,,,FALSE,3
Living Well Bromley,66 Lennard Road,London,London,SE20 7LX,51.4189,-0.0497547,advice@livingwell.life,http://www.livingwell.life,,,TRUE,FALSE,FALSE,2025-01-16 12:52:20 +0000,2025-01-16 12:52:21 +0000,,,TRUE,FALSE,FALSE,FALSE,www.livingwell.life,,,FALSE,3
Manningham Project Ltd,203 Lumb Lane,Bradford,,BD8 7SG,53.8051,-1.7676,admin@manproj.org.uk,,,,TRUE,FALSE,FALSE,2025-01-16 12:52:21 +0000,2025-01-16 12:52:21 +0000,,,TRUE,FALSE,FALSE,FALSE,,,,FALSE,3
MAP (Mancroft Advice Project) - Great Yarmouth,52a Deneside,Great Yarmouth,Norfolk,NR30 2HL,52.6063,1.72842,info@map.uk.net,https://www.map.uk.net/find-us/great-yarmouth/,,,TRUE,FALSE,FALSE,2025-01-16 12:52:22 +0000,2025-01-16 12:52:22 +0000,01493 854839,,TRUE,FALSE,FALSE,FALSE,,,,FALSE,3
MAP (Mancroft Advice Project) - Norwich,Risebrow Centre,Norwich,Norfolk,NR2 1RF,52.6266,1.28973,info@map.uk.net,https://www.map.uk.net/find-us/norwich/,,,TRUE,FALSE,FALSE,2025-01-16 12:52:22 +0000,2025-01-16 12:52:22 +0000,01603 766994,,TRUE,FALSE,FALSE,FALSE,,,,FALSE,3
Meadows Advice Group,Queens Walk Community Centre,Nottingham,Nottinghamshire,NG2 2DF,52.9428,-1.15001,meadows_advice@btconnect.com,http://advicenottingham.org.uk/meadows/,,,TRUE,FALSE,FALSE,2025-01-16 12:52:23 +0000,2025-01-16 12:52:23 +0000,0115 986 0197,,TRUE,FALSE,FALSE,FALSE,,,,FALSE,3
Mind in Salford,The Angel Healthy Living Centre,Manchester,Lancashire,M3 6FA,53.4835,-2.2633,,https://www.mindinsalford.org.uk/welfare-rights-and-debt-advice/,,,TRUE,FALSE,FALSE,2025-01-16 12:52:23 +0000,2025-01-16 12:52:23 +0000,0161 212 4880,,TRUE,FALSE,FALSE,FALSE,,,,FALSE,3
Money A+E UK (Community Interest Company),"Money A+E UK CIC School 360, 5 Sugar House Lane",London,London,E15 2QS,51.5205,0.0204457,info@moneyaande.co.uk,http://www.moneyaande.co.uk,,,TRUE,FALSE,FALSE,2025-01-16 12:52:24 +0000,2025-01-16 12:52:24 +0000,0208 6163750,,TRUE,FALSE,FALSE,FALSE,,,,FALSE,3
Money Advice Plus (is the trading name of Money Advice and Community Support Service),Tisbury Road Offices,Hove Town Hall,"Hove,Brighton",BN3 3BQ,50.8288,-0.17033,advice@moneyadviceplus.org.uk,http://www.macss.org.uk,,,TRUE,FALSE,FALSE,2025-01-16 12:52:24 +0000,2025-01-16 12:52:25 +0000,01273 664000,,TRUE,FALSE,FALSE,TRUE,,,,FALSE,3
Burmantofts Community Projects,93 Haslewood Drive,Leeds,West Yorkshire,LS9 7PS,53.7992,-1.5229,,https://moneybuddies.org.uk,,"We provide free: Debt Advice, Emergency Debt Advice,  Help with Budgets for creditors and personal use, letter writing to creditors, form filling and much more. We also provide free advice via telephone and online.",TRUE,FALSE,FALSE,2025-01-16 12:52:25 +0000,2025-01-16 12:52:25 +0000,0113 2350276,,TRUE,FALSE,FALSE,FALSE,www.moneybuddies.org.uk,,,FALSE,3
No Limits (South),"13 High Street, Southampton",Southampton,,SO14 2DF,50.9009,-1.40344,enquiries@nolimitshelp.org.uk,http://www.nolimitshelp.org.uk,,,TRUE,FALSE,FALSE,2025-01-16 12:52:25 +0000,2025-01-16 12:52:26 +0000,,,TRUE,FALSE,FALSE,FALSE,www.nolimitshelp.org.uk,,,FALSE,3
Norfolk Community Law Service Ltd.,4 Duke Street,Norwich,Norfolk,NR3 3AJ,52.6332,1.29573,info@ncls.co.uk,https://www.ncls.co.uk,,,TRUE,FALSE,FALSE,2025-01-16 12:52:26 +0000,2025-01-16 12:52:26 +0000,01603 496623,,TRUE,FALSE,FALSE,FALSE,,,,FALSE,3
North Bristol Advice Centre,2 Gainsborough Square,Lockleaze,Bristol,BS7 9XA,51.4911,-2.56405,,http://www.northbristoladvice.org.uk/get-advice,,,TRUE,FALSE,FALSE,2025-01-16 12:52:27 +0000,2025-01-16 12:52:27 +0000,0117 9515751,,TRUE,FALSE,FALSE,FALSE,,,,FALSE,3
Nucleus Community Action Ltd (Nucleus Legal Advice Centre),Nucleus Legal Advice,Kensington,London,SW5 9JF,51.4885,-0.193423,admin@nucleus.org.uk,https://www.nucleus.org.uk/,,Telephone advice also provided,TRUE,FALSE,FALSE,2025-01-16 12:52:27 +0000,2025-01-16 12:52:27 +0000,0207 3734005,,TRUE,FALSE,FALSE,FALSE,,,,FALSE,3
Paddock Wood Community Advice Centre,94 Commercial Road,Kent,Kent,TN12 6DP,51.1794,0.386542,info@pwadvice.org,http://www.pwadvice.org,,,TRUE,FALSE,FALSE,2025-01-16 12:52:28 +0000,2025-01-16 12:52:28 +0000,01892 838619,,TRUE,FALSE,FALSE,FALSE,,,,FALSE,3
PayPlan,,Grantham,,NG31 7LE,52.9098,-0.65287,help@payplan.com,https://www.payplan.com/mas/,,"PayPlan's supportive, non-judgemental team of advisers help thousands of people beat their debts every year, and treat all of their calls with the strictest confidence.",FALSE,TRUE,FALSE,2025-01-16 12:52:29 +0000,2025-01-16 12:52:29 +0000,0800 280 2816,,TRUE,FALSE,FALSE,FALSE,www.payplan.com,,,FALSE,3
PayPlan,,Grantham,,NG31 7LE,52.9098,-0.65287,help@payplan.com,https://www.payplan.com/mas/,,"PayPlan's supportive, non-judgemental team of advisers help thousands of people beat their debts every year, and treat all of their calls with the strictest confidence.",FALSE,TRUE,FALSE,2025-01-16 12:52:29 +0000,2025-01-16 12:52:29 +0000,0800 280 2816,,FALSE,TRUE,FALSE,FALSE,www.payplan.com,,,FALSE,3
PayPlan,,Grantham,,NG31 7LE,52.9098,-0.65287,help@payplan.com,https://www.payplan.com/mas/,,"PayPlan's supportive, non-judgemental team of advisers help thousands of people beat their debts every year, and treat all of their calls with the strictest confidence.",FALSE,TRUE,FALSE,2025-01-16 12:52:30 +0000,2025-01-16 12:52:30 +0000,0800 280 2816,,FALSE,FALSE,TRUE,FALSE,www.payplan.com,,,FALSE,3
PayPlan,,Grantham,,NG31 7LE,52.9098,-0.65287,help@payplan.com,https://www.payplan.com/mas/,,"PayPlan's supportive, non-judgemental team of advisers help thousands of people beat their debts every year, and treat all of their calls with the strictest confidence.",FALSE,TRUE,FALSE,2025-01-16 12:52:30 +0000,2025-01-16 12:52:30 +0000,0800 280 2816,,FALSE,FALSE,FALSE,TRUE,www.payplan.com,"Mae tm o gynghorwyr cefnogol, anfeirniadol PayPlan yn helpu miloedd o bobl i drechu eu dyledion bob blwyddyn, a thrin eu holl alwadau yn gwbl gyfrinachol.",,FALSE,3
PayPlan,,Grantham,,NG31 7LE,52.9098,-0.65287,,https://www.payplan.com/free-online-debt-help,,"PayPlan's online debt solution tool, PlanFinder, can give you a personalised debt solution in as little as 15 minutes. They also offer free live chat and email support for immediate help.",FALSE,FALSE,TRUE,2025-01-16 12:52:31 +0000,2025-01-16 12:52:31 +0000,,,TRUE,FALSE,FALSE,FALSE,www.payplan.com,,,FALSE,3
PayPlan,,Grantham,,NG31 7LE,52.9098,-0.65287,,https://www.payplan.com/free-online-debt-help,,"PayPlan's online debt solution tool, PlanFinder, can give you a personalised debt solution in as little as 15 minutes. They also offer free live chat and email support for immediate help.",FALSE,FALSE,TRUE,2025-01-16 12:52:31 +0000,2025-01-16 12:52:31 +0000,,,FALSE,TRUE,FALSE,FALSE,www.payplan.com,,,FALSE,3
PayPlan,,Grantham,,NG31 7LE,52.9098,-0.65287,,https://www.payplan.com/free-online-debt-help,,"PayPlan's online debt solution tool, PlanFinder, can give you a personalised debt solution in as little as 15 minutes. They also offer free live chat and email support for immediate help.",FALSE,FALSE,TRUE,2025-01-16 12:52:31 +0000,2025-01-16 12:52:31 +0000,,,FALSE,FALSE,TRUE,FALSE,www.payplan.com,,,FALSE,3
PayPlan,,Grantham,,NG31 7LE,52.9098,-0.65287,,https://www.payplan.com/free-online-debt-help,,"PayPlan's online debt solution tool, PlanFinder, can give you a personalised debt solution in as little as 15 minutes. They also offer free live chat and email support for immediate help.",FALSE,FALSE,TRUE,2025-01-16 12:52:32 +0000,2025-01-16 12:52:32 +0000,,,FALSE,FALSE,FALSE,TRUE,www.payplan.com,"Gall teclyn datrys dyled PayPlan, PlanFinder, eich darparu gydag ateb personol i'ch sefyllfa ddyled mewn cyn lleied a 15 munud. Maent hefyd yn cynnir sgwrs byw a chymorth e-bost am help brys.",,FALSE,3
Pennysmart Community Interest Company,Units 59-60 CoWorkz Business Centre,"Minerva Avenue, Sovereign Way",Cheshire,CH1 4QL,53.1938,-2.92975,"advice@pennysmart.org.uk,",https://www.pennysmart.org.uk/,,,TRUE,FALSE,FALSE,2025-01-16 12:52:32 +0000,2025-01-16 12:52:32 +0000,01244 651210,,FALSE,FALSE,FALSE,TRUE,www.pennysmart.org.uk,,,FALSE,3
Raise,107 Great Mersey Street,Liverpool,Merseyside,L5 2PL,53.4206,-2.98148,admin@benefitsadviceteam.co.uk,http://www.benefitsadviceteam.co.uk,,"Raise focuses on providing advice to social housing tenants and Liverpool residents who are unable to get to their nearest advice centre. They provide telephone advice in emergencies but otherwise work exclusively by home visit. There is no drop in facility.

Visit Raise's website for information about their service and opening times.",TRUE,FALSE,FALSE,2025-01-16 12:52:33 +0000,2025-01-16 12:52:33 +0000,0151 459 1558,,TRUE,FALSE,FALSE,FALSE,,,,FALSE,3
Reading University Students Union Advice Service,"Whiteknights Campus, Pepper Lane",Reading,Berkshire,RG6 6EH,51.4431,-0.92728,advice@rusu.co.uk,https://www.rusu.co.uk/advice/,,,TRUE,FALSE,FALSE,2025-01-16 12:52:33 +0000,2025-01-16 12:52:34 +0000,0118 3784100,,TRUE,FALSE,FALSE,FALSE,,,,FALSE,3
RELEASE (L.E.A.D.S.),61 Mansell Street,London,London,E1 8AN,51.5266,-0.0884186,ask@release.org.uk,https://www.release.org.uk,,,TRUE,FALSE,FALSE,2025-01-16 12:52:34 +0000,2025-01-16 12:52:34 +0000,020 7324 2979,,TRUE,FALSE,FALSE,FALSE,,,,FALSE,3
Rethink Mental Illness,28 Albert Embankment,Small Heath,Birmingham,SE1 7GR,52.467,-1.85624,,http://www.rethink.org,,,TRUE,FALSE,FALSE,2025-01-16 12:52:34 +0000,2025-01-16 12:52:35 +0000,0808 801 0373,,TRUE,FALSE,FALSE,TRUE,,,,FALSE,3
Richmond Advice and Information on Disability (RAID),"Disability Action and Advice Centre, 4 Waldergrave Road",Teddington,Richmond,TW11 8HT,51.4277,-0.334308,advice@richmondaid.org.uk,http://www.richmondaid.org.uk/money-advice/,,Telephone advice also provided,TRUE,FALSE,FALSE,2025-01-16 12:52:35 +0000,2025-01-16 12:52:35 +0000,020 8831 6070,,TRUE,FALSE,FALSE,FALSE,,,,FALSE,3
Roma Support Group,Alan Shelley House,318 Barking Road,London,E13 8HL,51.5211,0.020848,info@romasupportgroup.org.uk,http://rsg2016.weebly.com/advice--advocacy.html,,"Our Advice & Advocacy support reaches some of the most vulnerable and excluded members of the Roma community, including older people, single parents, people with mental health issues and physical disabilities.",TRUE,FALSE,FALSE,2025-01-16 12:52:36 +0000,2025-01-16 12:52:36 +0000,0790 388 3748,,TRUE,FALSE,FALSE,FALSE,,,,FALSE,3
Rose Hill & Donnington Advice Centre Ltd,Rose Hill Community Centre,Oxford,Oxfordshire,OX4 4HF,51.7261,-1.23079,admin@rhdadvice.org,http://rhdadvice.org/,,,TRUE,FALSE,FALSE,2025-01-16 12:52:36 +0000,2025-01-16 12:52:36 +0000,01865 438634,,TRUE,FALSE,FALSE,FALSE,,,,FALSE,3
Saffron Lane Neighbourhood Council,432 Saffron Lane,Leicester,,LE2 6SB,52.6056,-1.13764,barbara@srcentre.org.uk,http://srcentre.org.uk/talk-money/,,,TRUE,FALSE,FALSE,2025-01-16 12:52:37 +0000,2025-01-16 12:52:37 +0000,0116 2831765,,TRUE,FALSE,FALSE,FALSE,www.srcentre.org.uk/talk-money/,,,FALSE,3
Shelter - Specialist Debt Advice Service,88 Old Street,London,,EC1V 9HU,51.5244,-0.0943339,,,,,TRUE,FALSE,FALSE,2025-01-16 12:52:37 +0000,2025-01-16 12:52:37 +0000,0344 515 2000,,TRUE,FALSE,FALSE,FALSE,,,,FALSE,3
South Bristol Advice Service,The Withywood Centre,Bishopsworth,Bristol,BS13 8QA,51.4077,-2.62198,info@solihullcommunityhousing.org.uk,https://www.southbristoladvice.org.uk/debt-advice.php,,Telephone advice also provided,TRUE,FALSE,FALSE,2025-01-16 12:52:38 +0000,2025-01-16 12:52:38 +0000,0117 903 8358,,TRUE,FALSE,FALSE,FALSE,,,,FALSE,3
Spitfire Advice & Support Services Ltd,Spitfire House,"Castle Vale, Birmingham",West Midlands,B35 7PR,52.5212,-1.78404,,https://www.spitfireservices.org.uk/advice/,,"We provide free, confidential and impartial advice for people living in Birmingham on a wide range of money, benefit, housing or employment issues.",TRUE,FALSE,FALSE,2025-01-16 12:52:39 +0000,2025-01-16 12:52:39 +0000,0121 7475932,,TRUE,FALSE,FALSE,FALSE,,,,FALSE,3
St Andrews Community Network,"C/o Clubmoor Community Centre,16 Larkhill Lane, Clubmoor",Liverpool,Liverpool,L6 8NR,53.4159,-2.94022,info@standrewslive.org.uk,https://www.standrewslive.org.uk/,,,TRUE,FALSE,FALSE,2025-01-16 12:52:39 +0000,2025-01-16 12:52:40 +0000,0151 226 3406,,TRUE,FALSE,FALSE,FALSE,,,,FALSE,3
St Ann's Advice Centre,The Chase Neighbourhood Centre,Nottingham,Nottinghamshire,NG3 4EZ,52.9631,-1.13792,info@stannsadvice.org.uk,https://stannsadvice.org.uk/debt-advice-service/,,,TRUE,FALSE,FALSE,2025-01-16 12:52:40 +0000,2025-01-16 12:52:40 +0000,0115 908 1530,,TRUE,FALSE,FALSE,FALSE,,,,FALSE,3
St Hilda's East Community Centre,18 Club Row,London,London,E2 7EY,51.5251,-0.0742055,mail@sthildas.org.uk,http://sthildas.org.uk/advice/legal-advice-service/,,,TRUE,FALSE,FALSE,2025-01-16 12:52:41 +0000,2025-01-16 12:52:41 +0000,020 7739 8066,,TRUE,FALSE,FALSE,FALSE,,,,FALSE,3
St Luke's Advice Centre,"Brighthelm Centre, North Road",Brighton,East Sussex,BN1 1YD,50.8357,-0.14945,info@stlukesadviceservice.org.uk,https://www.stlukesadviceservice.org.uk,,,TRUE,FALSE,FALSE,2025-01-16 12:52:41 +0000,2025-01-16 12:52:41 +0000,01273 549203,,TRUE,FALSE,FALSE,FALSE,,,,FALSE,3
St Pauls Advice Centre,"1st Floor, Junction 3 Library, Baptist Mills Court",St Pauls,Bristol,BS5 0FJ,51.4652,-2.5813,info@stpaulsadvice.org.uk,https://www.stpaulsadvice.org.uk,,Telephone advice also provided,TRUE,FALSE,FALSE,2025-01-16 12:52:42 +0000,2025-01-16 12:52:42 +0000,0117 955 2981,,TRUE,FALSE,FALSE,FALSE,,,,FALSE,3
St Vincent's Support Centre,"Curtis House, 4 Berking Avenue",Leeds,West Yorkshire,LS9 9LF,53.7973,-1.51836,,http://www.stvincentsorg.co.uk/,,"We are a charity and we provide free independent, confidential and impartial face to face Debt Advice. Telephone advice also provided.",TRUE,FALSE,FALSE,2025-01-16 12:52:43 +0000,2025-01-16 12:52:43 +0000,0113 2484126,,TRUE,FALSE,FALSE,FALSE,www.stvincentsorg.co.uk,,,FALSE,3
The Project,The Depot,Longbridge,Birmingham,B45 9PD,52.3968,-1.99965,info@theprojectbirmingham.org,https://www.theprojectbirmingham.org/debt-advice-money-advice/,,,TRUE,FALSE,FALSE,2025-01-16 12:52:43 +0000,2025-01-16 12:52:43 +0000,0121 453 0606,,TRUE,FALSE,FALSE,FALSE,,,,FALSE,3
Toynbee Hall,28 Commercial Street,London,London,E1 6LS,51.5167,-0.0722303,advice@toynbeehall.org.uk,https://www.toynbeehall.org.uk/debt-advice/,,,TRUE,FALSE,FALSE,2025-01-16 12:52:44 +0000,2025-01-16 12:52:44 +0000,0808 164 2480,,TRUE,FALSE,FALSE,FALSE,,,,FALSE,3
West View Advice & Resource Centre Ltd,WVARC,Hartlepool,County Durham,TS24 9JQ,54.7067,-1.22423,,http://www.wvarc30.org.uk/sub/specialist-debt-advice-3,,,TRUE,FALSE,FALSE,2025-01-16 12:52:45 +0000,2025-01-16 12:52:46 +0000,01429 271294,,TRUE,FALSE,FALSE,FALSE,,,,FALSE,3
Windhill Advice Centre,Church Street,Shipley,West Yorkshire,BD18 2NR,53.8338,-1.76424,contact@windhillcommunity.co.uk,http://windhillcommunity.co.uk/advice-service/?doing_wp_cron=1562241033.1679160594940185546875,,,TRUE,FALSE,FALSE,2025-01-16 12:52:46 +0000,2025-01-16 12:52:46 +0000,01274 588831,,TRUE,FALSE,FALSE,FALSE,,,,FALSE,3
Royal Association for Deaf People,"Parkside Office Village,Knowledge Gateway, Knowledge Gateway",Essex,,CO4 3ZL,51.8805,0.942159,Info@royaldeaf.org.uk,http://www.royaldeaf.org.uk,,,TRUE,FALSE,FALSE,2025-01-16 12:52:47 +0000,2025-01-16 12:52:47 +0000,0300 688 2525,,TRUE,FALSE,FALSE,FALSE,,,,FALSE,3
Welwitschia Welfare Centre,"Imperial House,64 Willoughby Lane",London,,N17 0SP,51.6049,-0.0541732,info@wwcuk.org,http://www.wwcuk.org.uk,,,TRUE,FALSE,FALSE,2025-01-16 12:52:47 +0000,2025-01-16 12:52:47 +0000,0208 808 1255,,TRUE,FALSE,FALSE,FALSE,,,,FALSE,3
Access2Advice CIC,Unit 14 Melbourne Business Court,Millennium Way,Derby,DE24 8LZ,52.9159,-1.44896,support@access2advice.org,http://www.access2advice.org,,,TRUE,FALSE,FALSE,2024-04-10 14:13:51 +0100,2024-04-10 14:13:51 +0100,,,TRUE,FALSE,FALSE,FALSE,,,,FALSE,3
Accommodation Concern,1 Meadow Road,Kettering,Northamptonshire,NN16 8TL,52.3984,-0.73035,help@a-c.org.uk,http://www.accommodationconcern.co.uk,,,TRUE,FALSE,FALSE,2024-04-10 14:13:52 +0100,2024-04-10 14:13:52 +0100,01536 416560,,TRUE,FALSE,FALSE,TRUE,,,,FALSE,3
Account3 Ltd,3 Birkbeck Street,Bethnal Green,London,E2 6JY,51.5257,-0.05578,,http://www.account3.org.uk,,,TRUE,FALSE,FALSE,2024-04-10 14:13:52 +0100,2024-04-10 14:13:52 +0100,020 7739 7720,,TRUE,FALSE,FALSE,FALSE,,,,FALSE,3
Adferiad Recovery,Unit B3 Lakeside Technology Park,Llansamlet,Swansea,SA7 9FE,51.6669,-3.88002,hafal@hafal.org,http://www.hafal.org/,,,TRUE,FALSE,FALSE,2024-04-10 14:13:53 +0100,2024-04-10 14:13:53 +0100,01792 816 600/832 400,,TRUE,FALSE,FALSE,FALSE,,,,FALSE,3
��Bromley by Bow Centre (Advice Service),The Bromley by Bow Centre,St Leonards Street,London,E3 3BT,51.526,-0.0125,connect@bbbc.org.uk,www.bbbc.org.uk,,,TRUE,FALSE,FALSE,,,020 8709 9711,,TRUE,FALSE,FALSE,FALSE,,,,FALSE,3
Royal British Legion,"Haig House, 199 Borough High Street",,London,SE1 1AA,51.502,-0.0922,info@britishlegion.org.uk,https://www.britishlegion.org.uk/,,,TRUE,FALSE,FALSE,,,0808 802 8080,,TRUE,FALSE,FALSE,FALSE,,,,FALSE,3
BEAP Community Partnership,31 Cornwall Road,Bradford,,BD8 7JN,,,,www.beapcp.co.uk,,,TRUE,FALSE,False ,,,01274 731020,,TRUE,False ,False ,False ,,,,,3
Asian People�s Disability Alliance (APDA),Asian Daycare & Development Centre,,London,NW10 8RA,,,admin@apda.org.uk,www.apda.org.uk,,,TRUE,FALSE,FALSE ,,,020 8830 4220,,TRUE,False ,False ,False ,,,,,3
BeLifted Now,"Burnt Oak Library,",,,HA8 0UB,,,beliftednow@gmail.com,www.webeliftednow.com,,,TRUE,FALSE,FALSE ,,,7507312312,,TRUE,False ,False ,False ,,,,,3
Community Activities Project Ealing (Cape),3 Montpelier Avenue,,London,W5 2XP,,,Info@capeproject.org.uk,Mycape.org.uk,,,TRUE,FALSE,FALSE ,,,020 88962552,,TRUE,False ,False ,False ,,,,,3
Community Advice Works,49a Hatfield Close,,London,SE14 5DW,,,Info@170cp.org.uk,www.communityadviceworks.org.uk,,,TRUE,FALSE,FALSE ,,,020 77329716,,TRUE,False ,False ,False ,,,,,3
Golden Opportunity Skills & Development (GOSAD),Resource Centre,Southall,Middlesex,UB2 5AL,,,admin@gosad.org.uk,www.gosad.org.uk,,,TRUE,FALSE,False ,,,0208 571 9529,,TRUE,False ,False ,False ,,,,,3
Money Wellness,"Floor 15,","Media City UK,",Manchester,M50 2NT,,,contactus@moneywellness.com,www.moneywellness.com,,"At Money Wellness, we offer confidential debt advice and ongoing support. There are lots of ways we help our customers, from budgeting tips to negotiating lower monthly payments with lenders to getting unaffordable debt written off. With 30 years of experience, we can help you live more and stress less.",FALSE,TRUE,TRUE,,,0161 518 8285,,TRUE,False ,False ,TRUE,,,,,3
Gypsies and Travellers Wales,"91 Caernarfon Way,",,Cardiff,CF3 1TN,,,INFO@GTWALES.ORG.UK,https://gtwales.org.uk/,,,TRUE,FALSE,False ,,,029 2021 4411,,FALSE,False ,False ,TRUE,,,,,3
Irish Community Care,151 Dale Street,,,L2 2AH,,,admin@iccm.org.uk,www.irishcc.net,,,TRUE,FALSE,FALSE ,,,0151 237 3987,,TRUE,False ,False ,False ,,,,,3
Irish Community Services,Irish Community Services,2B Devonshire Road,Kent,DA6 8DS,,,office@irishcommunityservices.org.uk,www.irishcommunityservices.org.uk,,,TRUE,FALSE,FALSE ,,,020 88544466,,TRUE,False ,False ,False ,,,,,3
Islington Somali Community,225 - 229 Seven Sisters Road,,London,N4 2DA,,,info@islingtosomalicommunity.org.uk,www.islingtonsomalicommunity.org.uk,,,TRUE,FALSE,False ,,,0207 2720550,,TRUE,False ,False ,False ,,,,,3
Lewisham Multi Lingual Advice Service (LMLAS),Leemore Centre,Lewisham,,SE13 5ES,,,admin@lmlas.co.uk,www.lmlas.co.uk,,,TRUE,FALSE,FALSE ,,,0208 314 5777,,TRUE,False ,False ,False ,,,,,3
Nishkam Civic Association,6 Soho Road,,Birmingham,B21 9BH,,,INFO@NCAUK.ORG,https://ncauk.org/,,,TRUE,FALSE,FALSE ,,,0121 515 4229,,TRUE,False ,False ,False ,,,,,3
Southwark Day Centre for Asylum Seekers,Copleston Centre,Peckham,,SE15 4AN,,,office@sdcas.org.uk,www.sdcas.org.uk,,,TRUE,FALSE,FALSE ,,,0207 7320505,,TRUE,False ,False ,False ,,,,,3
St Clement & St James Community Development Project,95 Sirdar Road,,London,W11 4EQ,,,reception@clementjames.org,www.clementjames.org,,,TRUE,FALSE,FALSE,,,0207 221 8810,,TRUE,False ,False ,False ,,,,,3
Talking Money,1 Hide Market,,,BS2 0BH,,,mail@talkingmoney.org.uk,www.talkingmoney.org.uk,,,TRUE,FALSE,FALSE ,,,0117 954 3990,,TRUE,False ,False ,False ,,,,,3
The Girlington Centre Ltd,Girlington Road,,,BD8 9NN,,,info@Girlington.org.uk,www.girlingtonadvicecentre.co.uk,,,TRUE,FALSE,FALSE,,,01274 542454,,TRUE,False ,False ,False ,,,,,3
West Bowling Community Advice & Training Centre,West Bowling Centre,,,BD5 8EA,,,,www.wbcentre.org.uk,,,TRUE,FALSE,FALSE,,,01274 733770,,TRUE,False ,False ,False ,,,,,3
Abergele Community Money Advice,"Platform 2, Abergele Pensarn Station, Station Approach, Pensarn",Abergele,,LL22 7PQ,53.2946,-3.58266,abergelecma@gmail.com,,,"Affiliated with Community Money Advice, we provide free, unconditional, face-to-face debt advice and support. Working to each person's needs we help them find freedom from debt and hope for the future.",TRUE,FALSE,FALSE,2025-01-16 12:55:33 +0000,2025-01-16 12:55:34 +0000,7709552336,,TRUE,FALSE,FALSE,FALSE,,,,FALSE,10
Act on Energy Community Advice Money Connect Centre,"Unit 2 Lauriston Business Park, Pitchill",Salford Priors,Warwickshire,WR11 8SN,52.1595,-1.92146,support@actonenergy.org.uk,https://actonenergy.org.uk,,,TRUE,FALSE,FALSE,2025-01-16 12:55:34 +0000,2025-01-16 12:55:35 +0000,0800 9882881,,TRUE,FALSE,FALSE,FALSE,,,,FALSE,10
Antioch Money Advice Centre,"20 Station Road, Abergele Road",Colwyn Bay,,LL29 8BU,53.2956,-3.72666,moneyadvicecb@gmail.com,http://www.antioch.co.uk,,"Affiliated with Community Money Advice, we provide free, unconditional, face-to-face debt advice and support. Working to each person's needs we help them find freedom from debt and hope for the future.",TRUE,FALSE,FALSE,2025-01-16 12:55:35 +0000,2025-01-16 12:55:35 +0000,01492 485107,,TRUE,FALSE,FALSE,FALSE,,,,FALSE,10
Barnabas Money Advice,"The Barnabas Church Centre, Longden Coleham",Shrewsbury,,SY3 7DN,52.7043,-2.74778,barnabasmoneyadvice@gmail.com,http://www.barnabascommunityprojects.org/barnabas-money-advice.html,,"Affiliated with Community Money Advice, we provide free, unconditional, face-to-face debt advice and support. Working to each person's needs we help them find freedom from debt and hope for the future.",TRUE,FALSE,FALSE,2025-01-16 12:55:35 +0000,2025-01-16 12:55:36 +0000,07507 663251,,TRUE,FALSE,FALSE,FALSE,,,,FALSE,10
Bedford Salvation Army Debt Advice Service,"Bedford Congress Hall, Commercial Road",Bedford,,MK40 1QS,52.1342,-0.473031,bedforddas@salvationarmy.org.uk,http://www.bedfordsalvationarmy.org.uk/debt-advice.html,,"Affiliated with Community Money Advice, we provide free, unconditional, face-to-face debt advice and support. Working to each person's needs we help them find freedom from debt and hope for the future.",TRUE,FALSE,FALSE,2025-01-16 12:55:36 +0000,2025-01-16 12:55:36 +0000,01234 217747,,TRUE,FALSE,FALSE,FALSE,,,,FALSE,10
Bonny Downs Community Association,"The Well Community Centre, 49 Vicarage Lane",East Ham,,E6 6DQ,51.527,0.0637376,maria.robinson@bonnydowns.org,http://www.bonnydowns.org,,"Affiliated with Community Money Advice, we provide free, unconditional, face-to-face debt advice and support. Working to each person's needs we help them find freedom from debt and hope for the future.",TRUE,FALSE,FALSE,2025-01-16 12:55:37 +0000,2025-01-16 12:55:37 +0000,0208 586 7070,,TRUE,FALSE,FALSE,FALSE,,,,FALSE,10
Bridge Financial Wellbeing Service,"20 Shairps Business Park, Houstoun Road",Livingston,,EH54 5FD,55.9078,-3.5117,money@bridgecommunityproject.org.uk,http://www.bridgecommunityproject.org.uk,,"Affiliated with Community Money Advice, we provide free, unconditional, face-to-face debt advice and support. Working to each person's needs we help them find freedom from debt and hope for the future.",TRUE,FALSE,FALSE,2025-01-16 12:55:38 +0000,2025-01-16 12:55:38 +0000,01506 238980,,TRUE,FALSE,FALSE,FALSE,,,,FALSE,10
Cambridge Money Advice Centre,"Barnwell Baptist Church, Howard Road",Cambridge,,CB5 8QS,52.2168,0.162729,adviser@cambridgemoneyadvicecentre.org.uk,http://www.cambridgemoneyadvicecentre.org.uk,,"Affiliated with Community Money Advice, we provide free, unconditional, face-to-face debt advice and support. Working to each person's needs we help them find freedom from debt and hope for the future.",TRUE,FALSE,FALSE,2025-01-16 12:55:38 +0000,2025-01-16 12:55:38 +0000,01223 727455,,TRUE,FALSE,FALSE,FALSE,,,,FALSE,10
Carmarthen Community Money Advice Centre,"Bethel Church, Hill House, Picton Terrace",Carmarthen,,SA31 3BT,51.8484,-4.32181,admin@caramarthencma.co.uk,https://www.facebook.com/CarmarthenCMA,,"Affiliated with Community Money Advice, we provide free, unconditional, face-to-face debt advice and support. Working to each person's needs we help them find freedom from debt and hope for the future.",TRUE,FALSE,FALSE,2025-01-16 12:55:39 +0000,2025-01-16 12:55:39 +0000,01267 225997,,TRUE,FALSE,FALSE,FALSE,,,,FALSE,10
Christian Money Advice,"Sussex Street Christian Centre, 15 Sussex Street",Rhyl,,LL18 1SE,53.3211,-3.49184,christiancentre.rhyl@gmail.com,http://www.christiancentre.info/for-support.html,,"Affiliated with Community Money Advice, we provide free, unconditional, face-to-face debt advice and support. Working to each person's needs we help them find freedom from debt and hope for the future.",TRUE,FALSE,FALSE,2025-01-16 12:55:39 +0000,2025-01-16 12:55:40 +0000,01745 342268,,TRUE,FALSE,FALSE,FALSE,,,,FALSE,10
Churches Housing Action Team (Devon) Ltd,Coggan�s Well House,Tiverton,,EX16 6LU,50.9023,-3.48732,theoffice@chatmid.co.uk,http://www.chatmid.org/,,"Affiliated with Community Money Advice, we provide free, unconditional, face-to-face debt advice and support. Working to each person's needs we help them find freedom from debt and hope for the future.",TRUE,FALSE,FALSE,2025-01-16 12:55:40 +0000,2025-01-16 12:55:40 +0000,0800 059 0104,,TRUE,FALSE,FALSE,FALSE,,,,FALSE,10
CMA @ Buckhurst Hill (Buckhurst Hill Money Advice Service),"St Stephen's Church, Albert Road",Buckhurst Hill,,IG9 6FD,51.6251,0.0479152,bhmoneyadviceservice@gmail.com,http://www.bhmas.org,,"Affiliated with Community Money Advice, we provide free, unconditional, face-to-face debt advice and support. Working to each person's needs we help them find freedom from debt and hope for the future.",TRUE,FALSE,FALSE,2025-01-16 12:55:40 +0000,2025-01-16 12:55:41 +0000,020 8505 0022,,TRUE,FALSE,FALSE,FALSE,,,,FALSE,10
CMA ChristChurch Hailsham,"Units G1 & G2, Ropemaker Park, South Road",Hailsham,,BN27 3GY,50.8591,0.251718,cma@christchurchhailsham.org,http://www.christchurchhailsham.org,,"Affiliated with Community Money Advice, we provide free, unconditional, face-to-face debt advice and support. Working to each person's needs we help them find freedom from debt and hope for the future.",TRUE,FALSE,FALSE,2025-01-16 12:55:42 +0000,2025-01-16 12:55:42 +0000,01323 398358 / 01323 844428,,TRUE,FALSE,FALSE,FALSE,,,,FALSE,10
Money Advice South Tyneside,"St. Peter's Church, York Avenue",Jarrow,,NE32 5LP,54.9623,-1.46812,info@moneyadvicest.org,,,"Affiliated with Community Money Advice, we provide free, unconditional, face-to-face debt advice and support. Working to the needs of each person, we help them find freedom from debt and hope for the future",TRUE,FALSE,FALSE,2025-01-16 12:55:42 +0000,2025-01-16 12:55:42 +0000,07555 406416,,TRUE,FALSE,FALSE,FALSE,,,,FALSE,10
CMA Connect Oxted,"King's Church Centre, 33 Amy Road",Oxted,,RH8 0PW,51.2586,-0.0016114,debtadvice@kingschurchforyou.org,http://www.kingschurchforyou.org,,"Affiliated with Community Money Advice, we provide free, unconditional, face-to-face debt advice and support. Working to each person's needs we help them find freedom from debt and hope for the future.",TRUE,FALSE,FALSE,2025-01-16 12:55:43 +0000,2025-01-16 12:55:43 +0000,01883 734805,,TRUE,FALSE,FALSE,FALSE,,,,FALSE,10
CMA Connect Wrexham,"Wrexham Foodbank, Unit 3 Edwards Enterprise Park, Rhosddu Industrial Estate",Wrexham,,Ll11 4ZA,53.0459,-2.99547,help@cmaconnectwrexham.org.uk,https://www.cmaconnectwrexham.org.uk,,"Affiliated with Community Money Advice, we provide free, unconditional, face-to-face debt advice and support. Working to each persons needs we help them find freedom from debt and hope for the future.",TRUE,FALSE,FALSE,2025-01-16 12:55:43 +0000,2025-01-16 12:55:43 +0000,07506 248737,,TRUE,FALSE,FALSE,FALSE,,,,FALSE,10
"CMA Connect, Fareham","St John's Church Hall, 5a Upper St Michael's Grove",Fareham,,PO14 1DN,50.8476,-1.19233,cmafareham@gmail.com,http://www.cmaconnectfareham.org,,"Affiliated with Community Money Advice, we provide free, unconditional, face-to-face debt advice and support. Working to each person's needs we help them find freedom from debt and hope for the future.",TRUE,FALSE,FALSE,2025-01-16 12:55:44 +0000,2025-01-16 12:55:44 +0000,01329 284837,,TRUE,FALSE,FALSE,FALSE,,,,FALSE,10
CMA County Durham,"Office 15, Durham Workspace, Abbey Road",Pity Me,County Durham,DH1 5JZ,54.8721,-1.70975,office@moneyadvicedurham.org.uk,http://www.durhamcp.org.uk,,"Affiliated with Community Money Advice, we provide free, unconditional, face-to-face debt advice and support. Working to each persons needs we help them find freedom from debt and hope for the future.",TRUE,FALSE,FALSE,2025-01-16 12:55:44 +0000,2025-01-16 12:55:44 +0000,0191 3037514,,TRUE,FALSE,FALSE,FALSE,,,,FALSE,10
CMA Grace Money,"Unit B, Metro Business Park, Clough Street, Hanley",Stoke-on-Trent,,ST1 4AF,53.0233,-2.18761,money@gracechurchstoke.org,http://www.gracechurchstoke.org,,"Affiliated with Community Money Advice, we provide free, unconditional, face-to-face debt advice and support. Working to each persons needs we help them find freedom from debt and hope for the future.",TRUE,FALSE,FALSE,2025-01-16 12:55:45 +0000,2025-01-16 12:55:45 +0000,07954 332568,,TRUE,FALSE,FALSE,FALSE,,,,FALSE,10
CMA Lighthouse,"The Lighthouse, 8-10 High Street",Woking,,GU21 6BG,51.3187,-0.557492,cma@lighthousewoking.org,https://the-lighthouse.info/projects/money-advice,,"Affiliated with Community Money Advice, we provide free, unconditional, face-to-face debt advice and support. Working to each person's needs we help them find freedom from debt and hope for the future. Email: cma@lighthousewoking.org",TRUE,FALSE,FALSE,2025-01-16 12:55:45 +0000,2025-01-16 12:55:46 +0000,07360 677242,,TRUE,FALSE,FALSE,FALSE,www.lighthousewoking.org,,,FALSE,10
CMA Rainham Debt Support Centre,"Unit 3 Mick Fury House, Perry Close",Rainham,,RM13 8HT,51.5241,0.182122,info@rainham.foodbank.org.uk,http://www.rainham.foodbank.org.uk,,"Affiliated with Community Money Advice, we provide free, unconditional, face-to-face debt advice and support. Working to the needs of each person, we help them find freedom from debt and hope for the future",TRUE,FALSE,FALSE,2025-01-16 12:55:46 +0000,2025-01-16 12:55:46 +0000,01708 397484,,TRUE,FALSE,FALSE,FALSE,,,,FALSE,10
Community Centre for Debt Advice,"Staplehurst Free Church, Station Road",Staplehurst,,TN12 0QQ,51.1682,0.552963,debtadvice@ccdas.org.uk,,,"Affiliated with Community Money Advice, we provide free, unconditional, face-to-face debt advice and support. Working to each person's needs we help them find freedom from debt and hope for the future.",TRUE,FALSE,FALSE,2025-01-16 12:55:46 +0000,2025-01-16 12:55:47 +0000,07512 145707 / 07512 145704,,TRUE,FALSE,FALSE,FALSE,,,,FALSE,10
Corsham Money Advice Centre,"Corsham Baptist Church, Priory Street",Corsham,,SN13 0AS,51.4351,-2.18967,cma@corshambaptists.org,http://www.cmdac.corshambaptists.org,,"Affiliated with Community Money Advice, we provide free, unconditional, face-to-face debt advice and support. Working to each person's needs we help them find freedom from debt and hope for the future.",TRUE,FALSE,FALSE,2025-01-16 12:55:48 +0000,2025-01-16 12:55:48 +0000,07352 103066,,TRUE,FALSE,FALSE,FALSE,,,,FALSE,10
Community Money Advice Launceston,"Suite 2 - Sheers Barton Barns, Lawhitton",Launceston,,PL15 9NJ,50.6122,-4.33061,office@launcestonmoney.co.uk,http://www.launcestonmoney.co.uk,,"Affiliated with Community Money Advice, we provide free, unconditional, face-to-face debt advice and support. Working to each person's needs we help them find freedom from debt and hope for the future.",TRUE,FALSE,FALSE,2025-01-16 12:55:49 +0000,2025-01-16 12:55:49 +0000,01566 777407,,TRUE,FALSE,FALSE,FALSE,,,,FALSE,10
Community Money Advice South Wilts,"Salisbury Baptist Church, Brown Street",Salisbury,,SP1 2AS,51.0681,-1.7925,hello@cmaSouthWilts.org.uk,https://cmasouthwilts.org.uk/,,"Affiliated with Community Money Advice, we provide free, unconditional, face-to-face debt advice and support. Working to each person's needs we help them find freedom from debt and hope for the future.",TRUE,FALSE,FALSE,2025-01-16 12:55:49 +0000,2025-01-16 12:55:49 +0000,07897 180603,,TRUE,FALSE,FALSE,FALSE,,,,FALSE,10
Community Money Advice Zinthiya Trust,12 Bishop Street,Leicester,,LE1 6AF,52.6334,-1.13145,zinthiya.trust@gmail.com,https://www.zinthiyatrust.org/,,"Affiliated with Community Money Advice, we provide free, unconditional, face-to-face debt advice and support. Working to each person's needs we help them find freedom from debt and hope for the future.",TRUE,FALSE,FALSE,2025-01-16 12:55:50 +0000,2025-01-16 12:55:50 +0000,0116 2545168,,TRUE,FALSE,FALSE,FALSE,,,,FALSE,10
Crosslight Advice - Kensington,"HTB Queen's Gate Church, Queen's Gate",London,,SW7 5LP,51.493,-0.178017,appointments@crosslightadvice.org,http://www.crosslightadvice.org,,"Affiliated with Community Money Advice, we provide free, unconditional, face-to-face debt advice and support. Working to each person's needs we help them find freedom from debt and hope for the future.",TRUE,FALSE,FALSE,2025-01-16 12:55:50 +0000,2025-01-16 12:55:50 +0000,0300 373 1180,,TRUE,FALSE,FALSE,FALSE,,,,FALSE,10
Crosslight Advice - Hammersmith,"St Paul's Church, Queen Caroline Street, Hammersmith",London,,W6 9PJ,51.4915,-0.225412,appointments@crosslightadvice.org,http://www.crosslightadvice.org,,"Affiliated with Community Money Advice, we provide free, unconditional, face-to-face debt advice and support. Working to each person's needs we help them find freedom from debt and hope for the future.",TRUE,FALSE,FALSE,2025-01-16 12:55:51 +0000,2025-01-16 12:55:51 +0000,0300 373 1180,,TRUE,FALSE,FALSE,FALSE,,,,FALSE,10
Crosslight Advice - Tonbridge,"Tonbridge Baptist Church, Darenth Avenue",Tonbridge,,TN10 3HZ,51.2113,0.275674,appointments@crosslightadvice.org,http://www.crosslightadvice.org,,"Affiliated with Community Money Advice, we provide free, unconditional, face-to-face debt advice and support. Working to each person's needs we help them find freedom from debt and hope for the future.",TRUE,FALSE,FALSE,2025-01-16 12:55:51 +0000,2025-01-16 12:55:51 +0000,0300 373 1180,,TRUE,FALSE,FALSE,FALSE,,,,FALSE,10
Debt Advice Tavistock Area (DATA),"Tavistock Methodist Church, Chapel Street",Tavistock,,PL19 8DX,50.5475,-4.15026,enquiry@datavistock.org.uk,http://www.datavistock.org.uk,,"Affiliated with Community Money Advice, we provide free, unconditional, face-to-face debt advice and support. Working to each person's needs we help them find freedom from debt and hope for the future.",TRUE,FALSE,FALSE,2025-01-16 12:55:52 +0000,2025-01-16 12:55:52 +0000,07955 728721,,TRUE,FALSE,FALSE,FALSE,,,,FALSE,10
East Durham Trust,"Community House, Yoden Road",Peterlee,,SR8 5DP,54.7665,-1.337,info@eastdurhamtrust.org.uk,http://www.eastdurhamtrust.org.uk,,"Affiliated with Community Money Advice, we provide free, unconditional, face-to-face debt advice and support. Working to each person's needs we help them find freedom from debt and hope for the future.",TRUE,FALSE,FALSE,2025-01-16 12:55:53 +0000,2025-01-16 12:55:53 +0000,0191 5693511,,TRUE,FALSE,FALSE,FALSE,,,,FALSE,10
Eastbourne Foodbank,"Unit 3, 55 Brampton Road",Eastbourne,,BN22 9AF,50.7928,0.282843,info@eastbourne.foodbank.org.uk,http://www.eastbourne.foodbank.org.uk,,"Affiliated with Community Money Advice, we provide free, unconditional, face-to-face debt advice and support. Working to each person's needs we help them find freedom from debt and hope for the future.",TRUE,FALSE,FALSE,2025-01-16 12:55:53 +0000,2025-01-16 12:55:53 +0000,01323 409925,,TRUE,FALSE,FALSE,FALSE,,,,FALSE,10
Enfield Debt Centre,"Jubilee Church London, 2 Lumina Way",London,,EN1 1FS,51.644,-0.0589553,info@enfielddebt.org,,,"Affiliated with Community Money Advice, we provide free, unconditional, face-to-face debt advice and support. Working to each person's needs we help them find freedom from debt and hope for the future.",TRUE,FALSE,FALSE,2025-01-16 12:55:54 +0000,2025-01-16 12:55:54 +0000,07596 735789,,TRUE,FALSE,FALSE,FALSE,,,,FALSE,10
Faithworks CMA,"Faithworks, Heron Court Road",Bournemouth,,BH9 1DE,50.7387,-1.86978,cma@faith-works.org.uk,http://faith-works.org.uk/,,"Affiliated with Community Money Advice, we provide free, unconditional, face-to-face debt advice and support. Working to each person's needs we help them find freedom from debt and hope for the future.",TRUE,FALSE,FALSE,2025-01-16 12:55:55 +0000,2025-01-16 12:55:55 +0000,01202 429037,,TRUE,FALSE,FALSE,FALSE,,,,FALSE,10
Faithworks CMA Blandford,"United Reformed Church, Whitecliff Mill Street",Blandford,,DT11 7DQ,50.8577,-2.16584,cma@faith-works.org.uk,http://faith-works.org.uk/,,"Affiliated with Community Money Advice, we provide free, unconditional, face-to-face debt advice and support. Working to each person's needs we help them find freedom from debt and hope for the future.",TRUE,FALSE,FALSE,2025-01-16 12:55:55 +0000,2025-01-16 12:55:56 +0000,01258 456093,,TRUE,FALSE,FALSE,FALSE,,,,FALSE,10
Faithworks CMA Christchurch,"The Old Chapel, 67a Purewell",Christchurch,,BH23 1EH,50.7355,-1.76556,cma@faith-works.org.uk,http://faith-works.org.uk/,,"Affiliated with Community Money Advice, we provide free, unconditional, face-to-face debt advice and support. Working to each person's needs we help them find freedom from debt and hope for the future.",TRUE,FALSE,FALSE,2025-01-16 12:55:56 +0000,2025-01-16 12:55:56 +0000,01202 429037,,TRUE,FALSE,FALSE,FALSE,,,,FALSE,10
Faithworks CMA Poole,"Jimmy's Place, St James Church Centre, Church Street",Poole,,BH15 1JP,50.7134,-1.98879,cma@faith-works.org.uk,http://faith-works.org.uk/,,"Affiliated with Community Money Advice, we provide free, unconditional, face-to-face debt advice and support. Working to each person's needs we help them find freedom from debt and hope for the future.",TRUE,FALSE,FALSE,2025-01-16 12:55:56 +0000,2025-01-16 12:55:57 +0000,01202 429037,,TRUE,FALSE,FALSE,FALSE,,,,FALSE,10
Faithworks CMA Wimborne,"Leigh Park Community Centre, Gordon Road",Wimborne,,BH21 2AP,50.7968,-1.97176,cma@faith-works.org.uk,http://faith-works.org.uk/,,"Affiliated with Community Money Advice, we provide free, unconditional, face-to-face debt advice and support. Working to each person's needs we help them find freedom from debt and hope for the future.",TRUE,FALSE,FALSE,2025-01-16 12:55:57 +0000,2025-01-16 12:55:57 +0000,01202 429037,,TRUE,FALSE,FALSE,FALSE,,,,FALSE,10
Freedom CMA Debt Advice Centre,15 Beverley Road,Liverpool,,L15 9HF,53.3933,-2.91361,debt@freedomchurchliverpool.co.uk,http://www.freedomchurchliverpool.co.uk,,"Affiliated with Community Money Advice, we provide free, unconditional, face-to-face debt advice and support. Working to each person's needs we help them find freedom from debt and hope for the future.",TRUE,FALSE,FALSE,2025-01-16 12:55:58 +0000,2025-01-16 12:55:58 +0000,07449 406339,,TRUE,FALSE,FALSE,FALSE,,,,FALSE,10
Gateway Debt Advice and Money Education Centre,"Gateway M40, The Newton Suite, Wilsons Park-Building 2H, Monsall Road",Manchester,,M40 8WN,53.4996,-2.20555,wendy.steele@gatewaym40.org,http://www.gatewaydebtadvice.org.uk,,"Affiliated with Community Money Advice, we provide free, unconditional, face-to-face debt advice and support. Working to each person's needs we help them find freedom from debt and hope for the future.",TRUE,FALSE,FALSE,2025-01-16 12:55:58 +0000,2025-01-16 12:55:58 +0000,0161 2023511,,TRUE,FALSE,FALSE,FALSE,,,,FALSE,10
Harpenden Money Advice Centre,"All Saints' Church, 129 Station Road",Harpenden,,AL5 4UU,51.8241,-0.341536,info@hmac.uk,http://www.hmac.uk,,"Affiliated with Community Money Advice, we provide free, unconditional, face-to-face debt advice and support. Working to each person's needs we help them find freedom from debt and hope for the future.",TRUE,FALSE,FALSE,2025-01-16 12:55:59 +0000,2025-01-16 12:55:59 +0000,07954 276281,,TRUE,FALSE,FALSE,FALSE,,,,FALSE,10
Hope Borders Community Money Advice Connect Centre,"c/o Hope Church Borders, Hope Central, 1-3 Overhaugh Street",Galashiels,,TD1 1DL,55.6161,-2.80706,money@hopechurchborders.org.uk,http://www.hopechurchborders.org.uk,,"Affiliated with Community Money Advice, we provide free, unconditional, face-to-face debt advice and support. Working to the needs of each person, we help them find freedom from debt and hope for the future",TRUE,FALSE,FALSE,2025-01-16 12:55:59 +0000,2025-01-16 12:55:59 +0000,07377 717705,,TRUE,FALSE,FALSE,FALSE,,,,FALSE,10
Hope CMA Debt Centre,173 Reddicap Heath Road,Sutton Coldfield,Birmingham,B7S 7EN,55.3781,-3.43597,jacqueline@hopedebtcentre.co.uk,,,,TRUE,FALSE,FALSE,2025-01-16 12:56:00 +0000,2025-01-16 12:56:00 +0000,07949 937561,,TRUE,FALSE,FALSE,FALSE,,,,FALSE,10
Hope Debt Advice Service,"The Hub@BA15, Church Street",Bradford-on-Avon,,BA15 1LS,51.3479,-2.25155,advice@hopedebtadvice.org,http://www.boahub.co.uk/,,"Affiliated with Community Money Advice, we provide free, unconditional, face-to-face debt advice and support. Working to each person's needs we help them find freedom from debt and hope for the future.",TRUE,FALSE,FALSE,2025-01-16 12:56:00 +0000,2025-01-16 12:56:00 +0000,0800 840 2298,,TRUE,FALSE,FALSE,FALSE,,,,FALSE,10
Horsham Debt Advice Service,"Office Suites F1 & F3, First Floor, Park House, North Street",Horsham,,RH12 1RN,51.0657,-0.320611,advisor@hdas.co.uk,http://www.hdas.co.uk,,"Affiliated with Community Money Advice, we provide free, unconditional, face-to-face debt advice and support. Working to each person's needs we help them find freedom from debt and hope for the future.",TRUE,FALSE,FALSE,2025-01-16 12:56:01 +0000,2025-01-16 12:56:01 +0000,01403 258040,,TRUE,FALSE,FALSE,FALSE,,,,FALSE,10
Money 365 CMA,"The Pennine, Pennine Way",Hull,,HU7 3LP,53.8424,-0.432239,hello@money365.uk,http://www.money365.uk,,"Affiliated with Community Money Advice, we provide free, unconditional, face-to-face debt advice and support. Working to the needs of each person, we help them find freedom from debt and hope for the future",TRUE,FALSE,FALSE,2025-01-16 12:56:01 +0000,2025-01-16 12:56:02 +0000,01482 427654,,TRUE,FALSE,FALSE,FALSE,,,,FALSE,10
Hull Vineyard Community Money Advice,"The Vineyard Centre, Vulcan Street",Hull,,HU6 7PS,53.7697,-0.337749,cma@hullvineyard.co.uk,http://www.hullvineyard.co.uk,,"Affiliated with Community Money Advice, we provide free, unconditional, face-to-face debt advice and support. Working to each person's needs we help them find freedom from debt and hope for the future.",TRUE,FALSE,FALSE,2025-01-16 12:56:02 +0000,2025-01-16 12:56:02 +0000,01482 337156,,TRUE,FALSE,FALSE,FALSE,,,,FALSE,10
Huntingdon Area Money Advice,83a High Street,Huntingdon,,PE29 3DP,52.3318,-0.185872,help@huntsmoneyadvice.co.uk,http://www.huntsmoneyadvice.co.uk,,"Affiliated with Community Money Advice, we provide free, unconditional, face-to-face debt advice and support. Working to each person's needs we help them find freedom from debt and hope for the future.",TRUE,FALSE,FALSE,2025-01-16 12:56:02 +0000,2025-01-16 12:56:03 +0000,01480 418866,,TRUE,FALSE,FALSE,FALSE,,,,FALSE,10
Jigsaw CMA Debt Centre,"Unit 10, Lime Tree Business Park, Lime Tree Road",Matlock,,DE4 3EJ,53.1683,-1.598,admin@jigsawcma.org,https://www.communitymoneyadvice.com/centre/jigsaw-cma-debt-centre-matlock,,"Affiliated with Community Money Advice, we provide free, unconditional, face-to-face debt advice and support. Working to each person's needs we help them find freedom from debt and hope for the future.",TRUE,FALSE,FALSE,2025-01-16 12:56:03 +0000,2025-01-16 12:56:03 +0000,07585 560100,,TRUE,FALSE,FALSE,FALSE,,,,FALSE,10
Jubilee Debt Advice Centre,"New Life Baptist Church, 52-54 High Street",Northallerton,,DL7 8EG,54.3424,-1.43593,help@jubilee.team,http://www.nlbc.org.uk/jubilee,,"Affiliated with Community Money Advice, we provide free, unconditional, face-to-face debt advice and support. Working to each person's needs we help them find freedom from debt and hope for the future.",TRUE,FALSE,FALSE,2025-01-16 12:56:04 +0000,2025-01-16 12:56:04 +0000,07719 852330,,TRUE,FALSE,FALSE,FALSE,,,,FALSE,10
Junction 5 Money Advice,"Life Church Centre, Elms Road",Hook,,RG27 9DX,51.2836,-0.963345,advisers@junction5.org,http://www.junction5.org.uk,,"Affiliated with Community Money Advice, we provide free, unconditional, face-to-face debt advice and support. Working to each person's needs we help them find freedom from debt and hope for the future.",TRUE,FALSE,FALSE,2025-01-16 12:56:04 +0000,2025-01-16 12:56:04 +0000,01256 769953,,TRUE,FALSE,FALSE,FALSE,,,,FALSE,10
Kings Money Advice Centre,"c/o St Stephen's Church, 90 Alton Gardens, Prittlewell",Southend-on-Sea,,SS2 6QZ,51.5635,0.699131,connect@kmacsouthend.uk,http://www.kmacsouthend.uk,,"Affiliated with Community Money Advice, we provide free, unconditional, face-to-face debt advice and support. Working to each person's needs we help them find freedom from debt and hope for the future.",TRUE,FALSE,FALSE,2025-01-16 12:56:05 +0000,2025-01-16 12:56:05 +0000,01702 522197,,TRUE,FALSE,FALSE,FALSE,,,,FALSE,10
King's Money Advice Centre,"The King's Centre, 33-35 Victoria Road",Burgess Hill,,RH15 9LR,50.9546,-0.14499,moneyadvice@tkc.org.uk,,,"Affiliated with Community Money Advice, we provide free, unconditional, face-to-face debt advice and support. Working to each person's needs we help them find freedom from debt and hope for the future.",TRUE,FALSE,FALSE,2025-01-16 12:56:05 +0000,2025-01-16 12:56:06 +0000,01444 232444,,TRUE,FALSE,FALSE,FALSE,,,,FALSE,10
KingsGate Community Money Advice Connect Centre,"c/o KingsGate, 2 Staplee Way",Peterborough,,PE1 4YT,52.5864,-0.225247,debtadvice@kingsgate.church,http://www.kingsgate.church/debtadvice,,"Affiliated with Community Money Advice, we provide free, unconditional, face-to-face debt advice and support. Working to each person's needs we help them find freedom from debt and hope for the future.",TRUE,FALSE,FALSE,2025-01-16 12:56:06 +0000,2025-01-16 12:56:06 +0000,07376 598855,,TRUE,FALSE,FALSE,FALSE,,,,FALSE,10
LIFE Centre Debt Advice,"The Upper Room, Bellmark House, 18a Market Street",Stourbridge,,DY8 1AD,52.4568,-2.14782,info@lifecentredebtadvice.org.uk,http://www.lifecentredebtadvice.org.uk,,"Affiliated with Community Money Advice, we provide free, unconditional, face-to-face debt advice and support. Working to each person's needs we help them find freedom from debt and hope for the future.",TRUE,FALSE,FALSE,2025-01-16 12:56:07 +0000,2025-01-16 12:56:07 +0000,7519741637,,TRUE,FALSE,FALSE,FALSE,,,,FALSE,10
Lighthouse Money Advice,"Unit S6 b/c, Middleton Shopping Centre, Limetrees Road",Middleton,,M24 4EL,53.5483,-2.20105,hellolma@lighthouseproject.org.uk,http://www.lighthouseproject.org.uk,,"Affiliated with Community Money Advice, we provide free, unconditional, face-to-face debt advice and support. Working to each person's needs we help them find freedom from debt and hope for the future.",TRUE,FALSE,FALSE,2025-01-16 12:56:08 +0000,2025-01-16 12:56:08 +0000,0161 537 2222,,TRUE,FALSE,FALSE,FALSE,,,,FALSE,10
Money Advice St Neots,PO Box 343,St Neots,,PE19 9HH,52.2548,-0.217307,help@mast.support,www.mast.support,,"Affiliated with Community Money Advice, we provide free, unconditional, face-to-face debt advice and support. Working to each person's needs we help them find freedom from debt and hope for the future.",TRUE,FALSE,FALSE,2025-01-16 12:56:09 +0000,2025-01-16 12:56:09 +0000,01480 260234,,TRUE,FALSE,FALSE,FALSE,,,,FALSE,10
Luton Salvation Army Debt Advice Service,1 Vicarage Street,Luton,,LU1 3HZ,51.8771,-0.409682,lutondas@salvationarmy.org.uk,,,"Affiliated with Community Money Advice, we provide free, unconditional, face-to-face debt advice and support. Working to each person's needs we help them find freedom from debt and hope for the future.",TRUE,FALSE,FALSE,2025-01-16 12:56:09 +0000,2025-01-16 12:56:09 +0000,01582 343699,,TRUE,FALSE,FALSE,FALSE,,,,FALSE,10
Melton and District Money Advice Centre,"The Fox, 9 Leicester Street",Melton Mowbray,,LE13 0PP,52.7642,-0.887976,help@madmacmoney.co.uk,http://www.madmacmoney.co.uk,,"Affiliated with Community Money Advice, we provide free, unconditional, face-to-face debt advice and support. Working to each person's needs we help them find freedom from debt and hope for the future.",TRUE,FALSE,FALSE,2025-01-16 12:56:10 +0000,2025-01-16 12:56:11 +0000,07775 942046,,TRUE,FALSE,FALSE,FALSE,,,,FALSE,10
Middlesbrough Salvation Army Debt Advice Service,2 Southfield Road,Middlesbrough,,TS1 3BZ,54.5708,-1.23411,middlesbroughdas@salvationarmy.org.uk,,,"Affiliated with Community Money Advice, we provide free, unconditional, face-to-face debt advice and support. Working to the needs of each person, we help them find freedom from debt and hope for the future",TRUE,FALSE,FALSE,2025-01-16 12:56:11 +0000,2025-01-16 12:56:11 +0000,01642 205429,,TRUE,FALSE,FALSE,FALSE,,,,FALSE,10
MK Money Lifeline,"Acorn House, 391 Midsummer Boulevard",Milton Keynes,,MK9 3HP,52.0396,-0.763016,office@mkmoneylifeline.org.uk,http://www.mkmoneylifeline.org.uk,,"Affiliated with Community Money Advice, we provide free, unconditional, face-to-face debt advice and support. Working to each person's needs we help them find freedom from debt and hope for the future.",TRUE,FALSE,FALSE,2025-01-16 12:56:11 +0000,2025-01-16 12:56:12 +0000,0300 1235198,,TRUE,FALSE,FALSE,FALSE,,,,FALSE,10
Money Lifeline,"The Sarum Hill Centre, Sarum Hill",Basingstoke,,RG21 8SR,51.2627,-1.09134,moneylifelinebasingstoke@gmail.com,http://www.moneylifeline.org,,"Affiliated with Community Money Advice, we provide free, unconditional, face-to-face debt advice and support. Working to each person's needs we help them find freedom from debt and hope for the future.",TRUE,FALSE,FALSE,2025-01-16 12:56:12 +0000,2025-01-16 12:56:12 +0000,07954 040961,,TRUE,FALSE,FALSE,FALSE,,,,FALSE,10
Money Matters,"Saltbox Christian Centre, Bemersley House, Gitana Street, Hanley",Stoke-on-Trent,,ST1 1DY,53.0253,-2.17832,money@saltbox.org.uk,http://www.saltbox.org.uk/money-matters,,"Affiliated with Community Money Advice, we provide free, unconditional, face-to-face debt advice and support. Working to each persons needs we help them find freedom from debt and hope for the future.",TRUE,FALSE,FALSE,2025-01-16 12:56:13 +0000,2025-01-16 12:56:13 +0000,01782 470890 / 07880 795304,,TRUE,FALSE,FALSE,FALSE,,,,FALSE,10
Money Matters - Trinity Cheltenham,"Trinity House, 100-102 Winchcombe Street",Cheltenham,,GL52 2NW,51.9031,-2.07101,moneymatters@trinitycheltenham.com,http://www.trinitycheltenham.com/money-matters,,"Affiliated with Community Money Advice, we provide free, unconditional, face-to-face debt advice and support. Working to each person's needs we help them find freedom from debt and hope for the future.",TRUE,FALSE,FALSE,2025-01-16 12:56:13 +0000,2025-01-16 12:56:13 +0000,01242 808946,,TRUE,FALSE,FALSE,FALSE,,,,FALSE,10
Narthex Centre,"Narthex Sparkhill, St John's Church, St Johns Road",Birmingham,,B11 4RG,52.454,-1.86569,rajna@narthex.org.uk,http://www.narthex.org.uk,,"Affiliated with Community Money Advice, we provide free, unconditional, face-to-face debt advice and support. Working to each person's needs we help them find freedom from debt and hope for the future.",TRUE,FALSE,FALSE,2025-01-16 12:56:14 +0000,2025-01-16 12:56:14 +0000,0121 753 1959,,TRUE,FALSE,FALSE,FALSE,,,,FALSE,10
New Start Debt Advice Centre,"C/o Thornbury Baptist Church, Gillingstool, Thornbury",Bristol,,BS35 2EG,51.6076,-2.52135,info@newstartdebtadvice.org.uk,http://www.newstartdebtadvice.org.uk/,,"Affiliated with Community Money Advice, we provide free, unconditional, face-to-face debt advice and support. Working to each person's needs we help them find freedom from debt and hope for the future.",TRUE,FALSE,FALSE,2025-01-16 12:56:14 +0000,2025-01-16 12:56:14 +0000,01454 419118 / 0800 028 4170,,TRUE,FALSE,FALSE,FALSE,,,,FALSE,10
NewStarts Community Money Advice,"Money Mentors at No.4, 4 Arden Road",Bromsgrove,,B45 0JA,52.3193,-2.05863,katie@newstarts.org.uk,http://www.newstarts.org.uk,,"Affiliated with Community Money Advice, we provide free, unconditional, face-to-face debt advice and support. Working to each person's needs we help them find freedom from debt and hope for the future.",TRUE,FALSE,FALSE,2025-01-16 12:56:15 +0000,2025-01-16 12:56:15 +0000,01527 882410,,TRUE,FALSE,FALSE,FALSE,,,,FALSE,10
Noah's Ark Money Advice Service,322-326 Ovenden Road,Halifax,,HX3 5TJ,53.7421,-1.87737,debt@noahsarkcentre.org.uk,http://www.noahsarkcentre.org.uk,,"Affiliated with Community Money Advice, we provide free, unconditional, face-to-face debt advice and support. Working to each person's needs we help them find freedom from debt and hope for the future.",TRUE,FALSE,FALSE,2025-01-16 12:56:15 +0000,2025-01-16 12:56:16 +0000,01422 364664,,TRUE,FALSE,FALSE,FALSE,,,,FALSE,10
Norris Green Debt Advice,"Christ Church Community Centre, 40 Sedgemoor Rd Norris Green",Liverpool,,L11 3BR,53.4482,-2.92663,debtadvice@triplecliverpool.org,,,"Affiliated with Community Money Advice, we provide free, unconditional, face-to-face debt advice and support. Working to each person's needs we help them find freedom from debt and hope for the future.
drop in is 10am - 1pm every Wednesday, check facebook.com/tripleCLiv for updates",TRUE,FALSE,FALSE,2025-01-16 12:56:16 +0000,2025-01-16 12:56:16 +0000,0151 270 1688,,TRUE,FALSE,FALSE,FALSE,,,,FALSE,10
North Kesteven District & City of Lincoln Joint Money Advice Service,"City of Lincoln, City Hall, Beaumont Fee",Lincoln,,LN1 1DD,53.231,-0.543561,welfare@lincoln.gov.uk,https://www.lincoln.gov.uk/benefits/benefits-money-advice,,"Affiliated with Community Money Advice, we provide free, unconditional, face-to-face debt advice and support. Working to each person's needs we help them find freedom from debt and hope for the future.",TRUE,FALSE,FALSE,2025-01-16 12:56:16 +0000,2025-01-16 12:56:17 +0000,01522 873382,,TRUE,FALSE,FALSE,FALSE,,,,FALSE,10
North Kesteven District & City of Lincoln Joint Money Advice Service (Link Money Advice),"North Kesteven District Council, Kesteven Street",Sleaford,,NG34 7EF,52.9997,-0.405703,welfare@lincoln.gov.uk,https://www.lincoln.gov.uk/benefits,,"Affiliated with Community Money Advice, we provide free, unconditional, face-to-face debt advice and support. Working to each person's needs we help them find freedom from debt and hope for the future.",TRUE,FALSE,FALSE,2025-01-16 12:56:17 +0000,2025-01-16 12:56:17 +0000,01522 873382,,TRUE,FALSE,FALSE,FALSE,,,,FALSE,10
Oak Grove Community  Money Advice,70 Catton Grove Road,Norwich,,NR3 3NT,52.6521,1.29285,moneyadvice@oakgrovecommunitychurch.co.uk,http://www.oakgrovecommunitychurch.co.uk/money-advice,,"Affiliated with Community Money Advice, we provide free, unconditional, face-to-face debt advice and support. Working to each person's needs we help them find freedom from debt and hope for the future.",TRUE,FALSE,FALSE,2025-01-16 12:56:18 +0000,2025-01-16 12:56:18 +0000,01603 403388 / 07496 047448,,TRUE,FALSE,FALSE,FALSE,,,,FALSE,10
Oasis Debt Advice Waterloo,1a Kennington Road,London,,SE1 7QP,51.4982,-0.111912,debtadvice@oasiswaterloo.org,http://www.oasiswaterloo.org/debt-advice/,,"Affiliated with Community Money Advice, we provide free, unconditional, face-to-face debt advice and support. Working to each person's needs we help them find freedom from debt and hope for the future.",TRUE,FALSE,FALSE,2025-01-16 12:56:18 +0000,2025-01-16 12:56:18 +0000,0207 921 4205,,TRUE,FALSE,FALSE,FALSE,,,,FALSE,10
Penk Moneywise,"Penkridge Methodist Church, Clay Street, Penkridge",Stafford,,ST19 5AF,52.7245,-2.11566,mail@penkmoneywise.org.uk,,,"Affiliated with Community Money Advice, we provide free, unconditional, face-to-face debt advice and support. Working to each person's needs we help them find freedom from debt and hope for the future.",TRUE,FALSE,FALSE,2025-01-16 12:56:19 +0000,2025-01-16 12:56:19 +0000,07506 577996,,TRUE,FALSE,FALSE,FALSE,,,,FALSE,10
Positive Action in Housing - CMA Connect Centre,98 West George Street,Glasgow,,G2 1PJ,55.8624,-4.25519,,,,"Affiliated with Community Money Advice, we provide free, unconditional, face-to-face debt advice and support. Working to the needs of each person, we help them find freedom from debt and hope for the future",TRUE,FALSE,FALSE,2025-01-16 12:56:20 +0000,2025-01-16 12:56:20 +0000,0141 3532220,,TRUE,FALSE,FALSE,FALSE,,,,FALSE,10
Powys County Council Money Advice Team,"The Gwalia, Ithon Road",Llandrindod Wells,,LD1 6AA,52.2398,-3.38268,wrteam@powys.gov.uk,https://en.powys.gov.uk/moneyadvice,,"Affiliated with Community Money Advice, we provide free, unconditional, face-to-face debt advice and support. Working to each person's needs we help them find freedom from debt and hope for the future.",TRUE,FALSE,FALSE,2025-01-16 12:56:20 +0000,2025-01-16 12:56:20 +0000,01597 826618,,TRUE,FALSE,FALSE,FALSE,,,,FALSE,10
Rainbow Money,"Parish House, Castle Road",Scarborough,,YO11 1TH,54.2862,-0.39799,moneyadvice@therainbowcentre.org,http://www.therainbowcentre.org,,"Affiliated with Community Money Advice, we provide free, unconditional, face-to-face debt advice and support. Working to each person's needs we help them find freedom from debt and hope for the future.",TRUE,FALSE,FALSE,2025-01-16 12:56:21 +0000,2025-01-16 12:56:21 +0000,01723 500568,,TRUE,FALSE,FALSE,FALSE,,,,FALSE,10
REACH Money Advice,"Room 1, Wisdom Facilities Centre, 42 Hollands Road",Haverhill,,CB9 8SA,52.0769,0.440851,info@reachhaverhill.org.uk,https://www.reachhaverhill.org.uk,,"Affiliated with Community Money Advice, we provide free, unconditional, face-to-face debt advice and support. Working to each person's needs we help them find freedom from debt and hope for the future.",TRUE,FALSE,FALSE,2025-01-16 12:56:22 +0000,2025-01-16 12:56:22 +0000,0800 009 6710,,TRUE,FALSE,FALSE,FALSE,,,,FALSE,10
Riverside Money Advice,"Riverside House, 21 Alcester Road, Moseley",Birmingham,,B13 8AR,52.4536,-1.88733,info@riverside-moneyadvice.org.uk,http://www.riverside-moneyadvice.org.uk,,"Affiliated with Community Money Advice, we provide free, unconditional, face-to-face debt advice and support. Working to each person's needs we help them find freedom from debt and hope for the future.",TRUE,FALSE,FALSE,2025-01-16 12:56:22 +0000,2025-01-16 12:56:23 +0000,0808 196 8778,,TRUE,FALSE,FALSE,FALSE,,,,FALSE,10
Sidcup Debt Advice,24 Station Road,Sidcup,,DA15 7DU,51.4315,0.102573,sidcupda@gmail.com,,,"Affiliated with Community Money Advice, we provide free, unconditional, face-to-face debt advice and support. Working to each person's needs we help them find freedom from debt and hope for the future.",TRUE,FALSE,FALSE,2025-01-16 12:56:24 +0000,2025-01-16 12:56:24 +0000,0208 2698621,,TRUE,FALSE,FALSE,FALSE,,,,FALSE,10
Soar Valley CMA,"4 Meadow Road, Mountsorrel",Leicestershire,,LE12 7HN,52.7163,-1.14305,soarvalleycma@gmail.com,http://www.soarvalleyoutreach.org.uk,,"Affiliated with Community Money Advice, we provide free, unconditional, face-to-face debt advice and support. Working to each person's needs we help them find freedom from debt and hope for the future.",TRUE,FALSE,FALSE,2025-01-16 12:56:24 +0000,2025-01-16 12:56:24 +0000,0774 3765958,,TRUE,FALSE,FALSE,FALSE,,,,FALSE,10
Hereford CMA,PO Box 508,Hereford,,HR1 9WT,52.0417,-2.71639,bellacmahereford@icloud.com,http://www.hereford-cma.co.uk,,"Affiliated with Community Money Advice, we provide free, unconditional, face-to-face debt advice and support. Working to each person's needs we help them find freedom from debt and hope for the future.",TRUE,FALSE,FALSE,2025-01-16 12:56:25 +0000,2025-01-16 12:56:25 +0000,01432 357700,,TRUE,FALSE,FALSE,FALSE,,,,FALSE,10
Southport Community Money Advice,"Compassion Acts, Victoria Centre, 197A Sussex Road",Southport,,PR8 6DG,53.6428,-2.9763,debtadvice@compassionacts.uk,www.compassionacts.uk,,"Affiliated with Community Money Advice, we provide free, unconditional, face-to-face debt advice and support. Working to each person's needs we help them find freedom from debt and hope for the future.",TRUE,FALSE,FALSE,2025-01-16 12:56:25 +0000,2025-01-16 12:56:25 +0000,01704 264505 / 07526 897384,,TRUE,FALSE,FALSE,FALSE,,,,FALSE,10
Springs Church Debt Advice,"Zoar Chapel, Lower Gornal, Abbey Road",Dudley,,DY3 2PG,52.518,-2.12779,,http://www.springschurch.co.uk,,"Affiliated with Community Money Advice, we provide free, unconditional, face-to-face debt advice and support. Working to each person's needs we help them find freedom from debt and hope for the future.",TRUE,FALSE,FALSE,2025-01-16 12:56:26 +0000,2025-01-16 12:56:26 +0000,01384 624113,,TRUE,FALSE,FALSE,FALSE,,,,FALSE,10
St Andrews Debt Advice,"Clubmoor Community Centre, 16 Larkhill Lane, Clubmoor",Liverpool,,L13 9BR,53.4337,-2.93209,moneyteam@standrewslive.org.uk,http://www.standrewslive.org.uk/financial-resilience,,"Affiliated with Community Money Advice, we provide free, unconditional, face-to-face debt advice and support. Working to each person's needs we help them find freedom from debt and hope for the future.",TRUE,FALSE,FALSE,2025-01-16 12:56:26 +0000,2025-01-16 12:56:26 +0000,01512 263 406,,TRUE,FALSE,FALSE,FALSE,,,,FALSE,10
St Mark's Debt Advice Centre,"Hawthorn House, Hawthorn Rd, Lache",Chester,,CH4 8HX,53.178,-2.91639,debtadvice@stmarkssaltney.org.uk,http://www.stmarkssaltney.org.uk,,"Affiliated with Community Money Advice, we provide free, unconditional, face-to-face debt advice and support. Working to each person's needs we help them find freedom from debt and hope for the future.",TRUE,FALSE,FALSE,2025-01-16 12:56:27 +0000,2025-01-16 12:56:27 +0000,07473 952835,,TRUE,FALSE,FALSE,FALSE,,,,FALSE,10
St Mary's Community Money Advice,"St Mary's Community Centre, Bramall Lane,",Sheffield,,S2 4QZ,53.3725,-1.4717,cma@stmarys-church.co.uk,http://www.stmarys-church.co.uk,,"Affiliated with Community Money Advice, we provide free, unconditional, face-to-face debt advice and support. Working to each person's needs we help them find freedom from debt and hope for the future.",TRUE,FALSE,FALSE,2025-01-16 12:56:27 +0000,2025-01-16 12:56:28 +0000,0114 2230223,,TRUE,FALSE,FALSE,FALSE,,,,FALSE,10
Step Forward Money Advice,"Trent Vineyard, Lenton Lane",Nottingham,,NG7 2PX,52.9421,-1.17164,money@stepforward.org.uk,http://www.trentcompassion.org,,"Affiliated with Community Money Advice, we provide free, unconditional, face-to-face debt advice and support. Working to each person's needs we help them find freedom from debt and hope for the future.",TRUE,FALSE,FALSE,2025-01-16 12:56:29 +0000,2025-01-16 12:56:29 +0000,0115 988 7069,,TRUE,FALSE,FALSE,FALSE,,,,FALSE,10
Taunton Area Debt Advice,"St Mary's House, Magdalene Street",Taunton,,TA1 1SB,51.0154,-3.1003,admin@tada.org.uk,www.tada.org.uk,,"Affiliated with Community Money Advice, we provide free, unconditional, face-to-face debt advice and support. Working to each person's needs we help them find freedom from debt and hope for the future.",TRUE,FALSE,FALSE,2025-01-16 12:56:30 +0000,2025-01-16 12:56:30 +0000,07921 526087,,TRUE,FALSE,FALSE,FALSE,,,,FALSE,10
The Bridge Money Advice Centre,2 Burrel Road,St Ives,,PE27 3LE,52.3385,-0.0652294,debtadvice@thebridgechurch.co.uk,http://www.thebridgechurch.co.uk,,"Affiliated with Community Money Advice, we provide free, unconditional, face-to-face debt advice and support. Working to each person's needs we help them find freedom from debt and hope for the future.",TRUE,FALSE,FALSE,2025-01-16 12:56:30 +0000,2025-01-16 12:56:30 +0000,01480 498802,,TRUE,FALSE,FALSE,FALSE,,,,FALSE,10
The Crossway,"77-79 Vivian Road, Harborne",Birmingham,,B17 0DT,52.4575,-1.95177,debtsupport@thecrossway.org.uk,http://www.thecrossway.org.uk,,"Affiliated with Community Money Advice, we provide free, unconditional, face-to-face debt advice and support. Working to each person's needs we help them find freedom from debt and hope for the future.",TRUE,FALSE,FALSE,2025-01-16 12:56:31 +0000,2025-01-16 12:56:31 +0000,07546 580565,,TRUE,FALSE,FALSE,FALSE,,,,FALSE,10
The Oaks Money Advice Centre,"The Oaks, Oakenhurst Road",Blackburn,,BB2 1SN,53.7465,-2.49318,theoaksmac@blackburn.foodbank.org.uk,http://www.blackburn.foodbank.org.uk,,"Affiliated with Community Money Advice, we provide free, unconditional, face-to-face debt advice and support. Working to each person's needs we help them find freedom from debt and hope for the future.",TRUE,FALSE,FALSE,2025-01-16 12:56:31 +0000,2025-01-16 12:56:31 +0000,07803 513767,,TRUE,FALSE,FALSE,FALSE,,,,FALSE,10
Trowbridge Debt Advice Service,55 Stallard Street,Trowbridge,,BA14 8HH,51.3203,-2.21205,enquiries@trowbridgedas.org,,,"Affiliated with Community Money Advice, we provide free, unconditional, face-to-face debt advice and support. Working to each person's needs we help them find freedom from debt and hope for the future.",TRUE,FALSE,FALSE,2025-01-16 12:56:32 +0000,2025-01-16 12:56:32 +0000,01225 777865,,TRUE,FALSE,FALSE,FALSE,,,,FALSE,10
Tulse Hill Community Advice,49 Trinity Rise,London,,SW2 2QP,51.4453,-0.107979,thcommunityadvice@gmail.com,http://www.htth.org.uk,,"Affiliated with Community Money Advice, we provide free, unconditional, face-to-face debt advice and support. Working to each person's needs we help them find freedom from debt and hope for the future.",TRUE,FALSE,FALSE,2025-01-16 12:56:32 +0000,2025-01-16 12:56:32 +0000,07938 654854,,TRUE,FALSE,FALSE,FALSE,,,,FALSE,10
West Lancashire Debt Advice,"Emmanuel Methodist United Reform Church, Derby Street",Ormskirk,,L39 2DE,53.5679,-2.8789,debtadvice@wlda.org.uk,https://wlda.org.uk/,,"Affiliated with Community Money Advice, we provide free, unconditional, face-to-face debt advice and support. Working to each person's needs we help them find freedom from debt and hope for the future.",TRUE,FALSE,FALSE,2025-01-16 12:56:33 +0000,2025-01-16 12:56:34 +0000,07731 482120,,TRUE,FALSE,FALSE,FALSE,,,,FALSE,10
Wrekin Debt Advice,"Colliers Way, Old Park",Telford,,TF3 4AW,52.6805,-2.45996,DebtAdvice@wrekin.com,https://www.wrekinhousingtrust.org.uk/Pages/Your-Money/debt,,"Our services are for tenants of The Wrekin Housing Group Wrekin Debt Advice Colliers Way, Old Park, Telford, TF3 4AW
01952 217251
debtadvice@wrekin.com
https://www.wrekin.com/Pages/money-matters-advice/help-with-debts-

Affiliated with Community Money Advice, we provide a tailored service to suit the needs of our clients. Our services are only available to anyone who is a tenant of The Wrekin Housing Group.",TRUE,FALSE,FALSE,2025-01-16 12:56:35 +0000,2025-01-16 12:56:35 +0000,01952 217251,,TRUE,FALSE,FALSE,FALSE,,,,FALSE,10
Prestatyn and Meliden Community Money Advice,"Prestatyn and Meliden Foodbank, 200 Victoria Road",Prestatyn,,LL19 7TL,53.3358,-3.42367,rob@prestatynmelidencma.org,https://prestatynmeliden.foodbank.org.uk,,"Affiliated with Community Money Advice, we provide free, unconditional, face-to-face debt advice and support. Working to each person's needs we help them find freedom from debt and hope for the future.",TRUE,FALSE,FALSE,2025-01-16 12:56:37 +0000,2025-01-16 12:56:37 +0000,07831 805045,,TRUE,FALSE,FALSE,FALSE,,,,FALSE,10
CMA S2 Foodbank,"St Swithun's Church, Cary Road, Manor",Sheffield,,S2 1JP,53.3662,-1.42882,debt.s2foodbank@gmail.com,http://www.s2foodbank.org.uk,,"Affiliated with Community Money Advice, we provide free, unconditional, face-to-face debt advice and support. Working to each person's needs we help them find freedom from debt and hope for the future.",TRUE,FALSE,FALSE,2025-01-16 12:56:38 +0000,2025-01-16 12:56:38 +0000,07804 406267,,TRUE,FALSE,FALSE,FALSE,,,,FALSE,10
Lisburn CMA Connect,Unit 1-3 Graham Gardens,Lisburn,,BT28 1XE,54.5115,-6.04607,katrina@lcccommunitytrust.org,http://www.lcccommunitytrust.org,,"Affiliated with Community Money Advice, we provide free, unconditional, face-to-face debt advice and support. Working to each person's needs we help them find freedom from debt and hope for the future.",TRUE,FALSE,FALSE,2025-01-16 12:56:38 +0000,2025-01-16 12:56:38 +0000,07756 965868,,TRUE,FALSE,FALSE,FALSE,,,,FALSE,10
Jeremiah CMA Debt Advice,"The Well, Trafford Street, Farnworth",Bolton,,BL4 7PQ,53.5515,-2.3945,dilini@farnworthbaptist.org.uk,http://farnworthbaptist.org.uk,,"Affiliated with Community Money Advice, we provide free, unconditional, face-to-face debt advice and support. Working to each person's needs we help them find freedom from debt and hope for the future.",TRUE,FALSE,FALSE,2025-01-16 12:56:39 +0000,2025-01-16 12:56:39 +0000,01204 861671 / 07539 781775,,TRUE,FALSE,FALSE,FALSE,,,,FALSE,10
I Can Do That! CMA Centre CIC,"1-2 Castle Circus House, 136 Union Street",Torquay,,TQ2 5QG,50.4678,-3.53192,info@icandothat.co,http://www.icandothat.co,,"Affiliated with Community Money Advice, we provide free, unconditional, face-to-face debt advice and support. Working to each person's needs we help them find freedom from debt and hope for the future.",TRUE,FALSE,FALSE,2025-01-16 12:56:39 +0000,2025-01-16 12:56:39 +0000,01803 201332,,TRUE,FALSE,FALSE,FALSE,,,,FALSE,10
Lifeline Money Advice,"Brook Street Community Centre, 1 Brook Street, ",Tipton,,DY4 9DD,52.5403,-2.06133,admin@lifeincommunity.org.uk,http://www.lifeincommunity.org.uk,,"Affiliated with Community Money Advice, we provide free, unconditional, face-to-face debt advice and support. Working to each person's needs we help them find freedom from debt and hope for the future.",TRUE,FALSE,FALSE,2025-01-16 12:56:40 +0000,2025-01-16 12:56:40 +0000,07752 659257,,TRUE,FALSE,FALSE,FALSE,,,,FALSE,10
Riviera Life CMA Debt Advice Centre,"527 Babbacombe Rd,",Torquay,,TQ1 1HG,50.4629,-3.51796,debtadvice@rivieralife.co.uk,,,"Affiliated with Community Money Advice, we provide free, unconditional, face-to-face debt advice and support. Working to each person's needs we help them find freedom from debt and hope for the future.",TRUE,FALSE,FALSE,2025-01-16 12:56:40 +0000,2025-01-16 12:56:41 +0000,07895 789285,,TRUE,FALSE,FALSE,FALSE,,,,FALSE,10
St Austell Foodbank Community Money Advice Connect Centre,"Light & Life Centre, Brunel Business Park,",St Austell,,PL25 4TJ,50.3392,-4.7807,debtadvice@staustell.foodbank.org.uk,http://www.lightandlifestaustell.co.uk,,"Affiliated with Community Money Advice, we provide free, unconditional, face-to-face debt advice and support. Working to each person's needs we help them find freedom from debt and hope for the future.",TRUE,FALSE,FALSE,2025-01-16 12:58:50 +0000,2025-01-16 12:58:50 +0000,01726 65313,,TRUE,FALSE,FALSE,FALSE,,,,FALSE,10
Colchester CMA Debt Centre,"The C3 Church, Ypres Road",Colchester,,CO2 7UW,51.8775,0.898604,hello@colchestercmadebtcentre.co.uk,http://colchesterdebtcentre.co.uk,,"Affiliated with Community Money Advice, we provide free, unconditional, face-to-face debt advice and support. Working to each person's needs we help them find freedom from debt and hope for the future.",TRUE,FALSE,FALSE,2025-01-16 12:58:50 +0000,2025-01-16 12:58:50 +0000,0300 102 4478,,TRUE,FALSE,FALSE,FALSE,,,,FALSE,10
Bradley Money Advice,"St Martin's Church, Slater Street, Bradley",Bilston,,WV14 8PF,52.557,-2.06956,info@lifecentredebtadvice.org.uk,http://www.lifecentredebtadvice.org.uk,,"Affiliated with Community Money Advice, we provide free, unconditional, face-to-face debt advice and support. Working to each person's needs we help them find freedom from debt and hope for the future.",TRUE,FALSE,FALSE,2025-01-16 12:58:51 +0000,2025-01-16 12:58:51 +0000,01384 739757,,TRUE,FALSE,FALSE,FALSE,,,,FALSE,10
CMA Debt Centre Greenwich,"C/o New Leaf Advice Centre, 124a Blaker Court, Charlton",London,,SE7 7EU,,,hello@debtcentregreenwich.com,http://www.debtcentregreenwich.com,,"Affiliated with Community Money Advice, we provide free, unconditional, face-to-face debt advice and support. Working to each person's needs we help them find freedom from debt and hope for the future.",TRUE,FALSE,FALSE,2025-01-16 13:03:44 +0000,2025-01-16 13:03:44 +0000,07738 777007,,TRUE,FALSE,FALSE,FALSE,,,,FALSE,10
CMA Connect Myrtle House,"Myrtle House, Elim Pentecostal Church, 22 Myrtle Terrace",Llanelli,,SA15 1LH,51.6799,-4.15492,,llanelli.foodbank.org.uk / myrtle house.org.uk,,"Affiliated with Community Money Advice, we provide free, unconditional, face-to-face debt advice and support. Working to each person's needs we help them find freedom from debt and hope for the future.",TRUE,FALSE,FALSE,2025-01-16 13:03:44 +0000,2025-01-16 13:03:44 +0000,01554 756051,,TRUE,FALSE,FALSE,FALSE,,,,FALSE,10
Coastal Community Money Advice Connect,"Widdy Welcomes, 2 Grange Road",Widdrington,,NE61 5LX,55.2403,-1.62052,,,,"Affiliated with Community Money Advice, we provide free, unconditional, face-to-face debt advice and support. Working to each person's needs we help them find freedom from debt and hope for the future.",TRUE,FALSE,FALSE,2025-01-16 13:03:45 +0000,2025-01-16 13:03:46 +0000,,,TRUE,FALSE,FALSE,FALSE,,,,FALSE,10
Liberty Community Money Advice,"Liberty Tea Rooms, 12 Bank Court",Hemel Hempstead,Hertfordshire,HP1 1BS,51.7494,-0.473453,moneyhelp@libertytearooms.co.uk,http://www.libertytearooms.co.uk,,"Affiliated with Community Money Advice, we provide free, unconditional, face-to-face debt advice and support. Working to each person's needs we help them find freedom from debt and hope for the future.",TRUE,FALSE,FALSE,2025-01-16 13:03:46 +0000,2025-01-16 13:03:46 +0000,07395 071418,,TRUE,FALSE,FALSE,FALSE,,,,FALSE,10
CMA Living Well Bromley,66 Lennard Road,London,,SE20 7LX,51.4189,-0.0497547,cmadebt@livingwell.life,http://www.livingwell.life,,"Affiliated with Community Money Advice, we provide free, unconditional, face-to-face debt advice and support. Working to each person's needs we help them find freedom from debt and hope for the future.",TRUE,FALSE,FALSE,2025-01-16 13:03:47 +0000,2025-01-16 13:03:47 +0000,020 8659 8991,,TRUE,FALSE,FALSE,FALSE,,,,FALSE,10
BeLifted Now CMA,"Burnt Oak Library, Watling Avenue",Edgware,,HA8 0UB,,,fanta@beliftednow.org,www.webeliftednow.com,,"Affiliated with Community Money Advice, we provide free, unconditional, face-to-face debt advice and support. Working to each person's needs we help them find freedom from debt and hope for the future.",,FALSE,FALSE,2025-01-16 13:03:47 +0001,2025-01-16 13:03:47 +0001,07435 569064,,TRUE,FALSE,FALSE,FALSE,,,,FALSE,10
Rochdale CMA Connect Centre,14-16 Newgate,Rochdale,,OL16 1BA,,,cmaconnect@rochdale.foodbank.org.uk,http://www.rochdale.foodbank.org/,,"Affiliated with Community Money Advice, we provide free, unconditional, face-to-face debt advice and support. Working to each person's needs we help them find freedom from debt and hope for the future.",TRUE,FALSE,FALSE,2025-01-16 13:03:47 +0002,2025-01-16 13:03:47 +0002,0300 1021646,,TRUE,FALSE,FALSE,FALSE,,,,FALSE,10
CMA Tweedside Debt Advice,"Gleneffock, Victoria Street",Coldstream,,TD12 4AD,,,contact@tweedsidedebtadvice.uk,www.tweedsidedebtadvice.uk,,"Affiliated with Community Money Advice, we provide free, unconditional, face-to-face debt advice and support. Working to each person's needs we help them find freedom from debt and hope for the future.",TRUE,FALSE,FALSE,2025-01-16 13:03:47 +0003,2025-01-16 13:03:47 +0003,07768 963603,,FALSE,FALSE,TRUE,FALSE,,,,FALSE,10
Norwich Community Money Advice Connect Centre,"The Church Office, The Chantry",Norwich,,NR2 1QZ,,,hello@ncmacc.org.uk,www.ncmacc.org.uk,,"Affiliated with Community Money Advice, we provide free, unconditional, face-to-face debt advice and support. Working to each person's needs we help them find freedom from debt and hope for the future.",TRUE,FALSE,FALSE,2025-01-16 13:03:47 +0004,2025-01-16 13:03:47 +0004,01603 509 609,,TRUE,FALSE,FALSE,FALSE,,,,FALSE,10
Southwell Community Money Advice,"Riverside Centre, King Street",Southwell,,NG25 0EN,,,cma@riversidechurch.org.uk,,,"Affiliated with Community Money Advice, we provide free, unconditional, face-to-face debt advice and support. Working to each person's needs we help them find freedom from debt and hope for the future.",TRUE,FALSE,FALSE,2025-01-16 13:03:47 +0005,2025-01-16 13:03:47 +0005,07356 053345,,TRUE,FALSE,FALSE,FALSE,,,,FALSE,10
The Ambulance Staff Charity CMA Connect,"12 Ensign Business Centre, Westwood Way",Coventry,,CV4 8JA,,,,www.tasc.org.uk,,By appointment Monday to Friday 9am-5pm,TRUE,FALSE,FALSE,2025-01-16 13:03:47 +0006,2025-01-16 13:03:47 +0006,024 7798 7922,,TRUE,FALSE,FALSE,FALSE,,,,FALSE,10
Centre 70,46 Knights Hill,London,London,SE27 0JD,51.4312,-0.104475,enquiries@centre70.org.uk,http://www.centre70.org.uk,,"Telephone advice also provided. Legal services offered: Housing, Debt. Firm closure - 17 December 2025",TRUE,FALSE,FALSE,2025-01-16 12:55:28 +0000,2025-01-16 12:55:29 +0000,020 8670 0070,,TRUE,FALSE,FALSE,FALSE,www.centre70.org.uk,,,FALSE,9
Community Advice and Law Service,"First Floor, Epic House, Charles Street",Leicester,Leicestershire,LE1 3SH,52.6379,-1.1304,enquiries@cals.uk,http://www.cals.uk.net,,Telephone advice provided,TRUE,FALSE,FALSE,2025-01-16 12:55:29 +0000,2025-01-16 12:55:29 +0000,0116 242 1120,,TRUE,FALSE,FALSE,FALSE,www.cals.uk.net,,,FALSE,9
Community Law Service Northampton & County - Main Office,49-53 Hazelwood Road,Northampton,,NN1 1LG,52.237,-0.89107,enquiries@communitylawservice.org.uk,http://www.communitylawservice.org.uk/offices.html,,For opening times please visit the website.,TRUE,FALSE,FALSE,2025-01-16 12:55:30 +0000,2025-01-16 12:55:30 +0000,(01604) 621038,,TRUE,FALSE,FALSE,FALSE,www.communitylawservice.org.uk,,,FALSE,9
Community Law Service Northampton & County - Rushden Office,32 High Street,Rushden,,NN10 0PH,52.29,-0.597242,rushden@communitylawservice.org.uk,http://www.communitylawservice.org.uk/offices.html,,For residents of East Northamptonshire. For opening times please visit the website.  Appointment only.,TRUE,FALSE,FALSE,2025-01-16 12:55:30 +0000,2025-01-16 12:55:30 +0000,(01933) 313020,,TRUE,FALSE,FALSE,FALSE,www.communitylawservice.org.uk,,,FALSE,9
Community Law Service Northampton & County - Wellingborough Office,123 Midland Road,Wellingborough,Northamptonshire,NN8 1LU,52.3012,-0.68708,wellingborough@communitylawservice.org.uk,http://www.communitylawservice.org.uk/offices.html,,For opening times please visit the website.,TRUE,FALSE,FALSE,2025-01-16 12:55:31 +0000,2025-01-16 12:55:31 +0000,(01933) 278248,,TRUE,FALSE,FALSE,FALSE,www.communitylawservice.org.uk,,,FALSE,9
Derbyshire Law Centre,1 Rose Hill East,Chesterfield,Derbyshire,S40 1NU,53.2367,-1.43179,dlc@derbyshirelawcentre.org.uk,http://www.derbyshirelawcentre.org.uk,,"Telephone advice also provided. Legal services offered: Employment, Immigration, Dispute Resolution, Housing, Debt, Community Care.",TRUE,FALSE,FALSE,2025-01-16 12:55:31 +0000,2025-01-16 12:55:31 +0000,01246 550674,,TRUE,FALSE,FALSE,FALSE,www.derbyshirelawcentre.org.uk,,,FALSE,9
Mary Ward Legal Centre,10 Great Turnstile,London,London,WC1V 7JU,51.5177,-0.115747,paula.twigg@marywardlegal.org.uk,http://www.marywardlegal.org.uk,,"Telephone advice also provided. Legal services offered: Welfare Benefits, Housing.",TRUE,FALSE,FALSE,2025-01-16 12:55:32 +0000,2025-01-16 12:55:32 +0000,020 7831 7079,,TRUE,FALSE,FALSE,FALSE,www.marywardlegal.org.uk,,,FALSE,9
South West London Law Centres,5th Floor Davis House,"Robert Street, Croydon",Surrey,CR0 1QQ,51.3711,-0.100016,enquiries@swllc.org,http://www.swllc.org,,"Telephone advice also provided. Legal services offered: Employment, Immigration, Housing, Community Care, Debt, Welfare rights, Public law.",TRUE,FALSE,FALSE,2025-01-16 12:55:32 +0000,2025-01-16 12:55:32 +0000,020 8767 2777,,TRUE,FALSE,FALSE,FALSE,www.swllc.org,,,FALSE,9
Youth Legal and Resource Centre,2A Stormont Road,London,London,SW11 5EN,51.4645,-0.156522,info@youthlegal.org.uk,https://www.youthlegal.org.uk,,No advice provided for Wales,TRUE,TRUE,FALSE,2025-01-16 12:55:33 +0000,2025-01-16 12:55:33 +0000,0203 195 1906,,TRUE,FALSE,FALSE,FALSE,www.youthlegal.org.uk,,,FALSE,9
National Debtline,,Birmingham,Birmingham,B16 8TP,52.4787,-1.93719,,https://www.nationaldebtline.org/EW/Pages/default.aspx,,National Debtline has helped millions of people with their debts. They'll talk you through options and give clear advice on how to take back control.,FALSE,TRUE,TRUE,2025-01-16 12:56:42 +0000,2025-01-16 12:56:42 +0000,0808 808 4000,,TRUE,FALSE,FALSE,FALSE,www.nationaldebtline.org,,,FALSE,
National Debtline,Birmingham,Birmingham,,B16 8TP,52.4787,-1.93719,,https://www.nationaldebtline.org/S/Pages/default.aspx,,National Debtline has helped millions of people with their debts. They'll talk you through options and give clear advice on how to take back control.,FALSE,TRUE,TRUE,2025-01-16 12:56:43 +0000,2025-01-16 12:56:43 +0000,0808 808 4000,,FALSE,FALSE,TRUE,FALSE,www.nationaldebtline.org,,,FALSE,
National Debtline,Birmingham,Birmingham,,B16 8TP,52.4787,-1.93719,,https://www.nationaldebtline.org/EW/Pages/default.aspx,,,FALSE,TRUE,TRUE,2025-01-16 12:56:43 +0000,2025-01-16 12:56:43 +0000,0808 808 4000,,FALSE,FALSE,FALSE,TRUE,www.nationaldebtline.org,Maer Llinell Ddyled Genedlaethol wedi helpu miliynau o bobl gydau dyledion. Fe fyddan nhwn trafod eich dewisiadau ac yn rhoi cyngor clir ar sut i gael pethau yn l dan reolaeth.,,FALSE,
StepChange Debt Charity,,Leeds,,LS2 8NG,53.8016,-1.54405,,http://www.stepchange.org/Contactus.aspx?utm_source=MAS&utm_medium=referral&utm_campaign=Debt_locator&utm_content=Link&domain=http://www.moneyadviceservice.org.uk&WT.mc_id=800999,,"Call the UK's leading debt charity. We help change the lives of thousands of people every week. Get free, confidential advice and practical solutions to help you deal with your debts.",FALSE,TRUE,TRUE,2025-01-16 12:58:48 +0000,2025-01-16 12:58:48 +0000,0800 138 1111,,TRUE,FALSE,FALSE,FALSE,www.stepchange.org,,,FALSE,
StepChange Debt Charity,,Leeds,,LS2 8NG,53.8016,-1.54405,,http://www.stepchange.org/Contactus.aspx?utm_source=MAS&utm_medium=referral&utm_campaign=Debt_locator&utm_content=Link&domain=http://www.moneyadviceservice.org.uk&WT.mc_id=800999,,"Call the UK's leading debt charity. We help change the lives of thousands of people every week. Get free, confidential advice and practical solutions to help you deal with your debts.",FALSE,TRUE,TRUE,2025-01-16 12:58:48 +0000,2025-01-16 12:58:48 +0000,0800 138 1111,,FALSE,TRUE,FALSE,FALSE,http://www.stepchange.org,,,FALSE,
StepChange Debt Charity,,Leeds,,LS2 8NG,53.8016,-1.54405,,http://www.stepchange.org/Contactus.aspx?utm_source=MAS&utm_medium=referral&utm_campaign=Debt_locator&utm_content=Link&domain=http://www.moneyadviceservice.org.uk&WT.mc_id=800999,,"Call the UK's leading debt charity. We help change the lives of thousands of people every week. Get free, confidential advice and practical solutions to help you deal with your debts.",FALSE,TRUE,TRUE,2025-01-16 12:58:49 +0000,2025-01-16 12:58:49 +0000,0800 138 1111,,FALSE,FALSE,TRUE,FALSE,www.stepchange.org,,,FALSE,
StepChange Debt Charity,,Leeds,,LS2 8NG,53.8016,-1.54405,,http://www.stepchange.org/Contactus.aspx?utm_source=MAS&utm_medium=referral&utm_campaign=Debt_locator&utm_content=Link&domain=http://www.moneyadviceservice.org.uk&WT.mc_id=800999,,"Call the UK's leading debt charity. We help change the lives of thousands of people every week. Get free, confidential advice and practical solutions to help you deal with your debts.",FALSE,TRUE,TRUE,2025-01-16 12:58:49 +0000,2025-01-16 12:58:49 +0000,0800 138 1111,,FALSE,FALSE,FALSE,TRUE,www.stepchange.org,Mae StepChange yn helpu i newid bywydau miloedd o bobl bob wythnos. Mae eu cyngor arbenigol yn ddiduedd a phersonol i bob sefyllfa unigol.,,FALSE,